data,d2m_mean,d2m_min,d2m_max,t2m_mean,t2m_min,t2m_max,u10_mean,u10_min,u10_max,v10_mean,v10_min,v10_max,slhf_mean,sshf_mean,ssrd_mean,sp_mean,e_mean,e_min,e_max,es_mean,ev_mean,RH_mean,VPD_mean,es_min,es_max,ev_min,ev_max,RH_min,RH_max,VPD_min,VPD_max,mes,tp_sum
2020-01-01,292.33032,287.50293,297.93408,298.39514,292.40723,304.44342,0.644311,-2.4471388,3.3549428,-1.1806227,-3.6085215,1.3181343,-5190156.5,-1131192.1,10752853.0,92805.695,-0.049809564,-0.0682904,-0.04232877,3282.91295882032,2231.015840290662,71.88765927463746,1.0518971185296588,2228.2761340683646,4561.906070009103,1632.416452676496,3121.2619218247414,36.53964134894314,99.43156572498896,0.0142927763851835,2.8716336170784045,1,0.0025149556
2020-01-02,293.15018,290.05664,298.02026,296.2227,293.14368,301.01556,0.92839646,-1.5898018,2.7603626,-0.35154232,-2.9055939,3.5939932,-3709580.0,-574247.94,5845968.0,92789.82,-0.035600573,-0.059099402,-0.028002048,2833.1161237738747,2339.0301400328926,83.32113342915851,0.4940859837409823,2332.5272982073066,3744.0396029234566,1922.3605593302184,3137.3620958946253,61.4974715151013,98.25768327654458,0.041482089491451,1.3665644119018812,1,0.20588546
2020-01-03,292.12375,290.4801,295.69635,294.09457,292.17126,298.1128,0.22906296,-1.4566832,2.797676,2.7337885,0.44650313,5.796789,-4036169.2,-1293665.0,6449201.5,93075.94,-0.03873483,-0.06044723,-0.03241387,2480.497921248312,2192.355165342403,88.94300952122917,0.2881427559059092,2195.7500240439363,3154.728958667237,1974.5777442902493,2727.7520028927465,70.34495843361975,99.41302044973804,0.0135257466561038,0.876932508343371,1,0.08868344
2020-01-04,291.8096,290.26575,295.14282,293.78906,290.89075,298.40802,-0.027207866,-1.5642328,2.371582,1.5438275,0.067335844,3.919671,-3440328.2,-1049553.0,6385541.5,92971.695,-0.033016585,-0.048126485,-0.028480679,2440.060865121672,2149.567697997714,88.75058716917736,0.290493167123958,2026.4002206278053,3210.703815078678,1947.9918712888573,2637.397111002356,70.99549354253088,98.30884099661014,0.0356933411773293,0.9066934466817284,1,0.13953137
2020-01-05,292.07367,290.44922,295.02484,294.11853,290.50977,299.16412,-0.4692615,-2.629037,2.1194086,1.0437077,-1.3165789,3.770456,-3861441.2,-1321383.1,7910228.5,92825.94,-0.037057977,-0.050179657,-0.03058219,2499.6526070170944,2184.6580684180544,88.79311008275751,0.3149945385990402,1978.281759529136,3358.040375024847,1970.727775092388,2618.4812427539377,69.84702102825852,99.74232255429574,0.0051570098125707,0.9584255248759128,1,0.09801416
2020-01-06,292.60648,289.88513,296.57727,296.0716,290.5703,301.8871,0.6669264,-2.6080837,4.352874,-0.9243997,-4.242835,2.5479593,-4712085.0,-1353329.9,9658569.0,92859.66,-0.04522154,-0.0610392,-0.03793142,2840.1499519396893,2260.9929846231435,82.1912705306706,0.5791569673165461,1985.86116687586,3938.7779433010905,1901.559473700915,2877.144453612318,56.2095546868321,99.16790506432552,0.0181533674654201,1.7091804949804827,1,0.030182984
2020-01-07,293.36472,291.00647,298.8623,297.97272,292.8286,305.6892,1.3093424,-2.4973984,3.7613301,-1.8722563,-4.1052303,1.1360025,-5346757.5,-1012444.2,10662903.0,93020.09,-0.05131245,-0.07077821,-0.043894954,3190.676863712182,2370.979557456039,77.15831642052945,0.8196973062561425,2287.414944059657,4895.555490505304,2041.218229138585,3298.533033372339,47.810690538435615,97.53705716992243,0.0632781859648057,2.418573433952629,1,0.009952707
2020-01-08,294.54526,293.16357,298.24243,296.99908,293.9707,302.11523,1.1404518,-2.1099634,3.2963645,-1.7174062,-5.0440865,1.2263803,-3768165.2,-742490.8,6537138.0,93098.32,-0.036162812,-0.051920645,-0.029946491,2968.466786284225,2545.620446940365,86.5689826861683,0.4228463393438603,2454.6785708629723,3991.194865865289,2335.4023338298966,3179.202340161572,68.0576887720753,97.50901515713568,0.0633278173199742,1.1808871708577535,1,0.1442614
2020-01-09,294.3096,292.7478,298.14038,297.27756,293.94727,302.39075,1.1711701,-2.1802979,3.1787338,-0.72262573,-3.043026,2.3317041,-3754885.2,-539903.7,6452597.5,93176.84,-0.03603537,-0.052268606,-0.029788548,3024.104896519157,2509.612378460167,84.22906438916671,0.5144925180589907,2451.141132944703,4055.304321449217,2275.968176247013,3159.9231910145822,61.96680753701546,98.05456119551503,0.0479526084910658,1.4054512545673197,1,0.04558182
2020-01-10,294.72287,292.69287,298.32947,298.19998,293.45215,303.29034,0.59439594,-2.791544,2.3109093,-0.5712585,-2.2666836,1.2336988,-4486540.5,-1118170.6,8994399.0,93149.69,-0.04305701,-0.05666016,-0.034441333,3207.7373825887694,2574.978737083445,82.3292364661408,0.632758645505324,2377.450024096222,4270.934900059838,2268.2158629032283,3195.7261876185844,60.05239264813259,99.79850557749702,0.0051711352593779,1.5903566992435108,1,0.018704917
2020-01-11,294.87982,292.479,299.39172,298.5379,294.03625,306.12158,1.420865,-2.0177298,4.0920153,-1.4520302,-3.7144098,2.478382,-4845941.0,-1086858.4,9166419.0,93051.086,-0.04650615,-0.06322905,-0.039810013,3270.4532211527567,2600.975155438108,81.31238111734376,0.6694780657146483,2464.596120980789,5016.223429109954,2238.2537680283967,3403.533317932788,56.16152370378973,96.996484622072,0.0879120259247765,2.079553301521832,1,0.071659155
2020-01-12,294.81555,293.35077,298.8186,295.94974,293.88763,300.0551,0.082700975,-2.1616364,2.5250227,1.1174529,-1.9481096,4.165243,-2916680.2,-564055.8,4660325.5,93267.16,-0.02799117,-0.044917695,-0.022338979,2776.337918333891,2588.87547148439,93.45665466053843,0.1874624468495014,2442.1610787868294,3539.221081351696,2362.603156062129,3289.993694087591,76.39334180569068,99.41883322457328,0.0152182532424885,0.7673781907961184,1,0.34751537
2020-01-13,293.26492,291.59326,297.1859,294.56195,292.67627,298.94226,-1.140752,-2.5945606,0.6389837,2.0250008,0.30314535,4.0715895,-3064452.0,-812637.0,4914513.5,93462.54,-0.02940933,-0.048286084,-0.022643847,2553.2352154393407,2353.0556932509644,92.5528631029544,0.2001795221883765,2265.877505207864,3314.206869040474,2117.8296938644585,2984.501772577669,77.2956678473707,99.43250377051776,0.0134166402567216,0.6496850680028824,1,0.07988
2020-01-14,291.7958,290.80377,293.57248,293.71298,291.18384,298.1532,-1.8626332,-3.4770184,-0.41616058,1.667861,0.6726438,2.9543781,-3073950.8,-487081.28,4087492.0,93490.94,-0.029500484,-0.052187182,-0.020421013,2428.188380160361,2145.908170597884,89.16594290833147,0.2822802095624768,2064.114505597232,3162.3389850665544,2015.3255355457693,2395.178451385637,70.51505292254355,99.20434876989928,0.0170450755430374,0.9131517335116256,1,0.11118947
2020-01-15,292.79102,290.13452,296.64667,295.90512,290.89746,302.4121,-0.56466526,-3.3278484,2.6967926,0.25320426,-2.4257307,2.782763,-4144782.8,-1196117.6,8891843.0,93273.586,-0.039777186,-0.05296169,-0.03165112,2818.3911896786944,2289.976824914878,83.73719300417609,0.5284143647638166,2027.2573264623627,4060.312485312089,1931.871996432988,2889.2119568258863,59.53946452018898,99.70532902452685,0.0061343820053766,1.6329217496359143,1,0.038843483
2020-01-16,294.58734,292.11707,299.0603,298.44562,293.80713,305.75684,1.1447,-1.4064798,4.4942055,0.24527927,-1.6593761,4.64003,-4692174.5,-1061877.2,9539684.0,93275.62,-0.045030463,-0.058363844,-0.03697121,3272.4600704433383,2553.415203802779,80.70660428451251,0.7190448666405597,2430.083314556081,4914.260484830597,2188.3380662824115,3337.46576479581,53.898776315259816,99.72766829935074,0.0068302273136364,2.0664866663389296,1,0.05306119
2020-01-17,290.96808,288.54956,296.6548,292.9114,290.54346,298.1101,-1.605461,-3.1945562,0.53257847,3.7629213,2.0638065,5.447171,-4176744.2,-559498.9,4329742.0,93728.06,-0.04008392,-0.078251526,-0.02909797,2304.9280212086965,2047.5342546904285,88.79171677150727,0.2573937665182682,1982.4961909559436,3154.2237246254203,1746.2297969551323,2890.6264378370306,72.43045504338497,99.0509507675946,0.023682854299197,0.7594704883280984,1,0.16336346
2020-01-18,290.21484,288.39795,293.22937,292.4926,290.0641,296.89795,-2.818578,-4.9682217,-1.2278643,1.8941593,0.449717,3.431507,-3436919.0,-989484.06,4955909.5,93796.63,-0.032983866,-0.056485336,-0.02587533,2254.1542559389804,1945.3543434717144,87.0326233620933,0.3087999124672655,1923.2681776751965,2933.2791289548363,1729.3228245662342,2344.931500238641,67.79222960880888,97.66197594852063,0.0499086629645789,0.925689175551472,1,0.040158678
2020-01-19,291.4988,290.0597,294.28467,293.74197,290.89636,298.2157,-2.343241,-4.7457247,-1.1778126,1.382398,-0.2732951,3.0988073,-2844536.0,-789634.75,4832724.5,93567.836,-0.027298812,-0.042066917,-0.02153569,2436.814497960713,2108.096303275337,87.40287558547793,0.3287181946853756,2027.117050996953,3174.142020291715,1922.732488539578,2502.4989506602333,70.85523577869378,98.56099179173388,0.030262212879526,0.8701544469357623,1,0.019739319
2020-01-20,291.314,290.04315,293.906,293.80807,290.99622,298.33887,-2.1865766,-4.7026453,-0.72300434,1.7113838,-0.2880277,3.9247427,-3635137.8,-1317622.4,7299485.5,93316.164,-0.03488616,-0.047343597,-0.027666466,2447.440429707667,2082.6746784733587,86.18954815290444,0.3647657512343085,2039.9014097742545,3197.5151571509045,1920.717389298836,2444.9246277747334,68.4233339423844,99.06686954209788,0.0190875051552861,0.9907032212343916,1,0.018064477
2020-01-21,289.56854,286.90063,293.51733,293.16617,287.78845,299.2599,-1.8407654,-3.6488638,0.39711857,1.735077,-0.04535389,4.354905,-4646535.5,-1531885.0,10282763.0,93060.06,-0.04459247,-0.058834013,-0.038207058,2374.514244953563,1868.5462587040936,81.15398943962711,0.5059679862494696,1662.7982779852912,3377.1166070766694,1569.9246932278984,2387.039519481992,50.29004237250015,98.27616915523907,0.0305818920534682,1.6787632344090728,1,0.004457302
2020-01-22,290.71915,288.97668,293.9026,293.12097,289.32434,298.75262,-2.0385497,-3.358451,-0.78073406,1.5035214,-0.5883932,4.355797,-3776327.8,-1301506.1,8158223.5,92965.164,-0.036241148,-0.049063567,-0.031891033,2351.6268606560684,2007.4000111768355,86.96572904661058,0.3442268494792336,1834.919046822425,3277.137828975202,1794.6447147634,2444.41027160424,61.04651016080367,99.65812651613724,0.0063957983757015,1.2200768140823677,1,0.012516747
2020-01-23,290.40402,286.49048,293.8534,292.91187,290.10315,298.1997,-1.736836,-3.2870674,-0.22386932,0.5413084,-1.1925325,2.2625554,-3399665.8,-544598.06,5578053.5,92848.41,-0.03262635,-0.042654626,-0.027414603,2311.111546229044,1971.4061799751587,85.90948434078537,0.339705366253885,1928.0356252205463,3171.1184402159565,1528.582940706437,2437.0177199828963,71.44362389559528,98.40531334624816,0.0332570885847048,0.8058830219447536,1,0.055100046
2020-01-24,291.01328,289.18872,295.37988,292.44934,289.76074,297.9165,0.2829015,-1.9280214,2.578679,2.0232618,-0.69452477,4.2589912,-2824171.0,-847357.5,5284415.5,92652.82,-0.027103368,-0.039993234,-0.02293025,2246.2508751713985,2046.167740293392,91.65576571998476,0.2000831348780065,1886.597129173483,3117.986924440713,1819.114572193028,2675.767329197788,72.47301201392885,99.63839612457788,0.0071956317927233,0.7236133524255445,1,0.05545943
2020-01-25,289.58163,286.35376,293.08484,293.23734,289.4828,299.12866,0.14581372,-1.8084307,2.4511304,1.9912357,-0.61547565,3.4315157,-4702943.0,-1481548.0,9279666.0,92952.586,-0.045133807,-0.059549373,-0.03781507,2381.146489367601,1870.2557997046515,81.40000245487116,0.5108906896629498,1853.536448094108,3351.0003972118943,1515.0169536563872,2324.043815341844,45.75452471398536,99.10775323655116,0.0174517884525846,1.8177660923038303,1,0.016129972
2020-01-26,288.27274,282.0398,294.66284,294.46005,287.33862,301.95667,-0.74623054,-3.0755453,0.7763548,0.119647585,-2.5958042,2.1742525,-5184610.0,-1153054.1,11098315.0,93135.85,-0.049756333,-0.06530197,-0.03857906,2621.4293910513165,1738.428875913689,73.57442715152489,0.8830005151376281,1615.1552617174098,3954.6997648000656,1137.8872234785251,2561.181859531871,31.051837928161028,99.95129001361316,0.0008246654799281,2.557704081177957,1,0.00079595397
2020-01-27,287.36072,281.71558,295.93237,296.16147,287.68445,303.9994,-0.30926237,-2.511941,1.8858299,-0.31802505,-2.524784,2.3239393,-5661046.5,-751954.06,12048495.0,93134.52,-0.05432866,-0.07444226,-0.042945623,2924.4888433961864,1638.7747793584856,61.806765729190666,1.2857140640377012,1651.674342495354,4447.873997615154,1113.22709158774,2767.096330318739,28.966210201568327,94.36012424188976,0.1083619879077564,3.023412104507438,1,2.120927e-05
2020-01-28,290.58505,286.30176,296.3401,295.80466,289.38586,301.51172,-0.7355841,-2.9075708,1.6154842,0.2081524,-2.83786,3.4261599,-4631358.5,-914067.2,10074288.0,93190.76,-0.04444682,-0.06258955,-0.03803388,2801.2915311250067,2005.1555360106208,73.8006786794796,0.7961359951143862,1842.1283790364416,3853.8455950758334,1509.8849262656029,2836.233063814521,47.36781330262567,97.45111089140744,0.0607641672573249,1.988949711662183,1,0.0072030844
2020-01-29,293.25778,290.87646,297.13977,297.1603,291.83875,303.06036,0.25860038,-2.357644,2.6110601,-0.82145697,-3.794447,1.361104,-4591670.0,-1281154.4,9989472.0,93277.18,-0.04406593,-0.056976743,-0.03300437,3038.6212274951663,2353.3886029129544,80.47150787620548,0.6852326245822118,2150.621510276203,4214.878926699193,2024.5779812929595,2976.241688054196,52.12066599559864,99.05917271866018,0.0213772446963644,1.999525462620898,1,0.015302242
2020-01-30,293.92868,291.94067,298.05518,297.71097,293.7588,304.54797,2.045395,-0.7341528,4.3264947,-2.8363907,-5.344062,0.67954063,-5112720.0,-1089542.1,9372414.0,93299.445,-0.04906641,-0.067698345,-0.040498156,3113.2045374059985,2452.331897440992,80.25709567492409,0.660872639965007,2422.856356769014,4589.124314103145,2164.367616912221,3143.904912994745,56.85117782203045,97.50341123103895,0.0717820780555375,1.8988275840851436,1,0.06761056
2020-01-31,293.8857,292.5752,297.23828,297.43747,294.203,303.75964,2.413605,-0.8817158,4.9251523,-2.9397497,-4.962124,1.6539392,-4187408.2,-425023.78,7002386.5,93279.51,-0.04018626,-0.059370764,-0.03226949,3051.9220518387624,2443.8719951268013,81.18947991542576,0.6080500567119608,2489.9825185744767,4387.344256172264,2251.68661885592,2993.900616297342,61.1171704180918,95.28896944171936,0.1181375112819982,1.6264666649488222,1,0.033202153
2020-02-01,294.15356,292.67065,297.99634,296.50467,293.48108,301.7798,1.0276709,-1.333394,3.4718757,-0.631968,-2.241581,3.0880089,-3808311.8,-577402.2,6677280.5,93344.055,-0.036548097,-0.050215606,-0.031036645,2885.5904939473007,2485.4749092180973,87.27260309971888,0.4001155847292033,2381.7018579033024,3914.334518418033,2265.0870689436138,3132.8850898034298,60.40251535707306,97.7489709721942,0.0551535209645589,1.4897048792370242,2,0.17446946
2020-02-02,293.80603,292.53845,297.16675,294.94675,293.0957,298.59674,-0.98755664,-3.1329489,0.9228278,0.6502968,-0.42017102,2.2346792,-2363407.5,-395638.0,3680294.2,93426.0,-0.022681454,-0.037170663,-0.018089922,2612.2701178882385,2432.356271852304,93.44922281663894,0.1799138460359343,2325.6082270219067,3246.9385890010653,2246.54721628501,2981.06856359796,78.52977423736917,99.54066870548256,0.0110789727100145,0.6188903896442539,2,0.183079
2020-02-03,292.92773,291.10876,296.164,293.6838,291.84204,297.05945,-1.0448377,-3.4849634,2.0636568,1.2725508,-0.8151083,4.5515537,-2102173.5,-302548.47,2715818.0,93393.586,-0.020174408,-0.037064854,-0.014873275,2416.0695850525344,2304.79181901705,95.4795110506867,0.1112777660354845,2151.0647933283644,2961.9107497803197,2054.3959969570296,2806.190470948375,86.71016861855914,99.53479258374932,0.0106669680750123,0.3480837978918885,2,0.4076602
2020-02-04,292.5238,290.7556,295.9657,293.98718,291.62122,298.37366,-0.56591976,-2.1406918,2.3749485,2.0698934,0.7386224,3.8504982,-2727549.5,-634525.56,4451953.5,93399.12,-0.026176099,-0.03865308,-0.019810973,2468.0176784854093,2247.3016125304976,91.68280118432,0.2207160659549117,2121.5415364405585,3204.144292074375,2009.2165512169568,2772.691394361028,71.7742234896255,99.54992131553595,0.0101176807539045,0.8274482552548025,2,0.12450974
2020-02-05,293.24966,291.71228,296.3246,294.66327,291.82837,299.2174,-0.19012289,-2.0265179,2.0271559,0.689835,-1.997941,2.851735,-2633402.8,-593187.06,4788942.5,93341.5,-0.025272578,-0.03537302,-0.02057941,2575.433315714545,2350.586603395705,92.00047435356863,0.2248467123188406,2149.226513092201,3368.6428315889148,2133.67302833723,2833.5768064779763,74.67517690277545,99.34362577845891,0.0143363573036144,0.79073304020166,2,0.16539772
2020-02-06,293.41772,292.21118,296.95312,294.68027,292.38745,299.36096,-0.9484442,-3.3531237,0.9614442,0.49961904,-1.7314014,2.790669,-2552706.2,-523194.6,4409768.0,93354.945,-0.024498142,-0.035933625,-0.019485697,2573.5537330980865,2374.818909928017,92.8063099302226,0.1987348231700686,2225.5340614337406,3397.353313914022,2201.222910678191,2943.0336883820173,74.60389043415091,99.81904420117104,0.0041326606471884,0.7952889522662494,2,0.21151426
2020-02-07,292.77994,290.2251,296.64673,295.3115,291.75195,301.12195,-1.203422,-3.778141,0.19736195,-0.037705593,-2.0131044,1.1743273,-3278905.8,-700877.06,6526574.5,93273.69,-0.031467427,-0.04234291,-0.02434134,2690.036616097193,2284.432839728552,86.60989139624087,0.4056037763686411,2138.9772115406645,3767.350925771396,1942.985872976483,2889.222589759913,59.1687516912946,99.79578669288,0.004559713342086,1.3408181915638062,2,0.08046592
2020-02-08,292.48306,289.0315,297.24512,296.47635,291.25183,302.1214,-0.49844158,-3.0524035,0.9434185,-0.5476722,-3.1245613,1.2260933,-4308300.0,-929434.5,8876463.0,93209.72,-0.041346446,-0.0518481,-0.029986924,2904.167841791405,2246.235704290927,80.4163479357598,0.657932137500478,2072.951286894682,3992.619569017241,1800.9420722748632,2995.129414595669,46.99079305150283,99.78423512744256,0.0046497515884161,2.087919396838505,2,0.033035222
2020-02-09,292.45834,289.8462,297.8495,296.88553,293.271,303.54175,1.4133506,-1.4580479,3.7416604,-2.603889,-6.17721,0.7397938,-4707098.5,-948373.75,8700637.0,93173.555,-0.04517369,-0.060942546,-0.037627228,2957.454905860401,2244.093632800653,77.13246923525605,0.7133612730597484,2350.977754902577,4332.955749779302,1896.8643095627056,3105.5285627708327,54.123820699977,98.7081511519056,0.0349836305438125,1.811405415703361,2,0.024139572
2020-02-10,292.31186,290.1266,296.8982,293.20273,291.0354,299.11536,0.073069386,-2.899434,2.766776,0.49718872,-3.5712519,5.2221384,-2275378.2,-75113.84,2258234.2,93413.62,-0.021836644,-0.045397073,-0.015691299,2346.983955237638,2217.652562249023,94.72942938759722,0.129331392988615,2044.9375661260983,3348.362222410912,1930.9010749145325,2933.3222283030263,80.39046981906324,99.64221311351638,0.0079730857532645,0.5388117143254699,2,0.5500487
2020-02-11,289.9224,288.6223,293.11853,291.22815,289.10657,295.14722,-1.66808,-3.2805853,-0.52415085,2.394634,1.2008013,4.2437344,-2473652.8,-273597.78,1984186.4,93567.914,-0.02373947,-0.0475742,-0.015596922,2074.35672769654,1908.395256073409,92.21161640829077,0.165961471623131,1809.5991520933176,2638.103992534803,1754.394449014547,2328.8982591825315,79.81528983994492,98.8900098871527,0.0240366382122142,0.5310693049767906,2,0.22786683
2020-02-12,289.49332,287.84204,293.30225,291.58752,289.41162,296.67126,-2.2056406,-3.8388643,-0.78022766,2.3099215,0.69048107,3.701789,-2821722.2,-421872.16,3881178.0,93534.77,-0.02707987,-0.044778407,-0.018922769,2125.155066145616,1857.5237570189213,88.06352304347895,0.2676313091266942,1845.1539571586995,2893.4998055575907,1668.5556632460325,2355.5258606902858,69.79867192571088,98.52310176266936,0.0298788902458227,0.8127539833720161,2,0.045874838
2020-02-13,290.51956,288.3954,295.95056,292.514,288.95325,297.6651,-0.3413924,-2.806593,1.6559715,2.0508907,-0.016619205,4.7640696,-3318097.0,-1125438.4,6825494.0,93441.25,-0.03184354,-0.042237237,-0.02573748,2264.8239832332024,1985.1045735470625,88.89981080550864,0.27971940968614,1791.957772497222,3071.4755530608345,1729.0381998655043,2770.1488195633447,65.60817649755583,99.7665318446808,0.0043197519536452,0.983506670994664,2,0.020655492
2020-02-14,291.01773,289.6842,293.6952,293.6349,290.2683,299.02014,-1.8151741,-3.9979105,0.19741154,0.9627189,-0.9449196,3.7594926,-4091543.0,-1288066.9,8434563.0,93446.72,-0.039266247,-0.04899957,-0.031312693,2432.1946800269648,2044.9601341911296,86.13741088481434,0.3872345458358351,1948.3079443457136,3329.5364799655304,1877.442164424225,2413.376875771131,56.89623900239365,99.4290374520168,0.0112611489875553,1.4351554466524576,2,0.018753367
2020-02-15,291.12534,288.82886,296.13086,295.2393,289.3473,302.49414,-0.11538742,-2.751915,3.7379007,-0.092515014,-3.7286997,3.2366228,-4610729.5,-991326.56,9804777.0,93310.79,-0.04424884,-0.057026856,-0.031885866,2730.517732002982,2064.5935302301405,79.90912859982423,0.6659242017728418,1837.605336881628,4079.594037764189,1777.7564965233971,2800.5672786437613,46.34608711710965,98.67077261548428,0.0322238082014196,2.1538093440722705,2,0.005107572
2020-02-16,293.59705,291.0929,296.8263,295.92886,291.62573,302.2127,-0.60407615,-2.4624424,2.2177153,0.43690658,-1.4601936,3.3698068,-4200153.0,-1382499.9,9183796.0,93245.31,-0.04030857,-0.051735587,-0.029795622,2807.323636348319,2403.4251577726445,87.79309044629264,0.403898478575674,2122.1418020927395,4013.774153828903,2052.3468303524487,2920.6534039200114,56.660086639743845,99.51557814164654,0.0115414858355406,1.7247988185570462,2,0.047914255
2020-02-17,294.33844,291.5653,297.63464,296.8121,292.83057,301.90552,-0.8507266,-2.7411785,0.77266407,0.3213362,-1.4053717,2.7442825,-4060390.0,-1212276.1,8948183.0,93249.21,-0.038967274,-0.050181106,-0.028450385,2948.0776682493456,2514.726139280742,86.97711317747826,0.4333515289686038,2287.6922270838086,3942.9903702945417,2114.1235538785963,3065.882334454528,54.56282427111677,99.85939628225915,0.0032576988790624,1.7605357624605749,2,0.05256643
2020-02-18,294.157,291.51648,298.49072,298.13242,293.62805,303.80902,0.4446453,-2.5047817,2.9941323,-1.4059068,-3.079053,1.1111698,-4853728.5,-969958.56,9880219.0,93257.375,-0.04658089,-0.060296677,-0.03403745,3208.884415732833,2489.599573600501,79.99266408308439,0.7192848421323323,2403.4050514219566,4399.751702882125,2107.6636044374422,3226.539121811564,52.806363920471526,99.59645589217246,0.0104772678775225,2.001220554954461,2,0.014215892
2020-02-19,293.86612,291.3849,298.68726,298.5836,293.7301,305.3805,1.1424263,-1.9605007,3.3974583,-1.7849531,-3.8752737,2.3870678,-5468350.5,-772543.2,9903044.0,93074.09,-0.05247937,-0.07181818,-0.0436048,3283.447400442053,2445.3734173610496,75.95393315774477,0.8380739830810032,2418.576548593228,4810.953279068103,2090.340247520868,3264.44423761118,55.77674314117437,89.3844121986168,0.2726998477743795,1.9442133926428904,2,0.010379685
2020-02-20,294.32318,291.65625,298.73352,297.55838,292.14,302.87646,0.6684354,-1.3240881,3.4147654,-0.5561423,-2.756052,2.1640434,-4271337.5,-1101180.6,8556781.0,93048.625,-0.04099172,-0.05396375,-0.034742814,3082.977193856203,2513.5076692658736,83.09298000965457,0.5694695245903298,2191.473777990937,4170.517960398084,2126.201559767688,3273.4236672679763,59.754386368542335,97.70994443151184,0.0615676694346216,1.6213423132726674,2,0.04300714
2020-02-21,293.93118,291.64813,297.7765,295.18512,293.0166,299.3297,-0.2665501,-2.2181578,2.227208,1.0789895,-1.1298742,4.4681463,-2517727.8,-478536.5,3785614.2,93182.03,-0.024162453,-0.04268864,-0.016655741,2649.1172411999,2453.381524709314,92.75126210359332,0.1957357164905859,2314.238995001296,3391.0852623747646,2125.1209991864307,3092.0078342213706,76.38419663849788,99.51648084356928,0.0118447055456649,0.6869201531541671,2,0.3129413
2020-02-22,290.80466,288.44202,294.96436,292.0943,289.51892,296.55847,-0.72000104,-2.462267,2.422103,2.344187,-0.4486881,6.461198,-2568935.2,-838803.06,3782002.2,93449.71,-0.02465389,-0.049650494,-0.018230448,2189.5030227482566,2022.1487673844515,92.40065544690002,0.1673542553638052,1857.80519178514,2873.8831144935257,1734.2221050403325,2608.8297378149005,77.36293907358099,99.7015153986232,0.006280804788957,0.5375987155009475,2,0.07579187
2020-02-23,288.64865,286.8888,292.02582,291.4362,287.88354,297.2445,-1.9245291,-4.1029224,0.44957447,2.1449049,0.14707708,3.4823437,-3640282.8,-1018243.56,5894950.5,93691.945,-0.034935534,-0.060492776,-0.024966458,2113.498360143321,1759.634296209955,84.41660399871022,0.3538640639333663,1673.0267285945708,2995.0196825173566,1568.717540737804,2175.909198052658,66.21326636477222,97.18429722576272,0.0521641209915533,0.923530257938358,2,0.026467102
2020-02-24,290.6259,288.3921,294.71924,293.25146,289.16418,298.96545,-1.8463516,-4.425395,-0.60584354,0.6169049,-0.7296879,2.4018908,-3214519.8,-809163.8,6211388.5,93470.85,-0.030849515,-0.046680275,-0.025759364,2378.3524350457915,1999.251410360664,85.49641527805903,0.3791010246851272,1816.2680754867167,3318.765646978144,1728.672314355633,2570.0356957144377,65.9346423193626,97.77161311661446,0.0420830905327227,1.036880012759429,2,0.02500632
2020-02-25,292.60568,289.64465,296.80884,295.51678,290.3954,301.96082,0.4323105,-2.51293,3.450467,-1.1716065,-3.644887,1.5234451,-3982588.2,-981924.7,8478511.0,93246.805,-0.038220614,-0.050120674,-0.029067844,2745.960082079233,2262.277193694699,84.75796371933693,0.4836828883845339,1964.0327218637735,3955.651260794219,1872.7266870869885,2917.584847709756,60.78630044647724,99.13327600997958,0.0185344976494311,1.4781762876408289,2,0.021685544
2020-02-26,293.44858,291.87195,297.20825,296.03098,293.06726,304.52136,2.416552,-0.85424614,5.6206474,-3.346715,-7.8396807,0.950243,-3906888.2,-383153.9,6364028.5,92864.44,-0.03749413,-0.05424828,-0.031137655,2808.6899316122467,2379.992491359534,86.04097967630442,0.4286974402527125,2321.514587512865,4582.18321386815,2155.090843817732,2988.507906084938,59.20528300574751,96.54284637026193,0.088397898688232,1.8692886742556551,2,0.050886225
2020-02-27,289.76846,287.4795,296.0525,291.72705,289.35767,297.22485,-0.36352453,-3.08605,3.5747647,3.3612862,-2.3338852,6.87759,-3646469.0,-272426.94,3481470.0,93233.54,-0.034994908,-0.057910707,-0.026923977,2143.9251647958736,1897.3223525821056,88.63402274803286,0.2466028122137681,1838.8210172273525,2991.4881899488205,1629.9443505955398,2787.309689125711,71.62818537179176,97.17753259841471,0.0604102201895375,0.6826447849690328,2,0.51513696
2020-02-28,289.31284,287.86414,292.3683,291.27817,288.58252,295.98718,-2.01254,-3.9263916,-0.4852991,2.279684,0.53226995,3.6914062,-2699274.8,-609577.06,3703002.2,93589.914,-0.025904747,-0.044950727,-0.01736191,2085.117316289796,1835.4639994450351,88.54035296859223,0.2496533168447607,1749.924399746655,2776.3037196409423,1670.9345379179806,2222.879446572699,74.68471730371964,97.28648749407346,0.0474844174313857,0.6528574682193798,2,0.050565973
2020-02-29,291.3544,289.6997,295.23828,292.63123,290.0381,297.01868,-0.6951726,-2.9820538,1.0697994,1.6367656,-0.15264273,5.203294,-2166112.2,-458611.72,3376506.0,93573.68,-0.020788025,-0.030669622,-0.016212668,2269.8444085147044,2089.8795205647634,92.51243897186984,0.179964887949941,1920.1005899874945,2954.659522802845,1879.2933597752392,2652.7895609372786,74.74562717804051,99.23262030635252,0.0154270258952453,0.6867016338674276,2,0.08963094
2020-03-01,290.44937,288.94128,293.77466,291.77682,289.50256,295.36328,-1.7460335,-3.6911135,-0.22843361,3.4070902,1.8636312,5.2617617,-2914951.2,-681091.44,3811872.8,93660.15,-0.027974581,-0.044739053,-0.021905035,2147.9725594772403,1972.801578719091,92.18537838035164,0.1751709807581492,1855.871650795196,2673.06439148005,1790.587676177504,2425.2267621051565,76.20476564935704,99.46460103331506,0.0101089719884278,0.5952524425257477,3,0.14498821
2020-03-02,290.7262,289.16614,294.2439,291.96893,290.01172,296.40625,-2.0596325,-4.3110313,-0.18397617,2.6674993,1.180079,4.7880583,-2829040.0,-515794.34,4198512.0,93614.76,-0.027150095,-0.039216533,-0.02291029,2175.301197932637,2008.501030630542,92.63727507488323,0.1668001673020946,1916.8930704216436,2847.5937431265734,1816.4945187703024,2496.243211805512,74.31550507717837,99.2713752227751,0.0148064559637691,0.6825526842992911,3,0.24080539
2020-03-03,290.5286,288.52625,294.86194,291.98773,289.1714,296.91058,-0.30879602,-2.4349136,1.3154802,2.3888261,-0.32427043,5.136711,-3253985.8,-931968.0,5685315.5,93415.21,-0.031228269,-0.042328577,-0.025240509,2185.125710075156,1984.612128415505,91.57764164650564,0.2005135816596507,1817.1032080702048,2935.5102483503238,1743.6203516239027,2592.5585038159898,71.61727104996443,99.5130759505385,0.009289110652372,0.8272869657494293,3,0.18626799
2020-03-04,289.41,287.99792,292.72034,291.9478,288.31763,297.16418,-0.19085322,-1.9822598,2.200488,2.043012,-0.16270435,4.3974,-3324781.8,-1006995.06,6602007.5,93412.69,-0.031907693,-0.043574717,-0.02594386,2187.099569901908,1847.6698061390805,86.0756147244889,0.3394297637628277,1720.4241381290042,2980.609606785341,1685.4030474023857,2272.089118636923,62.70846297887095,99.7631137166256,0.0041483492205229,1.0507551424102932,3,0.022215774
2020-03-05,289.28738,287.68213,292.84515,292.07098,288.11633,297.58844,-0.56226856,-2.1810856,1.718813,1.8488802,-0.9489517,4.780655,-3879202.0,-1532921.1,8706802.0,93558.84,-0.037228428,-0.04686834,-0.028893078,2206.8035820159184,1833.253929877612,85.13548375382969,0.373549652138307,1698.300010113194,3057.414248272415,1651.4270216065163,2289.7641174586006,58.02332438934786,99.66267868760691,0.0060610920984258,1.2220022223231728,3,0.009280162
2020-03-06,288.85165,285.98242,292.3197,291.81473,288.4414,296.99146,-1.0939002,-2.965557,1.2080803,1.9938864,-0.24903417,3.966197,-3862562.2,-1489802.4,8294454.5,93566.16,-0.037068732,-0.047072645,-0.030835517,2168.8929258740595,1783.9876463846558,84.23524317821825,0.3849052794894036,1734.1541647010886,2949.826790488495,1478.7041804095106,2216.162360045824,53.389221534149065,99.36826688453654,0.0112964701654377,1.2992251662410363,3,0.009687704
2020-03-07,289.1073,287.22778,292.54517,291.89783,288.04895,298.33765,-1.5274512,-3.3327284,0.2400198,1.180103,-1.1665554,4.202323,-3742190.2,-1411754.5,8444266.0,93401.625,-0.035913534,-0.04660532,-0.029763645,2191.3402280367677,1812.5667967922543,85.39259533157504,0.3787734312445128,1690.9501061367666,3197.28277395826,1603.6019169556134,2247.4855404721216,53.30174162156815,99.74373770334256,0.0044837549825012,1.409429500809136,3,0.0026881506
2020-03-08,289.79968,287.09338,293.96106,292.4034,287.75073,297.92566,-1.5598775,-3.4971457,-0.08788395,0.9226375,-1.1608295,2.9575999,-3605702.2,-1283069.8,8485466.0,93384.99,-0.03460367,-0.04585346,-0.028707474,2259.835506878119,1897.69990957306,85.60493330156409,0.3621355973050587,1658.7562997311338,3119.6922768708914,1589.6904464800075,2453.2225209411517,62.28694346282538,98.6247274349928,0.0244257057489046,1.1619481877265387,3,0.013502514
2020-03-09,291.5212,289.5453,295.84497,293.55045,289.8202,298.87006,-1.4532212,-2.9007063,0.01569271,1.007377,-1.2267914,3.1552162,-3715100.2,-1429189.6,8358369.5,93559.04,-0.035653554,-0.04600533,-0.028203169,2418.577949062223,2113.17223573581,88.80524214755502,0.3054057133264134,1893.7349687477224,3300.049714935144,1860.9256716543343,2752.46904985938,61.33845967669852,99.4664389308996,0.0104885380653133,1.2150218037886875,3,0.013955588
2020-03-10,291.19937,288.74658,295.6062,293.88547,289.5016,300.02722,-1.2402885,-2.874279,0.4695921,0.93754435,-1.8827543,3.4204965,-3935089.2,-1330674.9,8939131.0,93579.26,-0.037764776,-0.04957879,-0.029337697,2481.907722001321,2071.64941950766,86.11143002701158,0.4102583024936615,1855.756271480337,3533.422139775046,1768.417765391999,2712.8542901947844,50.45316542160289,99.75794723002048,0.0046373073447816,1.7482498896957257,3,0.0073669413
2020-03-11,291.2174,288.96863,295.1518,294.10178,289.3291,299.63843,-1.5950509,-3.3636646,0.15298367,1.1060055,-1.2130051,2.9957523,-3971497.8,-1308802.4,9072752.0,93479.99,-0.03811418,-0.051420756,-0.030782219,2515.4172899414766,2073.346375918548,85.12949973762777,0.4420709140229285,1835.476025197471,3453.4524904943933,1793.7206791236931,2638.8405039943605,54.68272997401245,99.74227969399443,0.0052784824314312,1.515137195405567,3,0.001931843
2020-03-12,291.484,289.82617,294.55432,294.58667,290.5432,300.11652,-1.3987347,-3.1894083,-0.010497093,1.0642966,-0.8274803,2.9792137,-3876967.2,-1218191.4,8344622.5,93527.52,-0.03720698,-0.049962256,-0.030514834,2588.5608015904536,2106.771875194419,84.15191302049007,0.4817889263960344,1982.4656232530867,3552.0156817054844,1894.4544619948024,2544.220120692892,54.67383770099571,99.50642846018955,0.0103487411362511,1.5915327222140323,3,0.0017166093
2020-03-13,291.82162,289.09814,294.66382,294.79828,290.4922,301.4027,-0.65520513,-2.6364317,1.794811,0.63418555,-1.4492836,3.2851481,-3820798.8,-1250844.6,8324187.5,93546.0,-0.03666793,-0.048499364,-0.02887388,2629.703726833184,2152.487764022834,84.98617665795105,0.4772159628103501,1976.0860514879364,3829.482323980773,1808.626051527172,2561.3349449611324,47.66558590383728,99.60205158654668,0.0083929993289284,2.0041371371714534,3,0.0019090546
2020-03-14,292.58987,289.42322,296.2699,295.43515,291.70953,301.27612,-1.3895569,-2.773409,-0.21040821,0.8891432,-1.2048359,3.037531,-3796957.8,-1395474.1,8165886.0,93594.28,-0.036439132,-0.049107328,-0.030301617,2722.4308251723687,2258.018475795399,85.47459261615289,0.4644123493769697,2133.3062433914283,3801.3592612821,1846.5176096142936,2824.224090290929,48.966605362727705,99.6535753065815,0.0075822716735906,1.938726938177677,3,0.006122643
2020-03-15,292.6521,289.2959,297.47046,296.7046,291.89783,302.34705,-0.34519947,-2.6755657,2.223589,-0.42567563,-2.9180298,2.0824432,-3948442.0,-1004067.3,8548191.0,93454.06,-0.037892915,-0.05157701,-0.030435842,2954.6219467631963,2268.8476907449563,80.36410589674404,0.6857742560182402,2158.57994644576,4045.075844205632,1831.5945520756509,3035.8837810384657,46.392773322970505,99.25096989071264,0.0169982543011265,2.1434331772637805,3,0.0032297717
2020-03-16,293.12802,290.70435,298.1449,297.10022,291.89343,302.50574,0.5417961,-2.0876198,2.8302708,-0.8134249,-2.5036936,2.289011,-3961163.0,-1052660.0,8613055.0,93332.38,-0.038015,-0.053539038,-0.03200056,3012.8238315735107,2337.873313092027,79.74199994988517,0.6749505184814839,2157.987108046268,4082.326289801752,2002.7305706423788,3160.7742865329465,53.93265244287258,97.82414428988749,0.057995385258011,1.801909368610768,3,0.017672593
2020-03-17,293.66696,291.71313,298.0443,295.65762,292.42944,300.56207,-0.37225917,-2.3211412,1.3091908,0.5718128,-1.5234003,3.555212,-3350892.0,-1038723.25,6917336.5,93405.586,-0.032158274,-0.04393988,-0.02723526,2738.50483815396,2413.636175596546,89.0423132179946,0.3248686625574142,2231.360270155356,3646.0763195702025,2133.7871504993423,3141.867583287893,63.691896821269054,99.63866642592622,0.0092535991272943,1.323418993899543,3,0.14037722
2020-03-18,293.16287,289.99,296.47717,295.6933,291.75256,301.15497,-0.72778517,-3.6385794,1.6579666,0.51697075,-1.1814909,2.5951695,-3931416.8,-1159482.5,7925469.5,93384.34,-0.037729528,-0.049230084,-0.03038665,2764.3527666466384,2338.9605779259136,86.88046383062044,0.425392188720725,2139.058904685692,3774.612130658093,1914.253376110409,2859.8161214074566,52.50868041086338,99.75293371968073,0.0055847733594346,1.731340764005087,3,0.022570582
2020-03-19,293.68704,291.8302,296.94092,296.55923,292.27124,303.4037,0.69026035,-2.3175564,3.647025,-0.8524292,-2.6655254,1.4993988,-3125688.8,-682385.2,5928708.0,93034.49,-0.02999701,-0.045564875,-0.023427473,2901.146621603646,2415.864048697168,85.09541653191148,0.4852825729064782,2209.479902855467,4298.799681748026,2149.47263133358,2940.873157176704,60.08626946655588,99.66438485372062,0.0080134399598382,1.6040998624054632,3,0.053690776
2020-03-20,293.31857,291.38208,297.15662,295.53268,292.79688,300.06488,0.8736119,-1.8339243,3.395751,-0.44956398,-2.1193447,3.9526424,-2735981.8,-313379.9,4407003.5,92842.71,-0.026257023,-0.04251345,-0.020005966,2711.95234582109,2361.289617769857,87.54998877848404,0.3506627280512331,2282.9132257217084,3541.253310231172,2089.9720059383035,2979.254952271679,70.74626840407154,99.21884892598132,0.018345284300035,0.9643154594425304,3,0.14889263
2020-03-21,291.5229,288.8401,295.4436,293.37326,291.39978,297.21167,-1.6725088,-3.713727,-0.17380047,1.9202541,0.8403648,3.2384815,-2921658.8,-752232.25,4202443.0,93148.875,-0.02803895,-0.04588416,-0.021868419,2370.6680699175067,2114.3299885239767,89.56522150862249,0.25633808139353,2092.294481623422,2989.1212814006053,1779.0345766629334,2686.1640876843694,71.20764503084338,99.56250926990496,0.0102081389538166,0.7700076259312032,3,0.092061624
2020-03-22,289.40085,286.8463,292.8075,292.32773,288.62927,298.32312,-1.789987,-3.4085398,-0.0318861,1.8592466,-0.29538548,4.0672045,-3596072.8,-1212689.4,7637248.0,93563.69,-0.034511253,-0.048802793,-0.02792081,2242.838620449721,1846.978223160987,84.56587518110241,0.3958603972887345,1755.1770524053547,3194.5185477066075,1564.3934456555492,2284.418703845057,52.138239329625016,99.8336273194158,0.0030593672234581,1.4429287469173004,3,0.006003913
2020-03-23,288.66373,286.11597,292.28638,291.94962,288.12976,297.89368,-2.2716224,-3.9653225,-0.5427418,1.7246176,-0.8018408,3.994938,-3740241.2,-1177272.1,8005184.5,93800.97,-0.03589483,-0.05245169,-0.030384667,2189.522719017058,1761.8926025776825,82.53035826647306,0.4276301164393757,1699.7680178201322,3113.738464094637,1491.6741724202343,2211.5652170647422,52.46292340057109,99.21863606482196,0.0134758092459583,1.3516179579683605,3,0.0038685016
2020-03-24,288.1848,285.31543,292.10693,291.48645,286.73193,297.45435,-2.4294674,-4.162464,-0.7023859,1.4128937,-0.5744273,3.0950122,-3638201.2,-1113534.1,8466838.0,93742.125,-0.03491556,-0.04999653,-0.028306998,2134.834791242076,1710.3259856075474,82.4650579391362,0.4245088056345283,1552.8028006897282,3032.953575009529,1415.4004653335028,2186.95493644087,49.54816580739706,99.17377119858868,0.0141794489882638,1.4623394688261913,3,0.0021572132
2020-03-25,288.18976,285.12354,292.22473,291.6052,287.06628,298.18414,-2.1116273,-3.6845808,-0.9139681,1.1143391,-0.88255787,3.2664857,-3772265.2,-1254931.4,8554055.0,93584.625,-0.03620216,-0.050893255,-0.031205896,2150.832408154213,1709.9559642203733,82.28503579418451,0.4408764439338399,1586.898310832765,3168.178062686561,1397.6358459265168,2203.08339923234,49.125746796216205,99.67994618253994,0.0051100237243097,1.465872203642379,3,0.002547383
2020-03-26,287.66232,284.4839,292.4762,291.59976,285.67615,298.3971,-1.5899315,-3.3190384,0.10673237,0.9313118,-1.4986258,3.1125238,-3844549.2,-1185134.6,9242908.0,93512.12,-0.036895864,-0.051340096,-0.03236384,2169.752328804821,1655.9611934375023,79.87951651653195,0.5137911353673184,1449.3329051049743,3208.617010436641,1339.8306702866828,2237.862750923833,43.36708439966098,98.66557129879232,0.0219192852561375,1.7651375595835297,3,0.00047404837
2020-03-27,288.60226,284.5454,293.41394,292.2778,286.60376,299.11652,-1.7994437,-3.949235,-0.29712868,0.5437795,-1.4782495,3.2197995,-3664733.8,-1076754.1,8770632.0,93483.055,-0.035170186,-0.04917012,-0.03075786,2260.452350894258,1760.1690867613863,81.48543333099782,0.5002832641328714,1539.9042199215603,3348.592082809734,1345.2974530206775,2371.844935409751,41.60961981136481,98.58438359772384,0.0220547496094318,1.9108382604716612,3,0.0024235097
2020-03-28,290.3755,287.6631,295.00916,293.52356,289.0276,299.62396,-1.4327179,-2.9951668,0.14863205,0.2153148,-2.0022717,2.7217464,-3330420.2,-1008712.06,7823482.5,93567.96,-0.031961806,-0.044582795,-0.027000709,2432.0287777637755,1966.9856992128125,84.05019607987626,0.4650430785509629,1800.4926208041402,3450.50794876084,1649.3976185333763,2615.975279079134,49.02057889846342,99.66622996689188,0.0061808293349897,1.7333288664596478,3,0.007914081
2020-03-29,292.24286,289.7693,296.30054,294.2101,289.87244,300.26764,-0.59910494,-2.4424257,1.4125319,0.43764412,-1.2610703,3.0439558,-2949771.2,-1048565.06,7165416.5,93656.35,-0.028308747,-0.0386486,-0.022708217,2520.8651302640137,2209.968272440847,89.50471561719259,0.3108968578231664,1900.0276411901489,3583.678492674255,1887.621644864165,2829.4607807669463,59.4779258847543,99.80477383413196,0.0039403042054732,1.4113401473815557,3,0.067708045
2020-03-30,292.3209,290.8324,295.58826,294.3623,291.54907,299.39935,-1.0109508,-2.3016634,0.30934143,0.98920345,-0.9311619,3.3286982,-3359188.2,-1091032.2,7002708.5,93584.9,-0.03223789,-0.041231062,-0.02657444,2531.880338795087,2218.567217524569,88.89996346276854,0.3133131212705177,2111.973694387045,3405.0675772488944,2018.964583694161,2709.8973898806357,65.98307813661536,99.64356206866856,0.0083346445062416,1.1241691134920566,3,0.055460684
2020-03-31,291.4623,289.36194,294.8446,294.05023,289.62927,299.2873,-1.0381263,-2.421053,0.25753117,0.84368855,-1.1137991,3.523447,-3396840.0,-1007282.25,7743097.5,93428.48,-0.032599233,-0.042787164,-0.027242787,2499.9511741480296,2103.898758643599,86.38459307964574,0.3960524155044304,1870.8957032062576,3382.59305058839,1839.3217969149916,2589.813430403868,60.62941235157338,99.53719832254627,0.0098828260704458,1.3097636641063242,3,0.0068330313
2020-04-01,291.3165,289.57117,295.21033,293.97165,290.2318,299.25635,-1.5350288,-2.969408,0.0038824081,1.0348172,-0.9252043,2.948598,-3571127.0,-1195782.9,7886111.5,93469.13,-0.034271855,-0.045510713,-0.028429475,2489.4209309480093,2085.5814796817817,86.34361915487234,0.4038394512662274,1943.8119094842311,3376.409747991193,1863.992843204824,2648.2739241189465,55.528078992370354,99.90307645156264,0.0019500736218674,1.4999075692408896,4,0.0020014541
2020-04-02,291.97073,289.83813,295.71765,296.11197,291.47058,302.22925,0.71980387,-2.4692297,4.568203,-1.3519106,-4.078169,1.7150071,-4031014.2,-1013833.56,8042114.0,93291.12,-0.038685355,-0.051178485,-0.032026667,2860.4421610476784,2171.088068441019,79.69264826860974,0.6893540926066595,2101.6070600351327,4017.616750870212,1895.8941691589864,2731.282629834995,51.57612546372682,99.37207346520242,0.013586596322551,1.8905293947555908,4,0.0038873365
2020-04-03,290.5624,286.0321,295.28418,295.92148,290.36853,300.6095,2.2654183,-2.110139,5.5356026,-0.5556662,-3.9479437,5.0989623,-3713603.8,329806.47,5667813.5,92831.914,-0.03563919,-0.057595056,-0.028244808,2783.941927632788,1992.2232423248404,72.05677590643258,0.7917186853079481,1960.700262385483,3656.214968001045,1483.5177503292591,2660.218515299593,48.36895700459514,84.08064910022475,0.3944917499531759,1.821946330391623,4,0.012954233
2020-04-04,287.1641,284.79395,290.60126,291.6603,286.3672,297.81995,-0.82400346,-2.4229584,1.1852732,1.5896225,-0.32293785,3.9624245,-3495127.0,-1053572.0,7550158.5,93180.02,-0.033542484,-0.050163656,-0.027992968,2157.2713271443267,1599.8338164123686,76.04273992918719,0.5574375107319584,1516.3446170702891,3100.0507448560365,1367.5821300192908,1989.7447570016625,49.1457554646085,92.95462232865393,0.112424290792836,1.5375063691598554,4,0.002578249
2020-04-05,288.44586,286.69922,291.44983,292.0105,287.16223,299.20886,-1.5994458,-3.12988,0.03584671,0.6609575,-1.3430347,2.8442202,-3549244.8,-1272815.4,8542447.0,93462.875,-0.03406185,-0.04857942,-0.02875398,2227.818831633376,1736.9247699548705,81.64787109943241,0.4908940616785054,1596.8034331132192,3366.940584190939,1549.5015857451149,2098.8737486015566,47.66179540280559,99.30168799413876,0.0113470128387371,1.7608860337958403,4,0.00026689353
2020-04-06,289.62915,287.1173,294.91895,294.50113,287.25183,302.73804,-0.13004744,-2.5554113,3.2041502,-0.53950244,-2.5811625,1.6480703,-3706229.2,-867667.44,8726193.0,93413.836,-0.03556842,-0.04977531,-0.02717171,2652.888556793392,1877.7296603329169,77.38160126889657,0.7751588964604749,1606.1023386140469,4137.395076189081,1592.159167744673,2601.604307174313,40.52909083936184,99.71645426640578,0.0046607470632652,2.4605464673771245,4,1.15598605e-05
2020-04-07,291.7548,290.2605,295.2561,293.2538,290.5448,297.02386,-0.11141888,-1.8538418,1.6490412,1.7972509,-1.1349354,4.1858873,-2130246.0,-584323.6,3761632.0,93417.31,-0.020443818,-0.03555694,-0.016297536,2354.5150511191614,2142.5410792329003,91.42782361798112,0.2119739718862613,1982.664320722255,2955.5813451328963,1947.3448146319909,2655.672046435405,71.79567351210407,99.39609397761711,0.0134984786355053,0.7679820498139345,4,0.042059723
2020-04-08,288.84482,287.3282,292.5913,290.708,288.58606,293.9004,-1.5045387,-2.7813435,-0.38721657,2.8145316,1.7259653,3.6693316,-2678001.5,-622731.44,3096507.2,93558.54,-0.02570059,-0.0506095,-0.016645346,2006.716855319344,1782.2505168367488,89.03722592709637,0.2244663384825951,1750.32163593937,2444.0796641714232,1614.0642494223837,2253.9436954086677,72.76488232950648,98.79113201447348,0.0239753711261423,0.6321811711306075,4,0.065291315
2020-04-09,285.75522,282.74207,290.43274,289.81638,285.91003,296.39185,-1.0496548,-2.3877926,1.4100342,1.8292161,-0.90370274,3.413992,-3475218.0,-1282539.9,7946493.5,93509.445,-0.033351418,-0.049059726,-0.027396165,1916.5333317105567,1462.9329323942527,79.05597921442507,0.4536003993163045,1471.7154139254735,2845.116997353937,1192.9612086613554,1968.6761430092067,47.4748249185493,99.54755028620671,0.0067267615886119,1.3457276616438143,4,0.012645483
2020-04-10,285.91168,283.79883,289.64795,289.56735,284.3861,296.48975,-0.9868447,-2.5205202,0.75055313,1.1615633,-1.605113,3.5750828,-3290817.2,-1387156.9,8161364.5,93444.38,-0.031581737,-0.04476871,-0.026523061,1902.9583310539665,1474.7704719444882,80.99861714692486,0.4281878591094782,1331.1826656092087,2861.98769828218,1280.268081156243,1873.119245594771,46.476609504627376,99.8154266433551,0.0025108745663378,1.4774637224096496,4,0.0005993587
2020-04-11,287.27298,285.13208,290.7151,290.1055,286.49707,295.58582,-1.4122477,-2.723279,-0.0013914108,1.6889178,-0.017666876,3.6566343,-2790597.2,-1274443.0,6875652.0,93506.5,-0.026781164,-0.039257985,-0.020841988,1950.863378074304,1611.6114983039924,84.45007431494987,0.3392518797703119,1529.2397086025796,2709.4953087996378,1398.422692785634,2004.0880130073692,53.53326905687611,98.61238128214389,0.0219219360004365,1.2539546086729916,4,0.0075363363
2020-04-12,287.1034,284.8003,290.28186,290.56247,286.7295,296.4026,-1.8208824,-3.1795406,-0.44936085,1.417676,-0.73839283,2.9597778,-2952101.0,-1397373.8,7104260.5,93677.65,-0.028331101,-0.040364783,-0.021816576,2010.1605249561733,1593.1376504428583,81.72716532365163,0.4170228745133149,1552.5562277902377,2846.963883082808,1368.1555208791258,1949.9793648018988,49.37292179694908,98.86827616996096,0.0182532556002463,1.428788182395846,4,0.0022576277
2020-04-13,287.19962,284.68518,292.09192,290.83694,285.31616,297.74353,-1.5906178,-3.1978626,-0.12496281,0.8555315,-1.1952353,3.2455559,-2959650.0,-1135869.6,7977253.5,93615.47,-0.028403549,-0.039892845,-0.022842927,2068.55027837844,1606.6429735246925,81.34847718849493,0.4619073048537475,1415.4686484607882,3085.920055255154,1357.7901395678962,2184.906649015368,45.69025798853204,98.76043664886208,0.0184713719149597,1.6550991536560864,4,0.00035287076
2020-04-14,289.5529,287.22375,294.3285,292.35324,287.9773,299.6306,0.7448297,-2.6602316,5.2876577,-1.9577147,-4.8790073,1.9182873,-2140489.5,-548541.5,5039231.5,93155.6,-0.020542126,-0.03431015,-0.015559934,2254.2890876005963,1866.1601932870308,84.8245406617038,0.3881288943135657,1683.1648848677364,3451.861916786645,1603.1833997270276,2509.238254572175,59.49571839270212,99.21972399304404,0.0141879234644952,1.3677978339322665,4,0.012684661
2020-04-15,288.49896,284.39355,294.18042,293.66843,289.18457,298.935,2.3639317,-1.3915796,4.076792,-1.6581106,-3.3985834,2.9324713,-3081696.8,-501990.38,6756118.5,93221.03,-0.029574824,-0.041540593,-0.02395034,2436.7146669794306,1754.0933836349568,74.68394765505633,0.6826212833444737,1818.6327998526008,3312.78037815211,1331.839517906723,2486.5310244291886,42.711454916696525,98.22762055862226,0.0329411763190178,1.8384571276854615,4,0.004201143
2020-04-16,287.70273,283.84717,291.93677,292.26108,286.44238,299.08374,-0.042808264,-1.7699337,2.4275808,0.5091424,-1.7201109,3.6707296,-2707627.2,-1031434.5,6972190.0,93689.195,-0.025984906,-0.035863534,-0.021772768,2247.389043234045,1661.2648914734784,76.5904658503335,0.5861241517605663,1523.7984779118672,3342.1008152442787,1284.393103665105,2163.83940234203,43.17015583712351,98.66108037817644,0.0240200392228855,1.8993106850695485,4,0.0008357555
2020-04-17,287.2304,285.2611,290.28906,290.40536,286.81274,295.4657,-1.4703312,-3.3922749,0.22087383,1.9739213,-0.16167992,3.5614338,-2484181.8,-1538090.0,6143501.5,94000.06,-0.023840513,-0.037736803,-0.01657867,1980.4827976787171,1607.0040867482155,82.57390530275534,0.3734787109305019,1560.98384038348,2689.7773484724103,1410.3516070908652,1950.868290107514,58.69382761437918,98.63783339881977,0.0212632005235243,1.083797310066186,4,0.0011615524
2020-04-18,286.91452,284.69043,291.53406,290.05386,285.58887,296.02258,-1.3118507,-3.2559757,0.9530659,1.9142256,-0.05892521,3.8804264,-2381274.5,-1265493.0,6275356.5,94020.695,-0.022852922,-0.035571497,-0.017264903,1952.4383490048676,1577.6123259468648,82.93237187121791,0.3748260230580026,1441.0574860548847,2782.2648385371817,1358.2612820941345,2109.987187008852,49.65566075103533,97.93607905714222,0.0327065622751804,1.3804469502498211,4,0.008969868
2020-04-19,288.11584,285.4452,291.8506,290.76907,287.3302,295.7317,-1.6413779,-3.8584013,0.1473608,1.6584324,0.32048118,3.170354,-2342185.5,-1015756.0,5598206.5,93983.26,-0.022477787,-0.034272235,-0.0156173445,2029.5061192309863,1701.9618261958417,85.64215231332086,0.327544293035145,1614.2747451450823,2733.611591826125,1427.525487424782,2152.214419219213,54.21059202244073,99.64502927340152,0.0057464358547699,1.2115466812484856,4,0.01762164
2020-04-20,288.06372,283.59546,292.19922,291.311,287.73328,297.14868,-1.444807,-3.5784683,0.21898365,1.0617656,-1.0569,3.0340347,-2495494.8,-1320327.4,6314467.5,93835.18,-0.023949087,-0.033783652,-0.017664906,2108.957128970536,1698.8405116471956,83.49949972402688,0.4101166173233406,1656.888667625184,2977.8353286448632,1263.0414591236838,2199.581463442554,44.48564300651595,99.716485873121,0.0048842292507674,1.5782490951222214,4,0.0061629764
2020-04-21,287.6391,282.27368,292.11182,291.292,286.46606,297.8235,-0.87208575,-2.186141,1.090548,0.69948035,-1.4307661,3.3395405,-2683272.2,-1325960.9,7495132.5,93677.21,-0.025751173,-0.035574935,-0.019251838,2116.523998094059,1654.4218682938774,81.81715470188372,0.4621021298001818,1526.1526293326967,3100.706731395673,1155.9747280749625,2187.6214092267887,37.91282461041989,99.3631294727012,0.0103767024371913,1.907872577004984,4,0.0009994712
2020-04-22,287.59692,281.79688,291.67944,291.01025,286.12415,297.51184,-0.8259893,-2.1204996,0.7747021,0.73049283,-1.5774307,3.497777,-2547508.2,-1370763.4,7209091.5,93581.06,-0.024448255,-0.035138886,-0.017290717,2079.285344659092,1649.8451974531847,82.93075777972068,0.4294401472059075,1492.471740455711,3043.4204375870377,1119.3659669687154,2129.2915339572687,36.779866269683055,99.57217795352317,0.0066612413540933,1.9240544706183225,4,0.00095041597
2020-04-23,288.1122,284.06592,292.26685,291.1477,286.3319,297.79382,-1.3210895,-2.61802,0.5528364,0.985712,-1.3997259,3.6681201,-2417211.0,-1523375.9,6938861.5,93591.31,-0.023197802,-0.03313266,-0.015694376,2096.343371525564,1704.165193806739,84.4850891206061,0.3921781777188248,1512.8586707496245,3095.2137697932785,1303.2067068664394,2208.8748123560144,42.83138031267132,99.30891873102377,0.0117960454458316,1.7638696096030868,4,0.00304711
2020-04-24,288.85165,284.8142,293.6577,292.65604,287.69043,299.2931,-1.8561157,-4.280633,-0.16805649,0.39065325,-1.4698572,2.2598014,-2489297.8,-1334792.6,6955814.5,93720.98,-0.023889612,-0.033883076,-0.015793674,2312.5614272522216,1787.0162409141428,81.21691789471076,0.5255451863380789,1652.3123204347655,3383.7527582915536,1369.4133113398325,2407.8063203588326,41.85117417167653,99.60662339569711,0.0064998100986042,1.959601301238651,4,0.0010447316
2020-04-25,289.29825,285.02808,293.66858,293.37814,287.79053,300.12512,-1.0956296,-3.1169233,0.6606598,0.16593368,-2.1146317,2.6713765,-2429014.8,-1021533.06,7590561.5,93825.07,-0.023311082,-0.03297521,-0.014507354,2422.7924151424945,1841.6282981541528,80.36789524247503,0.5811641169883418,1663.0209034267746,3553.8121865846856,1388.872121975635,2409.4200752747024,39.639633328101546,99.67117507168764,0.0061345119920074,2.1327406376852225,4,0.00012632177
2020-04-26,288.65787,283.6931,293.5542,292.72867,286.92285,299.84985,-0.4342308,-2.212328,1.3274243,0.66550756,-2.5030022,3.1772451,-2508842.5,-1314050.9,7443495.5,93922.836,-0.024077183,-0.036458142,-0.0145935295,2327.342450673638,1771.8880772072705,80.54554795103302,0.5554543734663674,1572.1918659781186,3496.7413793425667,1271.287871769411,2392.47779535446,36.74220760802937,99.62421806782088,0.0071646818786591,2.197733993530028,4,4.1099294e-05
2020-04-27,287.94998,283.1953,292.81628,291.8152,287.65784,298.04602,-1.44179,-3.315689,1.117363,1.6726042,-0.60822964,3.5983992,-2267549.5,-1544848.6,7391125.5,94099.13,-0.02176151,-0.034297742,-0.012176983,2180.607669530294,1689.4055512210969,80.70034329456723,0.4912021183091974,1648.8386176572926,3142.187985539581,1229.742193765451,2285.66527540924,41.8337830990903,99.67668774962286,0.0059271186064806,1.7420807667599278,4,0.00022679582
2020-04-28,287.5601,283.08228,293.0747,291.88983,286.35266,298.8855,-1.5910164,-3.8258467,-0.09369278,0.21177672,-1.3902063,2.1779392,-2154604.8,-1334420.4,7237195.5,93992.305,-0.020677587,-0.033072557,-0.011167704,2207.622303798136,1649.7788724183747,79.2265249569156,0.5578434313797613,1514.908371954738,3303.0729534033626,1220.4768635167045,2322.5857015922406,39.993630071929566,99.7793223472948,0.0036163053667899,1.8879520387627555,4,0.000121464196
2020-04-29,286.22635,279.9702,292.98413,293.01913,286.35815,300.52893,0.2841796,-1.8683271,2.24587,-0.79994005,-2.8847246,2.2619734,-2471339.2,-1356053.2,7570008.0,93835.18,-0.023717266,-0.03749831,-0.013316698,2380.1504566468534,1534.643986535493,70.88584685442889,0.8455064701113604,1515.4513489813378,3639.005598997203,988.4053633974364,2309.586129568981,29.431866806611254,99.80875298977529,0.0035141738600802,2.4087994161744968,4,0.0001660665
2020-04-30,284.9791,281.7788,292.82324,293.57648,286.00732,303.3164,1.2202494,-0.7179973,3.2925568,-1.2402302,-3.816947,2.7330759,-2475194.8,-956835.56,6867376.0,93626.24,-0.023754267,-0.046902537,-0.011827129,2476.292746638765,1398.2106698974912,60.585407557774886,1.0780820767412738,1481.1151569964195,4277.328158977694,1117.9991967274095,2286.652567774493,34.10398318761369,92.24172387931004,0.1587845879065569,2.6953997005754884,4,1.0288046e-05
2020-05-01,287.9432,283.99316,294.13354,293.25168,286.97266,299.73132,0.36755076,-1.7515411,2.1578827,0.26952612,-1.6844797,2.7607455,-1935144.5,-1139255.4,6519282.5,93725.84,-0.018571442,-0.033025533,-0.01014945,2390.320352114621,1695.30602763593,73.14591871070009,0.6950143244786916,1577.2847923655477,3472.414565131893,1296.9227226711405,2479.380228124231,38.50054033927928,98.8617002648074,0.0241181294452189,2.12097622532716,5,0.0049868547
2020-05-02,289.65262,284.81738,293.96216,292.23672,287.92432,298.7876,0.7022497,-1.6023026,5.7729864,0.5149165,-1.7735386,4.415412,-1774043.6,-1305907.4,5435316.5,93567.49,-0.01702537,-0.02802565,-0.00966311,2231.344243100743,1881.240139358002,86.75258691489233,0.3501041037427408,1677.429150786152,3283.9467872667765,1369.7003184680202,2453.388361814622,43.12641020320818,99.75894583319445,0.0049051537457789,1.8063125052613425,5,0.031654347
2020-05-03,285.9942,281.19263,290.7395,289.68036,285.83057,294.89746,-1.1780089,-2.835472,0.9934416,2.2208283,0.15641773,3.6665993,-2406374.2,-1437503.6,5856644.5,93723.445,-0.023093801,-0.043057967,-0.0151302405,1893.231523173076,1489.1220956564491,80.56417252316804,0.4041094275166264,1464.0765991384378,2598.1919395893856,1074.4445633648202,2007.17611508823,44.40710289270007,98.33354987305702,0.0246428517507777,1.373182489961474,5,0.015311366
2020-05-04,285.03973,282.0327,289.54565,289.072,283.70093,296.59814,-0.963515,-2.765257,1.3117495,0.3598548,-2.2422934,2.7360053,-2110553.8,-1436082.0,6617876.5,93581.56,-0.020254834,-0.03735823,-0.013295164,1852.9204540381024,1394.4149244001894,79.78318731797437,0.4585055296379127,1271.9496306541064,2880.7696071746795,1137.3436058508432,1860.9690440661093,41.4185020987993,99.82709730509384,0.0023055253353638,1.612855544289503,5,0.0007168971
2020-05-05,283.62943,275.38403,290.9751,290.9617,283.63354,299.57635,1.0919621,-1.8058119,4.788618,-1.1718625,-3.039834,1.5592213,-2404511.2,-1153248.2,7154772.0,93322.56,-0.023075921,-0.04084652,-0.014675459,2135.459689133103,1287.36046693922,69.55252005270701,0.8480992221938829,1266.2519331664605,3440.8325436946234,717.3277219032802,2037.1917391330276,21.61846691706856,100.0,0.0,2.6288292384491405,5,2.1785454e-05
2020-05-06,285.14786,280.34595,292.86792,292.55704,287.3651,301.23022,1.5824399,-0.6705765,4.8050656,-0.61461073,-3.0142603,4.9623795,-2281650.8,-515989.0,5555232.5,93285.12,-0.02189684,-0.043932624,-0.012728675,2303.0460225756133,1418.4245845052344,64.4234942671692,0.8846214380703791,1617.9271775688098,3791.206930294989,1014.1789934274126,2293.000943056071,36.813314828888096,98.85993415056136,0.0209344303320781,2.24270865881476,5,0.01968405
2020-05-07,285.81564,283.6925,290.92474,287.44098,285.3811,292.2517,-0.69906896,-2.9337292,1.4912653,3.1657333,1.2858644,5.365803,-2747006.8,-490223.4,2708953.8,93767.4,-0.026362829,-0.04555699,-0.019771477,1630.8946628947126,1467.522814014317,90.15143124678023,0.1633718488803957,1421.5257322105022,2206.791724748124,1271.2361846418369,2030.743569484357,72.89067393618714,99.18319252336693,0.0142527307611908,0.4914465424914885,5,0.21956685
2020-05-08,284.79507,281.32422,289.3225,287.59647,284.2296,293.78198,-1.0776193,-3.371707,1.5384665,1.7158023,0.32292688,3.2345953,-2316120.8,-992657.56,5127812.5,94098.1,-0.022227643,-0.03779299,-0.015963277,1661.8700640123495,1371.774102078766,84.68971416424638,0.2900959619335836,1317.443889116872,2426.3214810532504,1084.0895325802712,1834.7048639313252,48.34715387673844,99.48657601939816,0.0069908181100427,1.1679512588831429,5,0.023096267
2020-05-09,285.02927,281.3855,289.6974,288.7416,283.55054,296.02698,-1.7705388,-3.8728008,-0.17249584,0.036189705,-1.7281313,1.6768613,-2458058.5,-1062866.9,6928421.5,94077.22,-0.023589812,-0.03513973,-0.018496636,1807.686822232736,1394.6450089997486,81.14002253741202,0.4130418132329871,1259.2639721078997,2783.005621117877,1088.6069970506617,1879.016307291569,42.49712376739774,99.76729441446795,0.0033760012278612,1.4742393339807034,5,0.0006375079
2020-05-10,284.58087,280.62012,291.09668,289.551,282.04102,298.01685,-0.38613,-2.9335957,1.4081631,-1.182808,-3.581458,1.2028265,-2495389.8,-783009.94,7143640.5,93902.18,-0.023948077,-0.035840347,-0.018225355,1932.6493969447545,1357.901839491931,76.11026053105394,0.5747475574528232,1137.9809738245017,3136.72218108984,1033.3586541269815,2052.835314729652,37.15482540691767,99.8563738399502,0.0020321673200505,1.7961578319139693,5,9.606469e-06
2020-05-11,284.50488,280.0205,290.82446,290.42496,282.91675,299.62573,0.48347786,-2.2426863,2.81184,-1.7856902,-3.966527,1.1787052,-2595747.5,-652598.3,7213591.5,93778.414,-0.024911202,-0.03859819,-0.017788528,2043.4657649496517,1350.8069477697802,71.44498960777658,0.6926588171798712,1207.0201410002808,3450.868133450808,991.8213567621108,2017.9553146391136,39.31150636859567,96.21726202772356,0.0504240170861467,1.869752384295706,5,8.700298e-07
2020-05-12,283.84015,280.18628,291.4912,291.05344,282.53784,300.4756,0.5951353,-1.9977217,1.9608688,-1.7811819,-3.7458754,1.0613308,-2641994.2,-529485.75,7215141.5,93598.72,-0.02535503,-0.040151525,-0.01795881,2133.391072367724,1294.3777037791344,66.12544725434866,0.8390133685885899,1176.70803861948,3627.649894159248,1003.154822575275,2104.327390305927,33.373242599036395,92.83309066947064,0.1016075554423275,2.1225887533951626,5,1.4519688e-05
2020-05-13,285.1824,281.5514,293.0796,291.7576,284.50488,300.87524,1.2653582,-1.5616055,4.1976466,-2.1634102,-4.838647,1.3838043,-2078273.1,-180639.23,4894230.0,93360.66,-0.01994504,-0.035228297,-0.013564578,2205.375677019012,1412.7424098732372,67.26863691667792,0.7926332671457749,1341.6941138243026,3713.484951141531,1100.9200350198182,2323.2883068007154,43.51032977785314,93.01155903461644,0.1284102642806224,1.8331114881205823,5,9.645013e-05
2020-05-14,288.61166,285.9701,292.90845,290.19797,287.89038,295.2539,0.81619114,-1.6140337,2.8317358,0.34079695,-2.2088099,4.2556763,-926289.06,194703.52,1312898.6,93479.945,-0.00888953,-0.019727444,-0.0054264995,1944.0077336240165,1758.1230020898736,90.70070134967106,0.1858847315341425,1673.7641493115102,2655.316523261399,1477.5117901514257,2298.7729478359047,69.56931694505595,99.50398923875753,0.0084430256717994,0.6532258916746642,5,0.108833805
2020-05-15,287.27234,286.2495,290.8302,288.8313,287.1632,293.26514,-1.7472973,-3.7119865,-0.38109398,1.8698055,0.2846322,3.0098429,-1777084.5,-454636.22,2420380.8,93780.88,-0.017054554,-0.02525897,-0.013276516,1783.4491057304874,1609.8285443614284,90.82790554162686,0.1736205613690588,1596.9045276587124,2350.125843121772,1504.7442239660736,2018.6850494260148,70.21419434756197,99.62016313898432,0.0065219519021079,0.6422198521801242,5,0.08659805
2020-05-16,287.04764,283.78442,291.18518,290.09036,286.8053,295.60175,-0.47658125,-2.407402,1.8877362,0.75231266,-1.1350441,2.7575474,-2116733.5,-835175.8,5121732.0,93663.03,-0.02031414,-0.027131883,-0.0151989395,1949.8058163257936,1588.4507907277396,83.68564343402063,0.3613550255980536,1560.2284148702977,2712.1198302070934,1279.0411684666915,2064.2886994374603,49.2178459176974,99.62734221926696,0.0064189918312513,1.319693385267167,5,0.007933748
2020-05-17,284.3611,277.43408,290.20508,289.3817,283.2251,297.01245,-0.40522966,-1.6021185,1.0875082,-0.14629675,-2.5927505,2.155051,-2463160.5,-788112.75,6496459.5,93728.56,-0.023638776,-0.033211526,-0.01821847,1889.981215031212,1346.6364750129987,76.88313441427034,0.5433447400182132,1232.19389987041,2953.553668231959,829.0614861564554,1940.5246128238105,29.45240789033657,99.83000601653656,0.0027172850893589,1.98585771923888,5,0.00046893043
2020-05-18,284.27847,279.30103,290.3589,288.8466,281.64307,296.81396,-0.6560556,-2.146616,0.9247637,0.34088317,-2.4510508,2.6143131,-2414489.0,-799558.0,6617200.5,93927.57,-0.023171678,-0.033723276,-0.01896662,1844.1177183776863,1334.086287112601,78.21212874430556,0.5100314312650859,1107.776965861116,2918.4858090908874,943.9317254388632,1959.5048191614612,35.034732133217666,99.5527319179455,0.005583486520979,1.8899198269555384,5,2.9491637e-05
2020-05-19,287.51495,284.3589,292.21802,290.2424,285.9287,296.25098,-2.2340631,-4.277773,-0.43207836,0.5154227,-1.3562098,2.2005835,-2073969.9,-908582.0,5903692.0,94130.15,-0.01990374,-0.026571155,-0.015644312,1979.160755668708,1639.5457404019369,85.76521785389382,0.3396150152667711,1473.5157965348176,2820.994518139927,1328.7838148157202,2202.1613631137247,48.119388328115576,99.84429984963698,0.0022942663108276,1.441082677358731,5,0.002597639
2020-05-20,288.32974,283.42358,293.0891,291.7013,287.14978,297.7162,-1.4905782,-3.1778593,-0.11452103,-0.2210781,-2.1873617,1.9734535,-2174790.5,-860035.2,6295640.0,94064.23,-0.02087131,-0.027430331,-0.014228385,2168.7155469488503,1730.5192158633774,83.1833855370242,0.4381963310854728,1595.5149712361542,3080.877416258297,1248.6422625772127,2324.6589232487145,41.510148788231184,99.47704677376537,0.0097804997735181,1.7813971991680997,5,0.0007067301
2020-05-21,287.40414,283.41406,293.28125,292.12314,285.66602,298.96582,-0.2884227,-2.4064417,1.8286009,-1.1383783,-3.0073824,1.1684918,-2112818.8,-638568.56,6318480.0,93854.12,-0.02027657,-0.028034233,-0.013571514,2245.504993013212,1634.697402422242,77.23593081908471,0.6108075905909693,1448.3701197872103,3318.83767163501,1247.8488283760505,2352.469252316973,39.55566767790707,99.65382936995832,0.0062926304726092,1.9372941678893536,5,0.0004542112
2020-05-22,286.23413,283.5183,292.67114,292.8613,286.35107,302.05017,1.0026704,-1.5023222,3.450581,-3.1885033,-6.0021257,-1.5420027,-2430331.0,-260610.42,5944344.5,93534.055,-0.023323715,-0.037898045,-0.016111635,2366.8953268296077,1510.6744147247207,67.62616028813004,0.8562209121048867,1514.7515438140713,3976.184940561448,1256.560175306078,2265.1557929262344,42.34438680091626,93.87807224810707,0.1346772904919257,2.078636123665224,5,2.323622e-05
2020-05-23,287.8735,283.96545,292.60468,293.03842,289.6206,299.06567,2.7401364,-0.0011584163,5.8270025,-4.5063972,-8.027068,-1.7090406,-1860608.4,912735.0,2406829.8,93265.414,-0.017856123,-0.038139362,-0.010135584,2325.7583884706446,1685.7238433596565,72.83655482982765,0.6400345451109882,1869.8646515091932,3338.52746708918,1294.536358981156,2255.817549220292,54.73168737507629,90.35998028400978,0.2062261769957792,1.1271304845304613,5,0.006774396
2020-05-24,282.0671,280.11298,289.5692,288.14847,284.20886,294.81396,3.4172773,0.8175683,5.2468185,-2.4271476,-3.5127249,1.1413841,-2340152.2,-535838.25,4052945.0,93540.27,-0.022458276,-0.057070374,-0.012175733,1715.871388273901,1147.17841075385,67.55891152411259,0.5686929775200505,1315.6314719090894,2584.9674534676064,998.1291974355318,1863.761203656013,51.54915005017439,86.5290993730682,0.256491962128506,1.172786882366362,5,0.0005903624
2020-05-25,280.61935,278.11,285.9934,287.49255,283.01343,295.635,3.367979,1.1717306,5.268902,-3.3097992,-4.9713783,-1.3074913,-2445860.8,-879499.5,6127220.0,93308.29,-0.02347275,-0.057101097,-0.013267595,1657.2508015274386,1038.284613779831,65.46958448717601,0.6189661877476076,1214.8638335414964,2717.6073342429577,869.1343657722804,1479.767420226195,40.37380906123127,89.20175196206614,0.1328766841778631,1.5958737426941247,5,0.00016627865
2020-05-26,279.5513,275.49963,284.65112,287.38364,281.75244,294.70056,3.109556,0.35484856,4.4045134,-1.6602273,-4.035619,2.9876213,-2611732.2,-206601.58,6578112.0,93289.46,-0.025064606,-0.060562313,-0.0141684525,1647.2830671947352,964.827700477756,61.27654447777763,0.6824553667169794,1116.007094195251,2567.100614887352,723.2537610388866,1354.7366883337866,33.8629541186544,89.4790679509111,0.1174143480432939,1.4509709699707605,5,3.25938e-05
2020-05-27,280.4496,276.26782,286.36255,286.5222,279.79883,293.76874,0.99283296,-1.7600183,2.6497762,0.065897405,-2.6512918,3.694425,-2100408.5,-667085.5,6529459.5,93536.32,-0.020157471,-0.043242905,-0.01238536,1571.7777196336974,1030.8411126537303,68.4043833770822,0.540936606979967,976.8423740931848,2424.342180864096,763.7466273369041,1515.885853953397,36.99291532299999,93.08828453279324,0.0930406615310572,1.45535705590736,5,1.1281331e-05
2020-05-28,282.30478,278.03174,286.24243,286.01907,280.4984,292.99683,-1.2052411,-2.813117,0.9403324,0.53254354,-2.2349062,1.8373508,-1610953.1,-1294029.0,5951326.0,93841.87,-0.015460203,-0.028325986,-0.009100039,1522.7634377052311,1163.4316479313195,80.97655510177425,0.3593317897739115,1024.8056212974384,2311.4043170261034,864.409250514819,1504.0487736825175,37.85053639875683,99.89604041987704,0.0011637457952103,1.419334476147955,5,7.4071955e-05
2020-05-29,282.99832,278.70386,289.083,287.87006,280.4419,297.77344,-0.87570304,-3.0495014,0.80115986,-0.53694206,-2.8079042,1.5346766,-1693646.1,-826957.94,6321793.5,93833.15,-0.016253803,-0.029141687,-0.009548974,1769.542643136189,1224.1984250774065,77.30426096609214,0.5453442180587829,1020.8549531096462,3091.4437098554977,905.7473855089564,1806.878447183917,29.29852426623331,99.7193610558954,0.0030329373009149,2.1856963243465417,5,1.2659485e-05
2020-05-30,282.51788,277.2666,290.5713,289.4675,279.87354,298.97644,0.75664735,-1.201891,2.663414,-1.3822412,-3.3090677,0.934906,-1859356.6,-832899.75,6344760.0,93677.27,-0.017844113,-0.030235412,-0.010496363,1956.073849625108,1189.2028914391667,69.60750722511362,0.7668709581859412,981.867876256847,3320.926981365865,819.3882197226933,1985.9836241127744,26.375105822177268,99.70756951833698,0.0034359757989864,2.33252637962308,5,1.308373e-05
2020-05-31,280.99524,276.97974,290.34448,289.6213,281.74634,299.81946,1.6468115,-0.41317725,3.4826946,-1.6985389,-3.51443,1.444644,-1985855.9,-533736.44,6431932.5,93602.164,-0.019058118,-0.037716243,-0.009777601,1952.9673185242843,1069.5171059694671,60.31123635918957,0.883450212554817,1115.546406091052,3490.48893349296,803.051359591016,1957.720412890888,27.48247282035371,89.92057817726162,0.1503176864451014,2.1820010397272807,5,5.46058e-06
2020-06-01,282.8902,278.54248,293.22412,290.17377,282.3296,299.7992,1.2285893,-1.2024431,3.0133696,-1.178773,-4.2904997,3.4382515,-1953697.4,-435743.75,6137785.5,93507.76,-0.018749494,-0.037798006,-0.008952986,2020.913841912801,1227.9628650507016,64.26243148232695,0.7929509768620991,1160.335740519413,3486.3260671765465,895.6658093685562,2344.170038556172,39.0516721925078,99.50985728945705,0.0089712098543509,1.8945257649951932,6,6.256379e-05
2020-06-02,287.5557,283.19873,292.56836,289.49,286.1183,294.90076,-0.100114904,-2.2464514,3.6724586,0.57629603,-2.617156,5.1988134,-1188127.6,-849437.06,3894656.2,93559.49,-0.011402376,-0.017773528,-0.005968913,1866.5476030475947,1645.0570762683362,89.33384210760481,0.2214905267792587,1491.9003103007003,2598.715172947328,1230.0233184175197,2250.72967054658,52.84928558625174,99.83698785770488,0.0028050721789993,1.2185668693979494,6,0.029380089
2020-06-03,288.12555,287.01123,291.5205,289.38266,287.26733,293.86072,-0.9714584,-3.0327692,0.2844801,0.48787808,-0.6715802,2.481103,-1032279.25,-300179.66,2043068.5,93773.68,-0.00990671,-0.014177073,-0.007493572,1850.496005159272,1701.4547781887966,92.66589140326302,0.1490412269704753,1607.7161037147214,2438.117104399365,1581.2392855993812,2108.1958935952966,72.16562894777788,99.53648360279738,0.0076227781727677,0.6245198470343865,6,0.19009347
2020-06-04,289.25186,288.21246,292.50476,290.42157,288.47083,294.68152,-1.6937007,-4.0515575,-0.39729118,1.1541206,-0.32197744,2.6583252,-1177470.2,-310028.44,2317647.5,94014.24,-0.011300098,-0.015421218,-0.0075597223,1976.112003259791,1828.452516185506,93.1854224046894,0.1476594870742851,1737.4315528452707,2564.1110087220086,1708.8342414664382,2241.84372368658,67.60209631543371,99.539556924424,0.0081165608920791,0.8279236134744778,6,0.044261333
2020-06-05,289.80655,288.64062,292.96582,291.81702,288.78577,297.13055,-1.2584242,-3.6900349,-0.2478571,-0.26195392,-2.2986937,1.460604,-1437965.5,-336830.34,3046560.0,93950.34,-0.013800053,-0.01714285,-0.0071411626,2169.222055657944,1894.044023179359,88.97143035889376,0.2751780324785844,1772.860046617018,2974.594256099753,1756.4545906346457,2306.965953672166,61.29052540876275,99.5524999623206,0.0083096099350593,1.1093389364216246,6,0.03955424
2020-06-06,288.269,286.14978,293.41064,293.2914,288.57837,299.7373,0.8066254,-2.2206755,3.0938196,-2.6722019,-4.8564224,-0.7454548,-2014820.0,133405.58,4456359.5,93641.195,-0.019336082,-0.02600286,-0.01201254,2396.93355563892,1720.530092415909,74.29830769045661,0.6764034632230111,1749.4587755101254,3473.638626007798,1494.9740138394077,2371.361972816611,50.5714008135301,97.60878928184836,0.0456775354963735,1.632314100493208,6,0.0032166685
2020-06-07,289.08502,285.05835,293.04968,292.13437,289.30835,297.79114,1.8137096,-1.0544262,4.001404,-1.6660781,-3.4015684,1.4466333,-2037389.6,-87132.1,3990699.0,93747.16,-0.019552683,-0.028497944,-0.011870668,2207.3722888213074,1812.873661700616,83.69839510568848,0.3944986271206911,1833.0492581758024,3094.7168852234195,1391.646153526813,2318.9877745934004,51.58357072262037,99.54206828823494,0.0086859392491517,1.3564480680398443,6,0.31149834
2020-06-08,288.13565,285.11597,293.68237,291.08627,285.8009,297.6563,0.9620655,-1.6491985,3.667636,-0.5132627,-1.600688,1.8345621,-1808886.5,-503257.75,5053318.5,93723.44,-0.017359754,-0.026067065,-0.011515867,2102.3438018333827,1709.899733364827,84.20248410190361,0.3924440684685559,1461.2342059094174,3069.8605621027377,1396.9392501553032,2411.4703666174146,59.33031531456606,99.97683670455064,0.0003420108623531,1.2035041667064847,6,0.01725282
2020-06-09,289.98355,287.16162,295.27148,293.03003,287.88416,300.42456,1.0042846,-1.5359106,3.1061072,-1.5814152,-2.872573,0.7069893,-1837451.4,-387460.62,5023496.0,93537.47,-0.017633889,-0.023855407,-0.009850502,2366.650787598813,1919.5899933288367,83.94849902577808,0.447060794269976,1673.0925581087424,3616.816900803955,1596.7402518822446,2658.1618767045065,59.0784155186766,99.61679698143332,0.007362212436865,1.3438333246520684,6,0.0037878028
2020-06-10,290.07816,287.52722,294.99988,294.00735,288.8523,300.57428,1.195605,-2.3019953,3.9625177,-1.9899482,-3.7802162,1.4778204,-1887512.1,33375.207,4655985.0,93419.47,-0.01811432,-0.024337143,-0.009987655,2501.4952086457542,1929.421420658574,79.56805333414,0.5720737879871801,1780.4247104175397,3648.6836597722654,1634.9821642850782,2614.4941419997026,52.16611351499508,94.2694557868208,0.1053646138654421,1.6669298103138968,6,0.00091079244
2020-06-11,288.1888,285.7528,294.5415,295.1005,290.38428,303.8319,2.0658886,-0.90409565,4.509288,-2.7867925,-4.3043804,-0.09842968,-2771676.8,681378.0,5652109.5,93450.164,-0.026599584,-0.036145765,-0.018897243,2673.431606020785,1711.5914836930476,65.92770265345659,0.9618401223277372,1962.6536925326984,4405.513364952674,1456.6358783948465,2542.2232819435053,45.44661877229402,87.89674737229511,0.3355535699799757,2.369741363073347,6,6.586918e-05
2020-06-12,287.7289,284.9497,294.36304,294.03458,287.47998,302.6809,0.8099423,-0.971076,2.0938063,-1.5847005,-3.4047832,0.28696156,-2341131.8,13211.083,5866024.0,93487.37,-0.022467673,-0.032948524,-0.015035034,2530.134323102925,1663.3632292528157,69.0877872212238,0.8667710938501089,1629.995819107042,4123.792384249878,1381.7135752669026,2514.562062629336,42.80668993398154,90.84209482065428,0.1553751027021544,2.0606488662033478,6,1.2448584e-05
2020-06-13,287.4429,284.63477,294.11426,293.84103,287.07715,303.57568,0.9985058,-1.4497538,3.8790402,-1.6697959,-3.4591818,-0.067788124,-2327380.2,-204375.98,5799664.5,93620.04,-0.022335703,-0.033823974,-0.01651725,2509.5618299212742,1632.47312725745,68.77603216515017,0.8770887026638241,1588.0171618224451,4341.387474700922,1353.2723082972152,2476.4432127793584,43.624778567386585,90.192317792244,0.1574379713154926,2.2260419248339964,6,8.569717e-07
2020-06-14,287.38724,285.07172,292.74414,289.59793,286.66833,295.57104,-1.3701137,-3.8942518,1.6498852,2.900589,-2.4610891,4.8467903,-1656755.4,-516887.1,2765907.2,94191.68,-0.015899763,-0.029217506,-0.00807323,1875.0250809034376,1628.6470314652497,87.16030530279234,0.2463780494381876,1546.3908104404636,2707.0638326694893,1392.872530511053,2275.450633080556,61.24204113734309,99.3329433948078,0.0125145661301276,0.9582214174817048,6,0.037660804
2020-06-15,287.0176,284.60962,290.77356,289.3125,286.63855,294.42078,-2.564106,-4.798272,-0.9033241,1.4736413,0.23598164,2.9991856,-1861846.6,-797936.06,3456784.2,94412.24,-0.017868008,-0.029027047,-0.01224585,1848.0722228874529,1585.7560522005235,87.04114028148545,0.2623161706869291,1543.3959037212128,2523.4822660107184,1351.0238174389144,2011.4909990059325,54.19372929998132,98.55271358878495,0.0258957226415361,1.1419284759168784,6,0.028824503
2020-06-16,287.79587,284.53064,291.5398,290.32132,287.08777,295.79242,-2.142622,-4.560521,-0.9981127,0.41226053,-1.6632166,2.020291,-1806641.5,-877580.2,4944430.5,94365.79,-0.017338209,-0.024639832,-0.013876546,1975.8734221777213,1667.4231525487749,86.48709073838229,0.3084502696289468,1589.111541015991,2743.7069372110727,1343.9832014230851,2110.74606519391,50.59936937230754,99.46133649287545,0.0095561699437359,1.3121431853192598,6,0.0035321356
2020-06-17,287.37692,283.8318,291.43616,290.75217,287.04565,296.68768,-2.1403253,-4.377615,-0.8110008,-0.4958082,-1.9183178,0.93556166,-1882185.0,-844147.8,5201507.0,94172.07,-0.018063195,-0.026020113,-0.014536246,2036.151734475225,1624.680162528003,82.65677261640876,0.4114715719472225,1584.775660280416,2896.365017725591,1283.079327468118,2097.074684672315,47.09345613231468,99.50093338875148,0.0088430520371241,1.4440808617978762,6,0.00036018877
2020-06-18,284.60266,281.73352,291.2002,290.3245,283.599,298.78296,0.5190959,-2.572157,3.1100225,-2.4705088,-4.73207,-0.45636368,-2124057.8,-413086.4,5735708.5,93867.82,-0.02038443,-0.034955036,-0.014409973,2008.6578560509708,1357.4897948558205,71.1508398520392,0.6511680611951506,1263.3395657445506,3283.042968279415,1114.5795073198333,2066.237382635625,44.95126373854553,96.80291353747592,0.0539215096328489,1.6612146857103225,6,1.5333651e-05
2020-06-19,284.82736,282.62878,292.45435,291.42447,284.7798,301.2268,1.3075966,-1.0488319,2.890994,-2.319239,-4.2998047,0.16392803,-2276096.8,-183358.8,5848438.0,93791.48,-0.02184354,-0.03759873,-0.014842269,2157.1440131998984,1376.3869515353572,67.20667015786987,0.7807570616645414,1366.3037902561762,3790.451853973165,1183.9214174684614,2234.821665805951,43.674185759605805,87.68063615196199,0.17304094629484,2.076614764557835,6,2.6619675e-05
2020-06-20,285.1724,281.78735,292.41187,291.78043,284.44092,301.4944,1.111013,-0.98607635,3.2915807,-1.8178107,-3.3342466,0.3847313,-2111658.8,-293350.78,5905622.5,93871.29,-0.020265438,-0.034222648,-0.014183599,2223.4189264995102,1410.5085820854658,67.71993639729584,0.8129103444140441,1336.0242197823154,3849.96245323104,1118.645458445087,2228.919765406228,39.93633202067642,90.16129791357965,0.1563244300404812,2.134298178309092,6,1.7119226e-06
2020-06-21,287.07553,284.1931,293.5713,292.737,285.9613,302.43176,0.78430367,-1.6833057,3.028502,-1.87207,-4.150605,0.6867733,-1910734.0,-441707.28,5491380.5,93815.48,-0.018337177,-0.030744933,-0.012660617,2352.771602546517,1598.1708661282355,71.62401719018419,0.7546007364182815,1476.6622863574328,4064.924763226024,1314.257633912397,2395.002534351612,43.52354883997434,92.98569591806454,0.1155369945347754,1.921427736170788,6,6.2104686e-05
2020-06-22,285.2953,281.33765,293.28223,292.65155,286.08105,302.15027,0.24622102,-1.7129908,1.473711,-0.84369165,-3.5156212,1.4347967,-1963727.5,-310710.1,5830296.0,93843.875,-0.018845754,-0.031665,-0.013808137,2330.2781274647787,1424.070630349078,65.28326390191953,0.9062074971157008,1488.2738466217395,3999.2976035768634,1085.0779970108977,2352.6113429662305,34.02445249633861,90.35170990457264,0.1448607233076536,2.2631586170022118,6,6.804626e-06
2020-06-23,284.5167,279.0271,291.62598,291.75082,285.15466,298.9449,-0.45089677,-2.3685198,1.0781708,-1.1052773,-3.2718325,1.4295981,-1700780.6,-345103.88,5083382.5,93625.73,-0.016322272,-0.025865948,-0.012341419,2195.161761717364,1357.991363091554,65.88428379481735,0.8371703986258098,1400.5040954495605,3314.722455831308,926.2431872968642,2122.174253131893,30.03886510095064,88.40263813014406,0.1676801418923057,2.2026367527726616,6,0.0
2020-06-24,283.01358,279.0127,290.67358,290.9888,282.854,300.22388,0.8045638,-2.0458384,2.8613162,-2.1945534,-4.2794867,-0.32118797,-2047026.9,-399275.78,5909507.5,93456.49,-0.019645171,-0.036287863,-0.012515128,2116.994335492777,1225.8667868656132,62.26307346058451,0.8911275486271634,1201.953595312059,3574.4843066478275,925.3212032581532,1998.8478158131315,34.4987772914582,90.75665719880595,0.1531424807007763,2.121325911405058,6,0.0
2020-06-25,285.03586,282.3473,291.27124,292.31265,285.01196,302.51453,1.326692,-0.2836504,4.3853073,-3.3538945,-6.065176,-1.7208052,-1988268.0,-50572.402,5300563.5,93398.76,-0.019081267,-0.037449244,-0.010490503,2307.816316764497,1396.5085055449547,64.75659928192813,0.9113078112195424,1387.397608726413,4084.3981130556754,1161.7194321729005,2075.4799020516625,40.98151721928045,86.98215780521123,0.1820795900780838,2.28136812105976,6,2.9150591e-05
2020-06-26,287.87985,284.9984,292.2102,290.5627,287.29468,296.08618,0.10132476,-2.38525,2.5656905,0.3179152,-3.9084797,4.1065884,-1187973.9,499073.16,1994227.4,93601.23,-0.011400901,-0.020697681,-0.007034111,1994.094662627451,1679.657341105912,85.21228381546416,0.3144373215215391,1610.565907373085,2793.002462424438,1386.158744780864,2201.0888747002105,60.64945769886343,99.53246426127951,0.0080043169980651,0.9479557235492456,6,0.12546027
2020-06-27,287.4534,286.14276,290.27563,288.04626,286.9126,291.44543,-1.0287099,-2.9357023,1.7369142,1.5126761,-1.5511208,2.9592586,-1142713.8,-263750.34,1121277.6,93458.22,-0.010966542,-0.018676097,-0.007969384,1692.8414045161735,1628.809627757684,96.32630756556016,0.0640317767584894,1571.145120749134,2098.295330330521,1494.2885005945411,1949.2112584999256,85.41101907239377,99.63326199278696,0.0062140888829674,0.2957813286998644,6,0.5752704
2020-06-28,285.80273,283.80054,289.2464,287.40756,285.19678,291.64722,-0.4652475,-2.8165855,2.3833387,2.1936483,0.8100996,3.5866337,-1917043.6,-651798.4,2926582.0,93895.664,-0.018397732,-0.026649091,-0.014189872,1627.8927761527968,1463.7885276963789,90.4672112893304,0.1641042484564181,1404.3929212813798,2124.9991617088785,1280.413715895335,1825.821413149078,65.88608929363073,99.36621143207084,0.0095935197548303,0.6722611935522105,6,0.07238452
2020-06-29,285.69708,283.76343,290.06055,288.62857,285.59912,294.46362,-2.4325144,-5.1059866,-0.572402,0.6516433,-1.5918894,2.5070727,-2153976.5,-602092.94,4169288.8,93970.28,-0.02067156,-0.028583877,-0.016031867,1775.136765861822,1454.436393097143,84.00466163556084,0.3207003727646791,1442.0275408551638,2530.1196156826004,1277.2546438304732,1922.8366400475309,55.79186209131359,99.01480416719497,0.016009404632394,1.0449659832701022,6,0.014438024
2020-06-30,285.60892,282.84558,290.12256,290.83917,286.25122,299.13025,0.666738,-3.2570982,3.1181092,-3.7359734,-6.862261,0.8836622,-2331933.0,151570.67,5106240.5,93320.586,-0.022379396,-0.031692512,-0.01723191,2070.21636519002,1447.0999110773637,73.97989122939232,0.6231164541126564,1504.912133685763,3351.315163191898,1201.2748859570254,1930.4083096314132,48.25588600962135,99.33695110534396,0.0106597752768473,1.60875121516106,6,0.00071230374
2020-07-01,283.88504,280.3601,289.46765,291.87698,285.9635,297.72998,3.9566152,0.5374129,6.602586,-4.02588,-7.0804634,3.1511755,-3785758.8,1801968.9,5348334.5,92902.57,-0.036331657,-0.057117883,-0.023024919,2171.264544205163,1294.3650333157486,60.38764972270256,0.8768995108894143,1476.8746219757802,3083.420345563082,1015.1618177986406,1851.750754273752,45.85551950672636,83.41604777784626,0.3068524360171118,1.4760417822447736,7,0.0003393634
2020-07-02,281.94833,278.833,286.9037,286.43326,280.67383,292.5968,0.37874925,-1.164072,2.1992533,0.41821647,-1.7095137,3.2327194,-1947991.4,-580450.44,5185961.0,93424.805,-0.018694734,-0.028428271,-0.015024008,1541.8414660060032,1136.920960494335,75.62896561221858,0.4049205055116682,1037.153317306761,2254.713606941141,913.8878219583008,1570.2359474799337,45.73440057658824,97.26020952743852,0.0337468585463093,1.1053456624138172,7,0.0047049667
2020-07-03,283.38513,280.15125,286.8274,285.97464,282.41235,291.00043,-0.66292685,-2.1416063,1.2643337,1.128781,-0.7067337,3.9189734,-1894076.0,-963632.3,5010788.5,93630.9,-0.018177312,-0.027264215,-0.014260628,1492.129140255514,1248.3739899498078,85.48061423943501,0.2437551503057062,1166.81821045503,2040.442155991958,1000.7501187441508,1562.4708629658812,50.11036060300137,99.43277861031277,0.0070983377202221,1.012379360190412,7,0.010868238
2020-07-04,284.50705,282.6538,289.98706,288.06497,283.3319,295.04224,-1.5950946,-3.4195662,0.472785,-0.14346486,-1.6547203,1.9230484,-2174169.2,-842275.56,5592865.5,93735.97,-0.020865347,-0.03128166,-0.016516075,1737.87192526717,1347.296047028237,81.11073614836636,0.3905758782389337,1241.02135949282,2621.2626894082287,1185.9131376044577,1913.8977067408168,45.6446358370338,98.7225765661886,0.0209958299824056,1.4122303591221967,7,0.0038069389
2020-07-05,285.8855,281.65686,291.64185,290.5145,282.60083,299.31995,0.19448067,-2.1871214,2.9010127,-1.6197257,-3.414586,1.3072081,-2077305.4,-356746.97,5817087.5,93659.6,-0.019935751,-0.028485226,-0.013285298,2078.53689511322,1476.7891093469689,77.66628710519723,0.6017477857662512,1181.70000992077,3389.128570903459,1108.811956750648,2124.284505349322,41.82049215887016,99.80475549831124,0.0029197393859765,1.8989305852798617,7,0.00018624254
2020-07-06,287.33908,283.8092,293.64612,291.9904,286.32446,298.0343,0.3112345,-1.7858162,2.103444,-0.6671868,-4.5232687,2.6681552,-1925810.4,237716.45,5021482.5,93626.375,-0.018481864,-0.028069632,-0.012530603,2207.168480500031,1629.2680457659887,75.37623072930636,0.5779004347340418,1512.1237851702472,3139.9915154721816,1281.152516932576,2406.084818899697,49.14226273931489,98.82618997827784,0.0218719184494275,1.5654076781680466,7,0.00089707586
2020-07-07,287.94888,283.4568,292.81995,292.31815,287.12964,299.82947,-0.45719147,-2.1532621,1.7412128,-1.044184,-4.2145643,1.2321966,-2145873.8,-591167.9,5240445.5,93564.125,-0.020593796,-0.025836345,-0.010860082,2273.8428009214736,1689.5600502008317,79.40165318238617,0.5842827507206422,1593.4326316330926,3492.54689184984,1251.4125914369888,2286.184856340468,37.923132038713895,99.46759320796365,0.0085694085493107,2.146140677734006,7,0.0030353123
2020-07-08,283.36115,279.22498,291.41235,293.0538,288.65344,302.49915,1.7771225,-0.29310608,4.290634,-4.0808682,-6.7370014,-1.8335333,-3280019.0,1001715.44,5912132.0,93208.03,-0.03147811,-0.04864458,-0.021669531,2366.9472612700424,1253.5310160463048,54.66827002382047,1.1134162452237375,1757.8979551381271,4080.773024383107,938.991186803277,2093.9456164327253,38.349236833837374,90.9929686667868,0.2024855253359621,2.4903810079428896,7,0.0001580965
2020-07-09,285.81604,280.5923,290.60706,290.72247,286.901,294.6903,1.0370296,-1.3357277,3.2241507,0.16306078,-3.3503313,4.1133833,-2205931.2,-282121.66,5619105.5,93674.69,-0.021170164,-0.028945664,-0.016444976,2016.6854494859963,1471.9379277819055,74.25960507580028,0.5447475217040907,1569.962040870874,2565.4904475484677,1031.3971552260666,1990.4731930516675,40.67693221532978,98.52485624592065,0.0236837947593221,1.5213706793602106,7,0.0035038409
2020-07-10,285.84412,283.7077,288.65582,288.65457,284.4552,295.51965,-1.9246392,-3.735671,-0.2207365,0.35848868,-1.4996643,2.0723054,-1928548.1,-1205808.1,5454766.0,93914.21,-0.01850814,-0.028295206,-0.013919789,1790.7312680930936,1468.4123114681177,84.69273870459526,0.322318956624976,1337.288373281997,2698.6187925859604,1272.523745532944,1758.166123341466,52.49772597494152,99.2223929581675,0.0110171272206102,1.2819052937459074,7,0.0021380293
2020-07-11,286.16202,284.30408,292.06958,291.6427,285.56848,301.0625,0.27292308,-2.2911882,2.6049871,-2.5244124,-5.1067333,-0.24790668,-2142793.0,-275245.3,5858390.5,93657.52,-0.020564234,-0.03217769,-0.0151865175,2208.653158821398,1500.1813972586158,73.34381146613002,0.7084717615627824,1439.1306316702244,3754.308824987174,1323.9653963631818,2181.862313090971,41.604294793108735,96.84726597914208,0.0505689010703135,2.02539278539029,7,0.00011372193
2020-07-12,285.24933,282.86804,292.39185,293.03497,286.42285,302.75183,1.3908206,-0.5750208,4.615686,-3.0452836,-5.353199,-1.6810064,-2581574.8,207126.2,5970720.0,93388.21,-0.024775188,-0.03810149,-0.0172606,2391.6337382334664,1414.6534537764176,62.88436225279682,0.9769802844570488,1521.8593158102717,4140.685349680115,1203.0855291771973,2226.14315487368,37.18417873084446,85.33802961230327,0.2243879544786266,2.383285354350749,7,1.2792644e-05
2020-07-13,286.4863,283.51294,293.53223,293.11893,286.73706,300.3252,1.2887677,-1.1330624,4.579751,-1.1255614,-3.758006,2.8349075,-2219100.8,58356.97,5645890.0,93495.46,-0.021296551,-0.031897936,-0.015307507,2387.368746652145,1540.16482625149,67.22428186178298,0.8472039204006553,1553.320715974894,3595.802166316131,1256.1100404904496,2389.23513229309,37.01833138760895,96.34821147119932,0.0752219982835576,2.173409275392962,7,6.295905e-05
2020-07-14,288.0113,285.42114,293.34082,289.77942,286.91962,293.8711,-0.43593034,-2.6994553,1.9686302,1.322241,-1.4190798,3.877634,-1139857.5,-489282.62,2472639.5,93793.15,-0.010939131,-0.016743716,-0.00814373,1894.54251581406,1691.139584341464,89.6644559515809,0.2034029314725955,1571.8615765302573,2439.675310077392,1425.2715414124707,2361.150569917544,66.95157397904455,99.52234748254078,0.0087559466624477,0.7929308701118696,7,0.029657125
2020-07-15,285.41476,283.8567,288.24652,287.31955,284.88782,290.61707,-2.0106866,-3.6459103,-0.9487324,1.8005004,0.88504577,2.9557066,-1379402.9,-783364.06,2297848.8,94057.98,-0.013238031,-0.025281252,-0.0075779255,1616.5191631683726,1426.27479656747,88.52484377310161,0.1902443666009023,1376.0833228242634,1991.7312549466392,1285.2069878265092,1712.580131690914,71.37164876785036,97.23929686732104,0.0418731081263854,0.5701998192666258,7,0.019894602
2020-07-16,285.4175,283.64587,289.37488,288.36377,284.6267,295.5028,-2.2896936,-4.379073,-0.23539639,0.6836168,-1.8060999,2.324086,-1541015.4,-963171.94,3298964.0,94088.74,-0.014789012,-0.027978439,-0.010243369,1753.2070476337883,1430.6258147682238,83.32433113512819,0.3225812328655645,1352.551559300916,2695.855612027963,1267.2927615935355,1840.839175319126,58.5826905165584,98.75326321372349,0.0216264372213117,1.1165508620603506,7,0.005824068
2020-07-17,287.00113,284.06982,292.09668,290.82626,285.5885,298.33984,0.00867603,-2.6326933,2.925374,-0.22890031,-2.686246,1.8506837,-1622602.1,-662506.44,5147970.0,93914.29,-0.015571998,-0.022146089,-0.010218309,2079.9207302081327,1586.27220093007,80.9576810629877,0.4936485292780625,1441.0228518725403,3197.701074342686,1303.544859836678,2185.5559236288814,41.90418771952855,99.51825624060623,0.0077930316262018,1.8496852348678687,7,0.00073110743
2020-07-18,288.34137,285.15576,293.01245,291.35013,286.10205,297.8086,-1.3152957,-3.0025253,0.4029398,0.15932097,-1.9686089,1.8429809,-1800212.4,-936744.25,5796613.5,93994.78,-0.01727651,-0.022900166,-0.010823519,2128.342356815195,1729.5861128298775,84.7306757592335,0.3987562439853175,1490.3179788122736,3097.947882949526,1400.605422450869,2313.643809856141,45.94462278210418,99.80172288193074,0.0035210586279695,1.659952089992747,7,9.15659e-05
2020-07-19,287.8123,283.19434,292.5548,291.40103,286.1532,297.1032,-0.5267103,-2.2066717,0.86807716,-0.14489482,-1.7911673,2.2970674,-1775385.0,-823946.06,5984798.5,93950.23,-0.017038245,-0.023511758,-0.010841188,2125.7027674945434,1676.0564455195924,82.09032952952533,0.4496463219749508,1495.3079292183795,2969.7112072191467,1229.6618828438193,2248.8339169359697,43.76042324526712,99.76899262238804,0.0042808242541143,1.6407080403594732,7,0.0006515939
2020-07-20,285.1971,280.72778,291.71826,291.2125,283.677,298.94055,0.1935239,-1.6013298,2.071918,-1.4987946,-4.255048,1.4322761,-2123027.0,-707365.56,6305522.0,93900.25,-0.02037454,-0.031159248,-0.0137200905,2125.387032940886,1424.472486369932,71.93762216958245,0.7009145465709544,1269.923952606327,3313.8711758095046,1040.9776121540735,2134.4719960054654,33.9429519873558,99.7836515462911,0.0038222674599401,2.039886598758603,7,0.00015366483
2020-07-21,284.58005,281.24463,292.34106,291.2865,283.86426,299.9121,0.6198574,-1.7924566,2.916719,-1.4311858,-3.4384222,1.1818275,-2095968.4,-608957.0,6366322.0,93716.29,-0.02011486,-0.03421323,-0.01284217,2159.8508206540696,1358.435895752278,68.10401231300024,0.8014149249017914,1285.8542456676032,3509.5781598495064,1078.2469355174076,2219.113655469402,35.84702824168273,93.501585425993,0.1086133139976698,2.0898224564519285,7,1.8577652e-05
2020-07-22,285.0494,281.19238,293.47192,291.86737,284.32642,300.3695,0.0873386,-1.6905136,1.7725388,-0.5041562,-3.0636187,1.7923734,-1966172.5,-574356.8,6391969.5,93683.625,-0.018869217,-0.031675063,-0.0120797595,2228.2781399046185,1403.3545670155715,68.01662002081282,0.8249235728890468,1325.9273883855649,3605.160383677595,1074.426739805356,2380.355620171673,33.04872445864382,94.5565169719792,0.0831552132741417,2.210650982186956,7,8.5830675e-07
2020-07-23,285.34177,280.88037,293.9973,291.58917,284.56348,299.28424,-0.7907748,-2.688095,0.6764364,-0.52394944,-2.6390028,1.9387045,-1915528.6,-661406.7,6382499.5,93740.9,-0.018383192,-0.029655306,-0.01156011,2190.368327682569,1435.087282464823,70.39268061965716,0.7552810452177465,1346.906507037165,3381.982817706939,1051.8604097342354,2458.700462628526,32.05798496550286,99.60531378615704,0.0075963974419191,2.25122578496986,7,0.0
2020-07-24,284.998,279.05225,292.6731,291.6356,283.3495,299.5359,-0.09853556,-2.0907564,1.6776867,-1.5360142,-3.7381916,1.0851297,-1864161.1,-718258.25,6502486.5,93694.19,-0.017890222,-0.029189829,-0.0098393755,2199.374408850696,1411.1871124656548,70.94780495340798,0.7881872963850411,1242.479438255761,3432.627105379408,927.8546986780018,2265.430707152153,28.229094131354305,99.77208632718168,0.0040469415065119,2.385456213784211,7,1.883469e-05
2020-07-25,283.2637,280.16235,292.00684,292.24704,285.09277,301.90833,1.3787397,-0.9367733,4.9726954,-2.0564847,-4.9831257,5.5643005,-2272723.0,-583710.1,6492966.5,93795.75,-0.021811161,-0.04225287,-0.01072841,2301.085539027283,1246.203714549811,59.06188315171426,1.0548818244774725,1394.8064256184737,3943.6323433148814,1001.5120339712176,2173.331460220138,29.97313741938526,91.1433880718932,0.174680276900385,2.489847884689405,7,3.7332984e-06
2020-07-26,287.39813,284.1101,292.2622,289.6186,287.32446,293.8097,-1.8772949,-3.944395,1.4406271,2.243249,0.5939867,3.8343763,-1590694.6,-954595.3,3916597.2,94103.445,-0.015265783,-0.028710628,-0.007027419,1878.197724182468,1623.5773815820733,87.31968911538051,0.254620342600394,1613.6752148510789,2430.467089541091,1307.0365761431003,2208.2362634933816,61.23015766066427,99.13568169250622,0.0147316107573465,0.9422882587245226,7,0.03128652
2020-07-27,286.94833,282.6892,293.0271,292.43045,287.0077,300.24176,-0.68019384,-3.6483297,2.3258257,-1.3662068,-4.495764,1.2681646,-1944691.5,-849365.0,6156712.0,93871.57,-0.018663066,-0.030211324,-0.011438535,2303.9269451393293,1585.3240846572296,74.7776960519172,0.7186028604820999,1580.8760099769704,3578.2389907813117,1188.735740706622,2315.7450628953,34.54229271198008,99.4327046115531,0.0094153865102236,2.3295763778895697,7,0.0030117817
2020-07-28,285.44904,281.45825,292.51343,293.50992,286.81384,302.0874,1.2644404,-1.5741892,4.821785,-2.2487023,-4.847904,0.7107935,-2142943.2,-625417.06,6446224.0,93601.305,-0.020565672,-0.035536334,-0.011276281,2468.1927869908795,1441.824296974243,63.53221522243657,1.0263684900166363,1561.0953238544732,3984.7680665341422,1093.9919293424146,2243.0528538367425,31.75983470742551,97.9461338859742,0.0414161391271434,2.532173063642288,7,3.4033434e-05
2020-07-29,286.9983,283.35767,292.2661,289.10736,285.78076,295.6123,-0.7450687,-3.520462,3.0601487,2.74101,-1.7500019,5.412301,-1356297.4,-962216.5,3002160.2,93908.97,-0.013016289,-0.026250374,-0.005591807,1818.800606955644,1584.8215542024836,88.01881239289541,0.2339790527531605,1459.306956980677,2713.860682592064,1243.1583646658569,2208.77397807951,54.270006503638506,99.30329826893538,0.0112202196309356,1.0623833577172206,7,0.037755374
2020-07-30,285.0941,283.81348,288.63354,286.53934,284.56885,290.34363,-1.9296843,-4.0890865,-0.534194,2.9695451,1.1168501,4.5252333,-1951376.4,-577453.3,1822306.0,94284.23,-0.01872722,-0.03844718,-0.010394566,1537.477989766472,1396.657769919283,91.16562614632538,0.1408202198471886,1347.3852013681744,1957.6146031495707,1281.5168528932536,1755.6577504460097,70.71624649651402,98.0873817456957,0.0270160522209596,0.5364097351552819,7,0.13482824
2020-07-31,285.68933,283.36377,289.8955,288.09924,285.27307,293.24597,-2.8163846,-5.4784155,-0.88166714,1.3271679,-0.27836788,2.96078,-1781190.5,-787264.0,3447437.0,94357.9,-0.017093958,-0.032813936,-0.0082717715,1713.1934901857956,1454.5337520253222,86.48424079654272,0.2586597381604731,1411.4621262580554,2347.341272612116,1243.6652392932267,1902.812258008602,53.17222571380972,99.00954196512004,0.0159653517738734,1.0992076728653883,7,0.025983209
2020-08-01,286.58493,282.3694,290.43945,289.32034,286.28076,295.31775,-1.1802711,-3.3016357,0.9859934,0.956023,-0.85898787,3.1147335,-1616690.0,-928299.3,4847674.5,94282.74,-0.0155152595,-0.023200685,-0.011154434,1857.468059364116,1542.3044534477158,85.52664653434088,0.3151636059163997,1507.8171812870714,2665.6634613373044,1163.448703642751,1969.5117665165733,45.11163482101723,99.49675237834116,0.0075903519963619,1.4631390951015315,8,0.0050278795
2020-08-02,286.15738,281.99146,290.37842,289.2244,284.5188,295.5299,-1.7878157,-3.6998749,0.1461544,0.80087906,-1.1956224,2.966134,-1870122.6,-1296482.6,5978321.5,94332.23,-0.017947434,-0.026161691,-0.012497855,1852.6042367867256,1501.678229134437,84.25636247579986,0.3509260076522884,1342.9304450084353,2700.3019431174,1134.1801838505662,1961.9266351707795,42.75611837655212,99.68156745426911,0.0043956118351632,1.5298365361887003,8,0.00098802
2020-08-03,286.15427,283.17505,289.81384,289.16934,284.90088,295.73853,-1.4338042,-2.8070822,0.039553642,0.49801934,-1.6396208,2.3443432,-1849869.0,-1298849.8,6260032.5,94448.695,-0.01775306,-0.026979763,-0.012559204,1845.629182182212,1499.4249035914845,84.12575338670828,0.3462042785907277,1377.2698757922617,2734.746324734645,1228.0766895715897,1892.9716875273857,45.07977758543539,99.54932692733271,0.0064308419035669,1.501928764018399,8,0.00040696192
2020-08-04,285.81216,281.93115,289.234,289.13458,284.58215,296.50867,-1.4811435,-2.660245,0.05535412,0.7403529,-1.660984,2.708409,-1933186.0,-1379990.8,6671179.5,94477.81,-0.018552648,-0.028173156,-0.013266515,1847.797686835709,1466.8857750855914,82.96213397639075,0.3809119117501175,1348.571703540233,2865.258326544758,1129.5706870109864,1824.3788541580248,39.8154482809022,99.7563443619728,0.0036623343273683,1.724442879425086,8,0.00022595207
2020-08-05,285.57874,278.99902,289.27173,289.41122,284.8656,296.83167,-1.7971298,-3.2907448,-0.33657265,0.7570197,-1.5809164,2.4692945,-1949213.9,-1278305.2,6840326.5,94424.98,-0.018706467,-0.030411871,-0.012449983,1882.4248654796272,1450.6135502082143,81.20397148728652,0.431811315271413,1374.0671425781277,2921.598143316652,924.446850136985,1828.773607333774,31.65143757576832,99.45485981609396,0.0080906740153811,1.996870330769976,8,0.00035523094
2020-08-06,285.7534,278.7146,290.2666,289.60132,283.91418,297.05725,-1.1698512,-2.6121054,0.49274158,0.61861736,-1.6117096,2.9430602,-1876173.0,-1212361.6,6914324.5,94330.72,-0.0180055,-0.027971582,-0.011740688,1908.4347276969004,1469.1478857828472,81.28959871890827,0.439286841914053,1290.1312643890842,2961.519568331516,906.4220204586494,1948.0972239687724,31.093762361213397,99.45701569178634,0.009122517589594,2.040671711473681,8,0.00025783334
2020-08-07,285.60764,278.60132,291.07666,289.71634,284.52478,297.43433,-0.7342477,-2.5101871,1.3734074,-0.01602458,-1.9294653,2.3975453,-1891280.5,-1300535.9,6795634.5,94267.52,-0.018150484,-0.029172093,-0.010796766,1934.4421159573403,1457.7767679285591,80.82552642748408,0.4766653480287814,1343.462158934164,3029.3164642007,899.3299929076609,2050.2522330012685,30.58302915787881,99.85101842432128,0.0020440740769963,2.078078924215835,8,9.267905e-05
2020-08-08,285.8002,278.35327,290.92554,289.6446,283.77515,298.04163,-0.902432,-2.1864014,1.3421593,0.2759899,-1.8226967,2.7507715,-1762104.0,-1297433.6,6350742.5,94240.52,-0.016910786,-0.028903827,-0.009303614,1928.8665523632053,1476.1478835360676,81.82139426530706,0.452718668827138,1278.2515024049665,3141.3641517858573,883.9719426709989,2030.8450378427683,29.09083893487969,99.7387102725942,0.0041661624924279,2.223606791373215,8,0.00020534883
2020-08-09,286.46548,279.15552,291.66113,290.70743,286.35938,297.71033,-0.9772189,-2.123623,0.58215046,0.48356983,-1.3063297,2.2698624,-1685262.9,-1279456.6,6128258.0,94091.625,-0.016173346,-0.026293062,-0.008664942,2046.435479704298,1540.7942434561935,79.78413581286453,0.5056412362481044,1515.5720338073463,3079.797789351392,934.498861452674,2126.8517533142603,31.719236630680253,99.70451874893364,0.005056919316835,2.0836269269164047,8,0.0026144749
2020-08-10,284.4841,278.36353,292.78784,292.0328,284.7798,300.07336,0.16863121,-2.0788488,2.4019098,-1.0820066,-3.3732185,1.1343622,-2001099.0,-1029608.56,7067730.5,93693.48,-0.019204404,-0.033712056,-0.009297996,2261.721746969556,1369.5101017517657,67.31372052654042,0.89221164521779,1366.3037902561762,3543.019636830893,884.6021980642512,2281.633389243394,26.573796417260347,99.72459968687954,0.0049001174427401,2.600644708865763,8,0.00040367205
2020-08-11,283.21384,279.0796,291.50415,292.8027,285.39014,302.0857,0.8620894,-1.953784,3.645847,-1.5392276,-3.6143494,1.1627779,-2246520.5,-858523.06,7186542.0,93511.12,-0.021559697,-0.043833543,-0.009281324,2381.043554885656,1246.7823014277683,57.67529024645345,1.1342612534578869,1422.37006498904,3984.373733083912,929.6098333846156,2106.035210141908,27.347950559111528,90.78539096995118,0.1776458279656603,2.687833487596513,8,9.857423e-06
2020-08-12,285.67786,278.98657,292.70605,292.2232,284.792,300.9358,-0.6893032,-2.4033432,3.4792051,0.11481897,-3.1671028,2.809433,-1833579.0,-1233051.5,6787663.5,93460.06,-0.017596727,-0.03090901,-0.0088235345,2274.076710554465,1471.572236482181,70.23945058100345,0.8025044740722843,1367.4057446645204,3726.642215116526,923.651199643998,2270.074302048191,25.59477206237312,99.72743086224466,0.0045839292265518,2.7324320312825163,8,0.0020500773
2020-08-13,286.8774,280.89062,292.47388,293.8672,288.06525,303.0586,-0.19705038,-2.7807713,3.7646341,-0.91228825,-3.9873648,1.9946985,-1812153.4,-991871.25,6515400.5,93313.586,-0.017391106,-0.028974459,-0.009167025,2522.1289490060376,1589.4593083635484,68.60454520698212,0.9326696406424894,1692.725094637233,4214.449999677207,1052.5953225196608,2237.5397820066114,25.94957844882531,99.34212691546888,0.011975578572644,3.09380735175638,8,0.0016550195
2020-08-14,287.38635,283.16797,294.1709,294.4817,288.65417,302.06934,-0.3432696,-3.3966007,2.94102,-0.8733492,-3.204133,2.5213156,-1764962.4,-1034570.25,6313569.5,93276.63,-0.016938219,-0.030057654,-0.00869185,2598.1973328364206,1636.0569513844205,66.51623131653234,0.962140381452,1757.980464600566,3980.601121853628,1227.4952355190835,2485.077057374871,33.18332808832335,98.55973157035388,0.0307282710593526,2.633904991217934,8,0.0004703932
2020-08-15,287.17148,283.8191,293.1941,295.1786,289.99792,303.4309,0.1571609,-2.8307066,4.271535,-1.8334165,-4.851163,1.9595172,-2009796.6,-364460.4,6105672.5,93156.87,-0.019287877,-0.038440026,-0.009215272,2697.182143055029,1612.6297046896996,62.89503572680493,1.0845524383653302,1915.216938976238,4305.5156027549565,1281.9958333473014,2339.817937694216,31.07401569799068,97.66460065150756,0.0453971739511284,2.958696114947757,8,0.003010241
2020-08-16,289.27353,287.5326,292.1347,291.3331,288.29102,295.67944,-1.3440694,-3.5288582,0.8825083,-0.11381045,-1.5585461,2.430605,-1260234.6,-495677.6,3196837.0,93357.945,-0.012094382,-0.024999514,-0.0059923986,2094.661590378208,1831.595900159461,88.32017853658958,0.2630656902187469,1717.4848352975985,2724.9526039433617,1635.549936024924,2190.7478772238283,60.816767860189394,99.48795531236698,0.0089387472117036,1.0677245045029415,8,0.049263306
2020-08-17,288.59512,286.78467,292.463,291.98245,288.5952,298.09937,0.8955652,-2.0649424,3.7328901,-1.5752164,-5.529189,2.7080555,-2360208.0,-169009.31,4129388.8,93455.49,-0.022650748,-0.032165244,-0.016842144,2194.429981258162,1754.6476574748303,81.7493670866806,0.4397823237833318,1751.3493386428515,3152.203496280616,1558.137195021008,2236.027472061361,54.78163188839238,98.21522317001352,0.0357711148200289,1.3602597040469275,8,0.24109954
2020-08-18,288.69522,287.19482,292.3374,291.6805,288.66577,298.63818,-0.43971673,-2.7555113,0.8490343,-2.1817007,-5.113984,1.2186537,-2386950.8,230315.62,3197905.2,93344.87,-0.022907395,-0.03188142,-0.018072532,2147.635968669514,1765.3531598216848,83.40829259545175,0.3822828088478294,1759.2873182905726,3254.943432949942,1600.1805078992518,2218.607474291174,61.23392282049925,97.06014223397337,0.0593478387794184,1.1994375807071285,8,0.24681923
2020-08-19,289.01358,286.6914,292.97778,292.28693,287.00928,302.27197,-0.19962555,-2.3248806,5.245254,-0.56240207,-4.9840803,4.327833,-2805067.2,-543764.06,6350537.5,93216.04,-0.026920028,-0.035151333,-0.017751664,2271.8601435685287,1803.3851666988164,83.32666341396768,0.4684749768697123,1581.038848585922,4027.557142513867,1548.7141502682605,2308.677506435661,38.505642645485885,99.3269597744621,0.0106410274323645,2.4733305264742533,8,0.05273308
2020-08-20,286.47684,284.44666,289.5605,288.0276,284.8075,291.8335,-0.65834,-3.198125,1.7091465,3.129279,0.28395617,5.9133654,-1706945.9,-544746.75,2404573.8,93769.805,-0.016381437,-0.03634161,-0.011775488,1693.3186434443176,1529.4021639034045,90.59319801986074,0.1639164795409128,1368.806355470991,2149.9157065138147,1336.531915519819,1862.7263735259237,75.20356860781634,98.594508745722,0.0204156285373076,0.4865704150659519,8,0.044764567
2020-08-21,282.98593,279.93127,287.9126,283.9111,281.49817,288.5138,-0.22324614,-1.9416304,1.7850409,3.8954294,1.9552803,6.1576214,-2253419.2,-383985.4,1052724.6,94080.91,-0.021625904,-0.050908513,-0.013802744,1294.1424578486017,1218.9772880790442,94.04843628694796,0.0751651697695574,1096.9563911553944,1742.2282308558786,985.7675987791032,1676.1627416142182,85.62160741797189,99.4723298766797,0.0070885307763289,0.1764085491042012,8,0.42838413
2020-08-22,281.97342,280.0829,287.18945,283.6037,280.86792,288.93103,-0.9254703,-3.7242413,2.0172749,3.5992343,1.2330623,5.0319204,-2511192.5,-815815.5,2618973.0,94201.88,-0.024099736,-0.05513797,-0.014191595,1270.302071823786,1136.7270486242462,89.88827985726677,0.1335750231995399,1050.9686247157017,1789.414040996105,996.072668859804,1599.623554072721,69.66024790273225,99.3441217357513,0.0068930747735837,0.4571291040517082,8,0.10571579
2020-08-23,282.80478,279.90613,287.0161,285.56985,281.9878,292.3866,-2.391466,-4.948511,0.12987232,1.461027,-0.7281761,3.2742672,-2468958.8,-1214421.4,5759265.5,94177.805,-0.02369442,-0.036817756,-0.01838719,1458.0818857740117,1201.0355221826342,84.6204411943818,0.2570463635913777,1133.8997822520234,2225.415643582705,984.0675209257356,1581.7404759725457,51.89191743872379,99.44250396762682,0.0063954456845765,0.9123116639208544,8,0.01273683
2020-08-24,283.06857,281.35754,286.7594,286.1216,281.8418,293.19324,-2.5667965,-4.1137495,-1.0637274,1.1213379,-0.7671213,2.5878313,-2240923.0,-1000443.8,6289086.5,94050.38,-0.021505978,-0.033268716,-0.016439386,1515.0935410756035,1221.321442757375,83.11457904288214,0.2937720983182284,1122.7708162081944,2339.69420120324,1086.5441844527988,1555.579121796479,54.566623618064405,99.91799078668116,0.0009631652360242,0.9046806933369568,8,0.00063114986
2020-08-25,283.2584,280.4596,287.60266,286.13937,281.03442,292.6723,-2.3343751,-4.2713804,-0.81474113,1.2125355,-0.81310844,2.730195,-2094082.9,-1005882.06,5842022.0,93933.32,-0.020096762,-0.029919883,-0.016150063,1517.7397834911596,1237.9895825431058,83.70312792423054,0.2797502009480537,1062.9494634845591,2265.319019717337,1022.090754383261,1642.9726847985132,59.24532775165782,100.01227240364445,-0.0001482019038912,0.8437077232641709,8,0.00018661907
2020-08-26,283.07114,279.29346,286.94952,286.79782,279.885,293.67163,-2.057999,-3.7546606,-0.6121416,0.8761167,-0.94768906,2.1996322,-2665001.2,-1142189.5,8021230.0,93823.695,-0.025575826,-0.035661068,-0.019228093,1606.51261334218,1227.5520420798723,79.69548777240884,0.3789605712623076,982.6417870902276,2409.873547814947,943.4390235370896,1574.9175248755214,49.8024997094073,98.02766463068362,0.0200217268779305,1.1907765288362837,8,1.3660276e-05
2020-08-27,285.15723,280.98975,291.0249,288.85367,281.40747,297.5669,-1.5143132,-2.981452,0.32720852,-0.088467054,-1.9293613,2.0144806,-2748170.2,-894159.5,8222190.0,93772.32,-0.026373995,-0.036050607,-0.015832813,1867.9293151031295,1416.4697941741986,81.25532580738077,0.4514595209289313,1090.2308474544393,3053.472460431783,1059.722885847879,2043.5872459008467,41.9463252502209,99.60147269862571,0.0074905723228248,1.7726529707531449,8,5.542179e-07
2020-08-28,287.95285,284.21313,292.81042,291.83344,285.81982,299.9319,-0.5747762,-1.9310904,0.9392519,-0.523356,-2.9666119,2.2795115,-2917015.2,-918245.25,8047904.0,93635.21,-0.027994387,-0.035279445,-0.013262066,2229.3922890147383,1689.4571075184297,81.49470199475732,0.5399351814963081,1463.046693249726,3513.664335766876,1316.004436880154,2284.8341614082337,37.99964866251607,99.95819710586144,0.0006851922583171,2.1569543470028214,8,0.0003176488
2020-08-29,288.0452,284.2898,293.62622,293.41388,286.9994,301.13666,0.1259183,-1.769144,1.7282867,-1.321008,-4.0691414,1.4235888,-3271790.0,-865601.2,8075793.5,93443.98,-0.031399135,-0.039897867,-0.015507376,2457.879912407168,1701.0568768810754,75.45550770920262,0.7568230355260922,1580.024479292772,3770.5840761426352,1322.7123492917158,2403.1335995030017,36.6297731867532,99.9353517443352,0.0011749360557193,2.357508120029282,8,0.00018690412
2020-08-30,286.96362,282.5249,294.6394,294.07526,286.23083,304.12097,0.734164,-1.7256212,3.4140425,-1.1477561,-4.0655155,3.5951338,-3486608.2,-489048.1,8351938.0,93458.52,-0.03346073,-0.044268526,-0.019986335,2567.6152370344757,1594.7598628915646,67.34477644191824,0.9728553741429103,1502.9102854110592,4478.847718012153,1175.6848625006526,2557.5102142565543,33.767740494490724,99.33519608704758,0.0133242813613828,2.648592878852688,8,3.6553134e-05
2020-08-31,289.38315,287.8042,293.083,291.47714,288.50085,297.32446,-1.4625416,-3.572381,2.001503,2.6349978,1.3134038,3.8240871,-2497849.8,-1292908.5,5670178.5,94003.26,-0.023971684,-0.03144996,-0.01664417,2121.4694376713283,1844.3916307452348,88.41175241291313,0.2770778069260932,1740.78255283496,3009.424583455917,1664.4882677491596,2323.7802413770028,56.80928176495106,98.92129066880749,0.0207819780481127,1.2997920923367403,8,0.021595744
2020-09-01,289.15662,287.68225,292.12854,290.93488,289.15417,294.76172,-2.985343,-4.8580856,-1.4544315,1.9178071,0.9183189,3.4872828,-2094784.5,-827415.94,4073742.0,94234.12,-0.020103497,-0.028329616,-0.01454022,2038.257887394516,1817.30501919908,89.78307769988326,0.2209528681954362,1815.107943078112,2576.7225211781965,1651.4400376831113,2189.905429547308,64.37805097155017,99.08341364606876,0.0169270343348696,0.9166983121758558,9,0.04844721
2020-09-02,288.5895,284.96704,292.9259,291.66028,288.27307,298.1421,-2.8115814,-4.5884533,-0.83045006,1.0133324,-0.8969288,2.5850875,-2768436.5,-1189422.9,6441820.5,94012.93,-0.02656849,-0.034838036,-0.018577192,2157.4776022547708,1756.611783768716,84.25010366530971,0.4008658184860547,1715.5053222721142,3160.2452035748647,1383.2941238554586,2301.2630073544515,44.095569127115,99.55218001447582,0.0076918437052238,1.766717095246174,9,0.015120341
2020-09-03,287.09906,281.1682,292.5761,294.13,287.8888,301.5489,0.12759005,-3.0326576,2.7415323,-1.4621572,-5.1025867,1.6471267,-3531227.2,-879376.8,8450715.0,93551.74,-0.033888936,-0.04363056,-0.021566238,2563.852353779594,1611.0854949820105,69.60971753518096,0.9527668587975836,1673.5929368818108,3862.18400598348,1072.6634988757569,2251.814808680653,29.392416366565666,99.3206938632247,0.012879524426658,2.627289668269428,9,0.0015552444
2020-09-04,286.67142,281.3025,294.69556,293.61978,287.20715,302.85596,0.108882785,-2.343606,2.039446,-0.4888462,-3.760622,4.901024,-3342051.8,-787106.56,8229160.5,93626.91,-0.03207343,-0.04540396,-0.023417711,2485.526268323532,1575.9563660312183,67.45593699586485,0.9095699022923136,1601.459615556064,4165.596312541588,1082.4917010927843,2566.3145892564567,30.380389574219127,98.82028071013512,0.0226821439743807,2.8965396366583462,9,0.0012376669
2020-09-05,289.75436,283.99194,293.41504,293.15515,288.3908,302.396,-1.6844163,-3.3922234,-0.04214859,0.9695573,-1.2370739,2.5802917,-3101196.8,-1580817.5,8146684.0,93856.18,-0.029761964,-0.038821694,-0.019297143,2399.0662935966234,1894.1238122142404,83.6020621164714,0.504942481382383,1728.530043935512,4056.534398916945,1296.8175149276356,2372.0059421108017,31.96860638662088,99.450020448137,0.0104578641320952,2.7597168839893094,9,0.0066791903
2020-09-06,287.7725,279.49316,293.35522,295.07956,288.11694,303.4286,0.16272248,-2.7189283,2.9601774,-0.45996258,-3.9398193,2.345066,-3309435.2,-958222.44,8451618.0,93544.63,-0.031760413,-0.041489944,-0.018636517,2724.4861778739146,1699.0323486767395,70.10176151154425,1.025453829197175,1698.366713536621,4304.943037746424,956.516394903915,2363.2539548545537,23.15103172228599,99.77764223210988,0.0045734066253003,3.223007396348451,9,0.002344267
2020-09-07,290.32135,284.5691,293.40796,293.28622,289.49084,301.42676,-1.0736922,-2.289297,0.5873985,1.404493,-0.24132824,3.3397446,-2749218.2,-1572869.4,7631538.5,93429.82,-0.026384052,-0.03387089,-0.019441774,2389.8715949573884,1959.810353723757,85.04913204538548,0.430061241233631,1854.4875150447272,3834.845381086927,1347.4069637630212,2370.9685115154625,40.93646142892992,99.58442806737922,0.0090841139660356,2.2649953807991765,9,0.004250173
2020-09-08,289.78348,286.33545,292.2334,292.71817,288.812,301.7981,-1.0496403,-2.0382004,0.7806196,1.3948983,-0.7231782,3.835956,-2595221.0,-1697112.4,7614609.5,93447.04,-0.02490615,-0.032731377,-0.020406522,2315.4627681050883,1892.9750697185495,85.0575884782365,0.4224876983865384,1775.8408899505273,3918.496354406327,1513.2081528417511,2204.2741650162143,38.84872724437123,99.51051174152852,0.0092986105652619,2.3943825572874267,9,0.0026092653
2020-09-09,289.90552,284.7693,293.2251,293.22226,288.41785,302.9187,-1.3939635,-2.6320639,0.13377953,1.1194085,-0.5589487,3.0837204,-2730388.8,-1767244.4,8082692.0,93699.79,-0.026203347,-0.036520895,-0.02055862,2408.7761543602905,1912.0652699425311,83.54962411894705,0.4967108844177595,1731.5334558405314,4180.670201044328,1365.3567353403903,2344.311689421479,32.68497025301598,99.66956226817943,0.0058623886530072,2.811966128260512,9,0.0012442562
2020-09-10,288.95154,280.7522,294.26123,296.3387,290.17175,305.58167,0.12846278,-2.276496,3.5199862,-0.54183424,-4.605092,2.785965,-3111354.2,-1126362.6,8430738.0,93622.85,-0.029859446,-0.041723,-0.020661723,2963.3602972577755,1825.8246577916816,70.55264982588703,1.1375356394660934,1936.433589757935,4865.937582099038,1042.7121501704216,2498.901160018944,21.825893045716256,99.39620535641336,0.012316200387436,3.790581946362209,9,0.0005245127
2020-09-11,291.10684,281.3645,294.1687,295.31122,290.21588,304.88525,-0.9782435,-2.428813,1.3222399,0.91416717,-1.5132895,2.9326162,-2663246.2,-1505201.5,7593132.0,93519.375,-0.025558986,-0.037149027,-0.017475612,2737.3706849835053,2070.3157442461984,80.8667096617885,0.6670549407373066,1941.8524523832648,4677.895663329162,1087.0573128359902,2484.741632386851,23.238169276788746,99.52181457570448,0.0108650461309307,3.590838350493172,9,0.0026304163
2020-09-12,288.29736,280.35767,296.28857,298.24976,291.0703,306.56403,0.03452195,-2.0267582,2.6741383,-1.1235492,-4.2512407,2.1373332,-3118785.0,-894014.7,8470432.0,93510.49,-0.02993076,-0.046520207,-0.017688034,3317.984802013016,1767.3592558266066,61.34262270997862,1.55062554618641,2049.4338032879627,5142.376066384865,1014.9923053338332,2827.4151655410988,20.31946887889151,99.43586275380665,0.0132612391411094,4.069132967275963,9,0.00016307928
2020-09-13,290.36374,280.27368,295.88843,296.9423,290.74957,305.10986,-0.79149055,-2.7937822,2.2089672,0.40688846,-2.9552412,1.901645,-2887908.2,-1389904.1,8783904.0,93675.78,-0.02771505,-0.041244272,-0.01668403,3025.140722000964,1996.1717300852845,72.11076074639247,1.028968991915679,2008.451174274776,4737.839291776808,1009.1762762423192,2759.733343741424,22.0494749429926,99.3672586669846,0.0135770514967011,3.597443096710657,9,0.0018274545
2020-09-14,286.83905,279.0393,294.85034,296.4974,289.05615,306.9912,0.8544429,-1.7754526,3.6816473,-0.6518286,-4.234929,4.838145,-3259786.8,-1314565.6,9115007.0,93721.875,-0.03128394,-0.057899613,-0.015234883,2992.2159784590563,1614.375269366913,62.12361437072525,1.3778407090921432,1803.7815118015967,5266.790803039433,927.0251651715148,2590.721728875324,19.9241431472851,99.00471681508154,0.0238390328544419,3.865616549156429,9,0.00032274018
2020-09-15,287.7905,285.489,293.31482,290.72635,287.49634,297.00952,-2.145181,-4.79486,1.3956118,3.2193317,1.1279256,5.0432787,-3083652.8,-2068771.4,5554047.5,94075.06,-0.029593596,-0.06786217,-0.012402447,2019.4276995042503,1667.792401280345,83.87992709942061,0.3516352982239051,1631.7208407657902,2953.0333914616367,1431.6410068740463,2357.3579386506253,49.27015995275752,98.39672451457744,0.0322348537574123,1.498069116030148,9,0.07295071
2020-09-16,288.1884,281.5149,294.07666,293.55032,287.7213,303.47754,-1.6278778,-4.3703938,1.1729145,0.3405707,-2.7165356,2.9016798,-3011649.0,-1966457.4,8638207.0,93667.914,-0.028902581,-0.05041308,-0.016587527,2492.2831157418827,1724.788693174778,75.64067283415797,0.7674944225671045,1655.6098204319997,4317.041276362455,1098.2004887969854,2470.72665917182,25.953418608794525,98.7423280739576,0.0284430984466271,3.1919045767631484,9,0.006137644
2020-09-17,289.3883,278.35156,294.55518,295.4811,289.83435,305.27417,-0.17205577,-2.0541239,3.0244598,0.086851366,-4.758157,4.171111,-2717277.0,-1643747.0,8423529.0,93341.445,-0.026077516,-0.039992254,-0.016471474,2786.022582827983,1883.2899303192069,75.2865089553009,0.9027326525087764,1895.4386476599625,4782.112322495876,883.8669387111252,2544.353292144352,19.041217130543668,99.63419151275846,0.007538058404059,3.8241358108149472,9,0.0009574061
2020-09-18,288.65915,281.55542,294.21362,295.53162,288.82275,305.39355,-0.26584926,-2.767541,5.281825,-0.2218501,-3.9524107,3.7200356,-2781066.2,-1710850.0,8480428.0,93233.66,-0.026689695,-0.04595598,-0.014418994,2809.8585658822844,1774.1994101780456,69.68178507224523,1.035659155704239,1777.0622263992288,4814.506745907468,1101.2205495116152,2491.607105202958,23.0240941419977,95.88566544226444,0.0795786988460449,3.703557998462762,9,0.0008048546
2020-09-19,289.55566,282.25537,295.3213,296.87473,290.36926,304.89868,0.7805345,-1.354928,4.8774796,0.23259144,-1.747817,2.8913517,-2662227.8,-1751278.4,8794143.0,93200.125,-0.025549209,-0.043039873,-0.013927875,2996.2912311127893,1886.7931826262773,67.27385556389912,1.1094980484865122,1960.7910817138577,4681.460577897997,1154.549595866585,2666.238224407734,25.925891588826936,99.25958507508736,0.0170046137963199,3.394810520184218,9,0.0032670365
2020-09-20,289.5946,287.6917,294.2339,291.0367,288.36847,295.78564,-1.0643853,-2.857624,1.6753988,2.791005,0.48811358,4.4366827,-2134440.2,-1213225.5,3367339.0,93595.97,-0.020484071,-0.04967337,-0.011455346,2052.253582463362,1872.5686894552407,91.52922360034783,0.1796848930081211,1726.0521268149685,2742.579106784904,1652.4490581945774,2494.709469431479,70.32674287441868,99.55521013360338,0.008439414729321,0.8138125502287555,9,0.07371774
2020-09-21,288.1437,286.47662,291.35852,289.092,286.6007,292.36884,-1.2750902,-2.868946,0.21591377,2.631971,1.1428187,4.731182,-2183351.2,-979760.25,2637839.5,93751.664,-0.020953467,-0.04391955,-0.013618671,1812.1310686423476,1703.4689836920013,94.23975040609604,0.1086620849503461,1539.5982638550454,2222.955495561601,1527.203321246329,2086.884222333304,76.27518123597105,99.64139142263076,0.0061740416078214,0.501437713677212,9,0.11646758
2020-09-22,286.75824,285.5509,289.83472,287.45322,286.15625,290.96057,-2.0337775,-4.1733036,-0.42199326,2.7272718,0.45591542,4.4684553,-2298287.8,-716820.06,2138130.8,94018.62,-0.022056505,-0.04809561,-0.01619996,1629.605053104192,1557.1565521332068,95.6596953003503,0.0724485009709852,1495.6061234378908,2035.32969708424,1437.4709746860417,1895.4827261820035,81.56038385852999,99.73583480019184,0.0040935040417709,0.3303347300238708,9,0.35918805
2020-09-23,287.1086,285.3368,291.02856,289.33218,286.14062,294.7879,-2.7215912,-5.234311,-0.6377468,1.3429154,-0.47493076,2.5403392,-2729635.0,-680172.5,4017311.8,94152.945,-0.026196113,-0.040169757,-0.021802232,1856.4733576989024,1595.2196259781977,87.4707503095719,0.2612537317207048,1494.079921070041,2580.851733667742,1417.3903286724012,2044.058198880795,61.65802888016495,99.3307205620084,0.0103518958439233,0.9410166496548344,9,0.121156454
2020-09-24,288.70374,285.2566,292.72217,291.61966,287.58276,298.0791,-1.2341613,-3.1703997,0.19569492,0.68293506,-1.7520742,3.5425346,-3250638.0,-1402345.6,7944596.0,93996.44,-0.031196143,-0.04111363,-0.023268467,2158.426614555225,1768.6018533134338,84.96364743001511,0.3898247612417911,1640.861823975477,3148.3956925869525,1409.9325296360696,2272.3475418930725,44.80991571294843,99.32854631784085,0.0114225708804588,1.7376022364286403,9,0.007239945
2020-09-25,289.4971,284.35522,293.30078,292.58936,287.90332,300.3573,-0.78159094,-1.9994841,1.825738,0.5778898,-1.049305,3.2160375,-3396238.8,-1515063.9,8451773.0,93733.99,-0.03259346,-0.042175643,-0.023028666,2302.482410574415,1860.7922342084323,84.38110696020796,0.4416901763659826,1675.1607642148997,3602.5802409493785,1328.4613903691115,2355.3124959617376,36.87527553915151,99.49941385656062,0.0085373152005245,2.274118850580267,9,0.00051142386
2020-09-26,289.9742,283.77246,294.67603,294.70572,288.61035,303.07764,-0.39251444,-2.486082,3.6903334,-0.35174632,-3.042121,2.3251715,-3727794.0,-1243299.1,9030071.0,93329.6,-0.035775375,-0.047221974,-0.023107588,2654.431839704313,1925.6059787277131,78.8207513707128,0.7288258609765995,1753.0496376211695,4219.066662789196,1278.0229950890755,2563.2491896169417,30.29160468974869,99.51643072428612,0.0092677122017448,2.94104366770012,9,0.001036372
2020-09-27,288.35764,282.7605,294.5923,297.26163,288.40833,306.11658,0.7014475,-2.1672,3.638298,-1.7502117,-3.645424,2.032486,-4420157.5,-508414.6,9844839.0,93037.47,-0.042419933,-0.05879997,-0.027057054,3148.458504618778,1745.7489125423892,62.74583101953584,1.4027095920763888,1730.4752978776626,5014.811965057497,1194.4378676892015,2550.142635688484,24.12996416345491,98.6998510224808,0.0311681697633202,3.755581368137889,9,9.357404e-05
2020-09-28,289.48047,284.86133,294.01733,297.46997,291.57275,305.5869,0.6936021,-2.5963469,5.300138,-1.3990649,-4.3349867,1.8173447,-4067197.0,-645084.75,8540420.0,93119.09,-0.0390326,-0.054123204,-0.027391085,3121.56644798714,1867.947368149061,63.954413123665205,1.2536190798380786,2115.1102221626884,4867.379545128278,1373.67971413009,2461.729913082803,30.05277142387532,93.38850272754595,0.1434128424343221,3.31851550805728,9,0.008455948
2020-09-29,291.49826,289.95886,293.70734,293.90195,290.90778,300.79883,-1.6984172,-3.872221,1.9995823,1.3152523,-2.406437,3.1987038,-2944493.8,-1472844.4,6773113.5,93563.26,-0.028258096,-0.03904479,-0.021470156,2465.64009959689,2107.1004839729226,86.89255843868735,0.3585396156239682,2028.5747730449875,3696.9371515777934,1910.477356976288,2415.184739775348,55.56744439368044,99.50868713297844,0.0101011072937258,1.6426436556054895,9,0.01850554
2020-09-30,291.65475,281.20117,297.31592,297.1439,291.06866,307.802,-0.981522,-3.2064247,1.7758017,-0.15763222,-3.4153318,3.655386,-3853796.0,-1201261.9,9072756.0,93475.98,-0.036984604,-0.049283862,-0.022321455,3127.65349553494,2147.496054556095,76.8711413403832,0.9801574409788452,2049.221373259012,5510.151636515914,1075.0685524063692,3007.882239992512,19.510689057663363,99.17658672452164,0.0174918412078905,4.435083084109545,9,0.004786883
2020-10-01,291.40744,283.53784,296.96436,299.31958,292.01947,308.47986,-0.27530274,-2.0993977,2.1239395,-0.95943594,-3.926241,2.0675287,-4281474.0,-997260.3,9608340.0,93247.22,-0.041089002,-0.055695504,-0.025499308,3559.981509751902,2121.414498516497,68.6597016318464,1.4385670112354054,2175.0468907749264,5721.065337874877,1258.1982283217017,2945.022604162428,21.99237648960441,99.42281522190056,0.0127436156777612,4.462867109553176,10,0.0025436832
2020-10-02,289.1462,282.66455,298.33838,301.49173,293.3529,309.74597,0.59583473,-2.1701183,2.7154546,-1.9335164,-4.7364454,0.46481133,-4701607.5,-661025.3,9956981.0,93130.305,-0.045120995,-0.06751777,-0.026504045,4010.558720484829,1838.1099528606649,51.26908454826712,2.1724487676241653,2362.9151632620246,6133.882967470031,1186.7690261959724,3197.4222021009405,20.3925432862172,86.60746756647879,0.4092138794910097,4.632853418828231,10,0.00011133734
2020-10-03,290.62607,285.12085,294.18488,296.53607,291.71838,305.98438,-0.12836684,-2.4203672,3.6105738,2.8112361,-1.691927,5.673682,-2846116.2,-1996605.5,7205010.5,93451.57,-0.027313976,-0.05375008,-0.016124368,2920.9120866887447,2006.6845211166265,72.18231655351984,0.9142275655721188,2134.4883042023557,4977.653713599793,1397.3886317633944,2487.2116625645976,33.94503769709617,97.6093415804991,0.052999006995939,2.8917536702161826,10,0.0099583175
2020-10-04,290.56583,289.56238,293.3871,292.61234,290.1482,298.16846,-2.7824175,-5.6489334,-0.10161781,2.7472441,1.1369381,5.247671,-2797592.8,-1436936.4,4489182.0,93728.43,-0.0268483,-0.05542373,-0.012184652,2266.2713121894863,1986.5472239824248,88.43430364704808,0.2797240882070614,1933.5459752345823,3165.2170369594683,1862.9506644509088,2367.9121957899147,59.323086509881975,98.4787079460719,0.0297750572798154,1.28751259589848,10,0.09615601
2020-10-05,291.28906,284.92578,295.52148,295.90662,290.471,307.45044,-1.6452929,-5.2407446,2.8646212,0.5962551,-2.1596012,3.0796337,-3795335.2,-1740691.9,8912423.0,93422.16,-0.03642356,-0.054112222,-0.021108204,2872.6832469281658,2090.722874185212,78.43035003177629,0.7819603727429545,1973.4433719938197,5403.453396755215,1379.5345867300475,2698.9192877525948,25.530609509068057,99.04010403234254,0.0242429367862741,4.023918810025168,10,0.012138417
2020-10-06,292.44315,283.30933,297.25293,297.79922,292.59753,308.14014,0.09101856,-2.87858,4.121695,0.29320157,-3.2751226,3.9027185,-3313854.8,-1470741.4,9243213.0,93233.46,-0.031802826,-0.046919584,-0.019201942,3202.332362776666,2256.889331413329,77.07208447666275,0.9454430313633376,2254.8162792452445,5614.499880608738,1239.1503477491606,2996.534296022728,22.444019856397357,99.12046197454822,0.0200526303692417,4.314581476582637,10,0.0019368076
2020-10-07,291.77414,281.45337,297.79077,297.79343,291.10785,309.8672,-0.47609332,-3.009222,4.035924,0.108503364,-4.7781487,3.9176702,-3553895.2,-1713499.5,9377591.0,93336.086,-0.034106478,-0.050282903,-0.01960136,3262.287591537648,2171.049977681219,75.64503541820686,1.091237613856429,2054.2777269886474,6174.73084093898,1093.6297898777516,3094.64913364476,18.21220009863084,99.7133533080654,0.006098810671262,4.9112997845560855,10,0.0038937945
2020-10-08,292.1565,287.4536,296.31177,296.69556,290.89246,305.19092,-0.15801673,-3.2938795,2.8219628,0.39530608,-3.4760294,4.4241033,-2957238.2,-1166029.1,6768380.0,93326.94,-0.028380403,-0.04730014,-0.014922889,2950.977631864569,2206.32925264411,78.12638234917081,0.7446483792204596,2026.6183628218168,4759.634922445766,1627.2185648015088,2831.3823335787606,34.187886073525846,99.50784815991253,0.0113234792112657,3.1324163576442574,10,0.041642558
2020-10-09,291.76663,289.80212,295.2295,293.61993,290.5443,300.22827,-0.69749194,-3.1222486,2.2771845,0.6030853,-3.203456,2.9258995,-3350979.0,-1294613.9,6571568.5,93163.41,-0.032159105,-0.046226818,-0.027249776,2427.004841504607,2146.9106709364733,89.73068207710396,0.280094170568134,1982.6031811763207,3575.40664018561,1891.5632631870465,2651.3690708174563,57.6366335538122,99.80850663154366,0.0041417287853801,1.5146626169231614,10,0.27643803
2020-10-10,288.0264,283.83557,292.8275,291.56015,287.5581,297.61694,-0.09958953,-2.7098522,2.4292862,1.9640497,-4.142438,5.3143196,-4347494.0,-1824854.1,8917566.0,93266.0,-0.041722592,-0.06332233,-0.033556186,2132.179566692377,1700.0335582621146,81.211367399735,0.4321460084302624,1638.2492214064032,3062.6358634269072,1283.4024481959304,2287.258985316635,45.38905078925541,99.7336445054813,0.0052308245715676,1.6617734137377016,10,0.05907367
2020-10-11,284.79193,282.42578,288.2362,289.62442,284.88184,296.31714,-2.6447084,-4.392194,-1.0292158,1.685748,-0.2791763,3.7738354,-4427290.5,-2165055.0,10735484.0,93646.29,-0.042488392,-0.06961257,-0.027728584,1905.319907033069,1369.7049553297372,74.5594199640479,0.5356149517033321,1375.5402488270774,2832.301740996461,1167.872945364201,1711.4448620837748,46.63443568024801,94.19281517570164,0.0845272913814392,1.4872875965530743,10,0.0015325021
2020-10-12,287.08487,283.78473,291.2522,291.059,284.6931,300.17102,-1.5630301,-3.9102316,0.10790253,1.0341157,-0.74155957,2.555617,-3986370.2,-1782552.9,10368092.0,93615.84,-0.038256913,-0.05764937,-0.027325684,2120.025504481035,1602.151077233574,79.08599214615342,0.517874427247461,1358.5023874577892,3563.406963279691,1279.067151628271,2072.998971565177,43.512383849407385,97.94838796519504,0.0285886405956973,2.0128836473009204,10,0.000101538084
2020-10-13,289.05957,281.5835,295.60303,294.54297,287.55884,303.82312,-0.05237436,-2.4600515,2.486289,-0.008455749,-2.8668442,2.5096936,-4345367.0,-1619413.0,10672763.0,93337.07,-0.041702177,-0.058572013,-0.028997222,2663.4791951428856,1823.730395100936,76.45761244454414,0.8397488000419497,1638.3267706921083,4403.300108860617,1103.3170559987498,2712.331095367432,25.236583208788677,99.68002108493792,0.0057834784822382,3.292057612955325,10,0.00015970157
2020-10-14,291.86646,288.64294,295.31885,294.73892,289.9414,304.13184,-0.19452244,-2.3783789,2.1537058,1.3803502,-0.98237693,3.921034,-3720045.0,-2013334.6,9970935.0,93257.195,-0.035701007,-0.04732322,-0.024736933,2618.7846330901075,2159.167342947571,85.34423763038869,0.4596172901425368,1908.362690206737,4481.624582667753,1756.7156936307993,2665.841824464588,39.59893838885109,99.88449793894716,0.0024988788013265,2.7069488253575447,10,0.008262174
2020-10-15,290.67337,288.7085,293.51257,291.96286,289.47803,295.25818,-1.0157797,-2.4680138,1.6710491,2.3356535,0.9986435,4.1127405,-2525000.2,-1388502.0,4853124.0,93629.375,-0.02423225,-0.04421403,-0.018503306,2173.6412778439503,2001.9729583799808,92.47641366210242,0.1716683194639699,1852.974655509193,2656.007856618412,1764.1094162887869,2386.3380166064017,70.14359724004547,99.47979147691645,0.0105902777251042,0.775420078678949,10,0.056914166
2020-10-16,287.25244,285.37427,290.539,289.5041,287.28857,293.87415,-1.3629475,-3.0483608,1.6804905,2.8565814,0.62371624,4.3877707,-2947104.0,-802863.75,3900331.8,93897.35,-0.028283147,-0.05931271,-0.020300183,1862.859722910238,1608.8338126964527,86.88940062133322,0.2540259102137853,1609.92940542444,2440.1337720158385,1420.887071158695,1981.9383955421224,62.60364083228279,97.40015389410856,0.0440226014472475,0.8533771485731723,10,0.05343137
2020-10-17,286.27927,284.3623,289.89832,289.35944,286.26147,295.21716,-2.1769638,-4.053957,-0.4058752,1.9735595,-0.081019044,3.632619,-3270490.8,-1776275.5,7476916.5,93813.18,-0.03138667,-0.05320304,-0.019028619,1859.616911156484,1509.783434231057,82.99323276978026,0.3498334769254265,1505.9199384591864,2649.3775620586475,1329.0848065186135,1903.151371351078,54.4148374930509,98.72808887378464,0.0194542836826881,1.2044114095144305,10,0.016496396
2020-10-18,287.88654,284.66168,292.24097,291.29843,287.1129,297.76526,-2.2439425,-4.4463863,-0.5809164,1.1968133,-0.54130936,3.2405124,-3062072.8,-1392181.1,7100315.5,93524.49,-0.029386494,-0.04691387,-0.01953201,2116.9901948206784,1682.850387834944,81.40014684596348,0.4341398069857343,1591.7054763809033,3089.932300634529,1355.6827198482597,2205.3144505991427,53.825606428307125,97.64867744683416,0.0457632460987874,1.423595106605937,10,0.002858919
2020-10-19,290.39005,288.27795,293.9253,293.4456,289.62463,300.39343,-1.3211366,-4.1300077,-0.061148643,0.44293144,-1.8617401,2.5825663,-3258079.0,-1579322.5,8344879.5,93402.625,-0.03126755,-0.041894723,-0.022901356,2414.314496995173,1967.903415412188,83.92337034285019,0.4464110815829851,1870.3438105927105,3610.222147737285,1716.043766461121,2447.828845219659,47.53291338419869,98.61271783164923,0.0261537560291069,1.8941783812761632,10,0.030705106
2020-10-20,291.29443,288.51147,295.9784,293.8633,289.8241,299.91174,-0.14101966,-1.981739,1.3097606,-0.09139121,-2.4323912,2.4484568,-3805618.2,-1656587.4,9466716.0,93492.71,-0.036522247,-0.04698018,-0.027255109,2470.738393525377,2084.4198013765385,86.46373297761617,0.386318592148839,1894.2048146807576,3509.5025291111147,1741.9690222575746,2774.825452298206,52.34509684252077,99.74018954597302,0.0052280751858816,1.6701567701418585,10,0.07179095
2020-10-21,291.35117,289.02222,295.58276,292.9762,289.19727,298.61646,-0.7670103,-2.7553396,0.8352793,1.1963307,-1.0829563,4.282179,-3562676.0,-1758044.6,8413930.0,93671.1,-0.034190748,-0.04390577,-0.02910554,2329.1491514162085,2090.7903476452548,90.9859485660442,0.2383588037709537,1820.1068096923905,3250.744339922262,1799.8747860405172,2708.992780945396,57.0010666831944,99.84138388967924,0.0031589145527011,1.3904113355302496,10,0.037342045
2020-10-22,289.30807,286.18274,293.23584,292.38443,288.74463,298.24097,-2.6453812,-5.3705187,-0.51966095,1.7297817,-0.31413263,4.1255584,-4079354.8,-1923384.9,9431099.0,93778.77,-0.039149277,-0.051476683,-0.028892752,2250.8103242860857,1837.766682510897,83.9238965412526,0.4130436417751888,1768.1965995736728,3178.9248797147825,1498.1966496307657,2345.870344538427,47.79343709085197,99.77824555194329,0.004041830648397,1.6596074171628563,10,0.0069055073
2020-10-23,289.0014,286.66113,292.55835,292.66193,288.13147,299.65833,-2.4980538,-5.240179,-0.866004,1.0020925,-1.1161404,3.8312254,-4390209.5,-1784483.6,10380647.0,93624.85,-0.04213253,-0.057566762,-0.030469637,2310.848619254008,1802.8830752872625,81.02552681465521,0.5079655439667455,1699.9549352034342,3457.506377038914,1545.6661636564488,2249.329068656474,45.53131314806291,97.36282248087424,0.0536010551085146,1.8490660695873185,10,0.0018636221
2020-10-24,290.5352,288.23657,294.0548,293.4341,289.64893,299.4812,-0.52376276,-3.0584297,1.7203903,-0.078379996,-3.2532997,2.2313004,-3312596.2,-1338681.5,7966349.5,93296.09,-0.031790752,-0.04410041,-0.023874396,2406.0562432074125,1985.393251061813,84.65437060148767,0.4206629921455995,1873.2355731137168,3421.565188843192,1711.4851561786957,2467.409694983856,52.97238878759736,99.350571627346,0.0121653232984483,1.580740333554017,10,0.072139904
2020-10-25,291.1022,288.95203,295.43726,292.99356,289.02917,298.5575,-0.6349933,-3.1057358,0.5636158,0.83872825,-1.082818,3.5801373,-3451405.0,-1498220.9,8193404.0,93049.6,-0.03312289,-0.044541296,-0.028041814,2330.8894032949847,2058.4481984462013,89.55216309497018,0.2724412048487836,1800.6751985701176,3239.374033717407,1791.8179245382462,2685.1268104793858,59.8834752010152,99.58165194411372,0.0082133858052652,1.2995242875681177,10,0.09494976
2020-10-26,289.93945,287.19653,293.77112,293.0276,289.11084,299.18518,-1.2538642,-3.6656103,0.4667778,0.88699967,-1.2493477,2.525781,-3641120.0,-1351890.0,7788940.5,93018.43,-0.03494357,-0.049142253,-0.026169255,2348.3184841437146,1912.6576760853195,83.92769059707429,0.4356608080583951,1810.0929297471037,3362.226857102033,1600.3577562623564,2424.697803224721,47.59814921119674,99.30651271677314,0.0132203187285938,1.7618691008396767,10,0.020402221
2020-10-27,290.7043,285.865,295.8059,295.24704,289.9099,301.90735,0.7424216,-2.3438597,5.2641516,-0.72830176,-3.3308077,2.520008,-4368543.5,-1335558.8,9640185.0,92621.54,-0.0419246,-0.05678233,-0.029971901,2719.188955817643,2009.8556327352408,78.20201959884362,0.7093333230824025,1904.5526196363448,3943.409038001441,1467.3812817236608,2745.9536471504066,37.881175550962425,99.3986719475814,0.0122951305618996,2.406261128738387,10,0.006465358
2020-10-28,288.43652,280.1455,295.83398,296.67255,290.15002,304.26538,1.7281137,-1.8181543,4.6741877,-1.0495695,-3.2146206,2.3309956,-5565003.5,-1176760.1,11812943.0,92624.695,-0.053406943,-0.07197761,-0.035753593,2981.5059421747223,1765.595183513337,64.91499113802874,1.2159107586613858,1933.770265564721,4515.881032019557,1000.3568026218804,2750.6352256100886,22.32599607006603,98.74365473336866,0.028660197120645,3.5076656102820136,10,0.00073984615
2020-10-29,290.56625,285.1621,294.9641,294.86832,289.0111,304.63013,-1.0204091,-3.2578,1.2766247,1.0678393,-2.2433891,4.8207555,-4375726.5,-1715261.5,10932219.0,93013.13,-0.041993536,-0.057633854,-0.031365633,2656.4505925141707,1996.6505561779768,78.5427064734568,0.6598000363361943,1798.597582727641,4610.610440609997,1401.1909938076412,2608.7908444431137,30.390574347076257,95.82235366543152,0.0785436183619801,3.209419446802355,10,0.0002963152
2020-10-30,289.96243,287.29956,293.02075,290.65402,287.96765,294.27625,-1.8059119,-3.7413368,-0.06897545,2.6371262,1.0308616,4.8862314,-2250755.5,-664923.44,2865742.8,93477.27,-0.02160034,-0.051748462,-0.0154040735,2001.070661639614,1915.600876141439,95.7534563589529,0.0854697854981752,1682.119540199125,2501.205472268887,1611.0752683507685,2314.834314459095,87.28022098935959,99.71824450814998,0.0055957473192443,0.2780688403468209,10,0.2710363
2020-10-31,287.31375,285.69238,290.54175,288.83774,287.31592,292.49695,-2.3203812,-4.4512205,-1.0424881,3.4826376,2.1369371,4.8838415,-3006775.0,-476051.47,2664080.2,93635.75,-0.028855804,-0.063696794,-0.019234149,1781.4453059001169,1614.096403241619,90.77410402770757,0.1673489026584975,1612.782660586421,2240.7542937241315,1450.87685681143,1982.282225729939,76.9286872512025,97.83884660765474,0.0356448886326893,0.4483451049622465,10,0.12875734
2020-11-01,285.6747,283.53833,289.1372,288.02768,285.86633,292.55347,-1.8565556,-3.1667871,-0.62131405,3.2618377,1.5820358,5.037365,-3413007.8,-1201148.9,5499686.0,93549.15,-0.03275439,-0.058111355,-0.023026772,1693.703828520245,1451.6217198882075,86.21388089014856,0.2420821086320376,1467.5103207806503,2248.6461257872243,1258.2392037577472,1813.1428651034937,66.07193767884769,97.63161898211706,0.0362346482785892,0.6587030744288145,11,0.062181387
2020-11-02,284.25012,281.62122,287.7627,287.88364,283.9701,294.02307,-1.864594,-3.5686417,-0.35343552,2.1152506,-0.3601125,4.366438,-3471989.0,-1576023.4,7682495.5,93467.695,-0.03332043,-0.05217667,-0.024849484,1693.3321931055125,1321.5169346500347,80.22210431584246,0.3718152584554774,1294.9355684282664,2462.5987123860764,1106.1392120204118,1660.0372846706828,48.61027991589452,99.5101288511452,0.0065177053419627,1.1925237385136442,11,0.019861212
2020-11-03,284.19165,281.73206,288.13574,288.1777,283.18616,294.8811,-1.9958128,-3.287775,-0.4423418,1.5551449,-1.2183218,4.1917973,-3574076.2,-1655649.0,9112148.0,93395.9,-0.034300156,-0.051972583,-0.02513456,1736.1894820715113,1318.4200103391497,77.96110159799885,0.4177694717323618,1228.9894604264257,2595.5965177105654,1114.4690517100169,1700.4223077569784,57.424701038591465,93.99912764275795,0.0753051609972019,1.025725286304975,11,0.0028322886
2020-11-04,285.78378,283.3639,289.92065,288.76218,283.5149,295.5011,-0.66718966,-2.3911285,1.1228037,1.9827275,-1.0835934,5.44907,-3831717.8,-2273809.5,10522027.0,93448.77,-0.03677272,-0.048180833,-0.02888915,1801.3060347722069,1463.214494422093,84.02541026342138,0.3380915403501141,1256.273709425502,2695.5754278986137,1243.675378644257,1905.8514267884616,48.43676313352073,99.97264656354876,0.0003801274691413,1.3899259428019746,11,0.012504755
2020-11-05,287.24734,285.1228,291.3557,289.03043,286.1162,294.3269,-0.98803216,-2.4442558,1.2920341,1.9168668,0.68015164,3.6789398,-3537306.0,-1917330.6,7844102.0,93379.06,-0.033947274,-0.044947885,-0.028934533,1815.6617662808503,1608.8638312944088,89.76971493337707,0.2067979349864418,1491.6979749863387,2508.9939355741003,1397.5684200613969,2086.5165153699213,55.7023434869965,99.66665272987524,0.0051310259273291,1.1114255155127035,11,0.10386238
2020-11-06,286.1619,283.3639,289.5288,289.66776,284.95093,296.17212,-0.8227916,-2.5176868,1.1472931,2.013287,-0.89189625,4.573695,-3994574.0,-2116757.8,10148397.0,93490.41,-0.03833564,-0.050015833,-0.031065859,1905.2974574612217,1499.5657765160806,81.48785541584864,0.4057316809451409,1381.8248294047069,2807.569297259888,1243.675378644257,1858.9748323940792,45.914285274206,99.28910875974044,0.0098509091065584,1.5168514514230524,11,0.01260604
2020-11-07,287.02206,281.99536,289.9292,290.89496,285.01587,301.62695,-1.109234,-2.8147774,1.4219656,1.3836848,-0.65308666,3.7103395,-4294968.5,-2050781.9,11074566.0,93695.24,-0.041218508,-0.053099707,-0.030603284,2092.9866205605213,1588.6355819614355,79.85241460728928,0.5043510385990854,1387.7549397841613,3879.7473432772376,1134.479346327611,1906.885124544712,29.241062521594817,99.11600345108988,0.0123818012492008,2.7452679969496265,11,0.00085172587
2020-11-08,287.41376,281.99072,291.99,292.30475,284.5144,302.1272,-1.2301575,-2.9172125,0.38922215,0.9435188,-1.8949203,2.990097,-4592485.0,-1849568.5,12101444.0,93641.94,-0.044073753,-0.058678377,-0.032060433,2309.8489125104816,1634.9258472450592,77.20770952080811,0.6749230652654221,1342.5399162227418,3993.960041514765,1134.1240986365074,2171.046066761236,28.89645499738532,99.61138071169316,0.0061094533229934,2.839847175504899,11,0.00010360929
2020-11-09,290.5944,287.28723,293.71228,293.46094,288.04114,302.92163,-1.643206,-3.6791563,0.03269291,1.4394035,-1.0541077,4.5046616,-4003793.2,-1956850.9,10935541.0,93512.47,-0.03842412,-0.051858768,-0.028518379,2435.210317804652,1996.9811788597824,84.89114355703977,0.4382291389448693,1690.0997560083924,4181.375201836747,1609.789404703681,2415.920944025838,46.887296050829455,99.24665009944842,0.0135584030355405,2.220841431955584,11,0.0051088585
2020-11-10,291.64136,288.71753,294.89673,293.81848,290.87048,299.8026,-0.86245465,-3.778328,3.2464914,0.26242006,-4.1716366,2.7722528,-3254734.0,-1049296.1,6462586.5,93419.75,-0.031235453,-0.040575624,-0.02605821,2454.357956358775,2127.7065326674424,88.23788062624766,0.3266514236913326,2023.8152489004256,3487.027932990359,1765.1304325636806,2598.075678048628,52.80543985999543,99.53152931045406,0.0100104589017273,1.645687494933893,11,0.16436802
2020-11-11,292.08643,290.26392,295.0763,294.00552,290.46887,300.8114,-0.68434507,-2.3675299,0.9167757,0.9260769,-1.2350941,4.424055,-3787531.2,-1643466.1,8680598.0,93330.41,-0.03634867,-0.047097504,-0.028766273,2486.1071306544104,2186.7637550267023,89.80281785006484,0.2993433756277079,1973.1769917468985,3699.655436712057,1947.7661324009557,2626.7159670970277,55.162847558847474,99.66234681308984,0.006932847481549,1.6555914430657237,11,0.070416495
2020-11-12,292.04315,290.4455,295.6681,293.89398,290.71295,299.88806,-0.45526138,-2.183467,1.7534122,1.0524458,-1.0866718,3.655859,-3495427.2,-1346356.6,7733283.5,93165.88,-0.033545367,-0.043421008,-0.02702114,2465.2978150968547,2182.067830387076,89.78132242027887,0.2832299847097794,2003.8180027274243,3504.6147649166246,1970.264094054888,2723.0742757601483,58.57199633073344,99.46455910753978,0.0111841163026533,1.4293993835875816,11,0.113339
2020-11-13,291.91135,289.98804,295.10693,294.00168,290.03564,300.38367,-0.19123787,-2.3393497,2.5795946,0.91117173,-0.8673954,3.5926933,-3715166.0,-1515074.6,8415584.0,93123.29,-0.035654183,-0.045568135,-0.029478138,2486.332967718153,2163.515359167173,88.69604658582735,0.3228176085509801,1919.8033994584616,3608.155372021943,1914.0162567451105,2631.6304547944965,60.04676965145778,99.77007107146304,0.004428689834169,1.4415746271172274,11,0.038408067
2020-11-14,292.23846,288.65405,295.3623,294.90042,290.9928,300.74353,-0.2915289,-3.1414309,1.932615,0.16362722,-2.0273619,2.5203867,-3868029.2,-1257994.1,8280896.5,93134.24,-0.037121203,-0.047071885,-0.029541604,2627.3792206140474,2208.958957911572,85.86176215930993,0.4184202627024757,2039.462635800016,3685.002676203306,1757.9667127870243,2672.905469669281,47.7059819831196,99.16023634769935,0.0198409562696624,1.927035963416282,11,0.054093737
2020-11-15,292.88522,287.1294,297.9829,296.93027,291.28638,303.19104,0.025006011,-3.1036682,3.053114,-0.17556484,-2.1604834,2.1440368,-4940042.5,-1342275.4,11007632.0,93125.72,-0.047409236,-0.060098935,-0.03378066,3004.2344283062853,2305.6287683803357,80.48942938625983,0.6986056599259501,2077.4537830950035,4246.650976997486,1593.4074058301742,3130.3749339589085,38.36391022681954,99.53362254042004,0.0098662837670826,2.574405035621183,11,0.018791521
2020-11-16,293.30884,289.42505,297.42175,297.36804,292.98352,302.6808,0.71163136,-1.8669748,4.3484426,-0.29110545,-3.387764,2.7334805,-4554927.5,-1181700.9,9634006.0,92900.75,-0.043713316,-0.056339964,-0.033506826,3052.8678990561853,2366.5393276601585,80.30354168006753,0.6863285713960267,2309.4987483299287,4123.763360508568,1846.7330041119744,3027.034133245784,46.06759152730123,99.83619645445567,0.0038364416153981,2.22404490003697,11,0.04650798
2020-11-17,292.49527,289.55353,296.8938,294.7302,290.69653,300.58008,0.08859319,-2.9728603,3.2471924,1.6353673,-1.6381826,4.7698555,-3753521.2,-1620156.1,8046816.5,92883.91,-0.03602228,-0.05000119,-0.031535964,2587.1058802853154,2247.1160029470084,87.50566263566712,0.3399898773383068,2001.7438471341136,3649.922716950752,1861.9017658330167,2932.546524850773,59.49376617509748,98.97547810809672,0.0228147796173861,1.4784462301563066,11,0.043238375
2020-11-18,289.36087,287.68323,292.42432,290.93478,288.34375,295.12524,-1.9637197,-4.0968504,-0.59569454,2.3650436,0.6942047,4.4481554,-3243868.2,-871215.06,3842268.0,93056.63,-0.031131173,-0.06198006,-0.021767043,2037.6417713713845,1841.3665763911515,90.6420776181838,0.196275194980233,1723.313810745143,2634.571244308152,1651.5441695449726,2230.648214163382,76.74842271220508,98.06190439187093,0.0382875094283476,0.5797547695559135,11,0.2091716
2020-11-19,289.04688,285.45557,292.97363,289.79276,287.04907,293.87195,-1.3135167,-4.152463,0.6206856,2.1598165,0.63925004,6.2323494,-2235516.2,-498003.4,2304179.5,93001.99,-0.021454092,-0.04467169,-0.0152486,1896.483685929854,1810.305071042612,95.4102449777227,0.0861786148872421,1585.1271692373527,2439.803671806123,1428.4989713374905,2308.083576261785,79.97979118639043,99.6784765070687,0.0058713819459003,0.4338499304714858,11,0.20792103
2020-11-20,286.5468,284.79077,290.3313,289.57495,286.33704,294.4187,-1.8220764,-3.603404,0.024272919,2.3548281,0.5532385,3.5998745,-3566891.8,-1262821.5,6574352.5,93313.26,-0.034231205,-0.054130685,-0.025972044,1880.1499533845747,1536.7736292770298,82.94246411621951,0.3433763241075447,1513.3648402983647,2523.161186823066,1367.295513996829,1956.088478832371,62.15089837774736,97.0315689001508,0.0472819377074856,0.8854060601055285,11,0.027538681
2020-11-21,287.2949,284.4768,290.688,290.68323,286.34937,297.23328,-1.8833188,-3.4118166,-0.17668629,1.5887552,-0.38332385,4.165208,-4320161.5,-1736093.4,9838393.0,93409.57,-0.041460283,-0.054749724,-0.03493056,2033.3164562658003,1613.578271707126,82.19138013263137,0.4197381845586745,1514.5826679548902,2993.001240218064,1339.202814203244,2000.665107243327,44.98188412964771,99.53355618225096,0.0073818478912216,1.6466928903442557,11,0.014191534
2020-11-22,288.01404,286.38135,291.48108,291.37784,286.89636,296.97144,-1.9892911,-3.4512444,-0.4087038,1.7606821,-0.24186122,4.1856833,-4388587.5,-1869607.5,10755953.0,93621.35,-0.042116962,-0.054308265,-0.036310647,2121.626164370337,1689.4959371745242,82.11697691780309,0.4321302271958129,1569.489028499438,2946.2770904906038,1517.7458079863438,2102.9909840465134,52.04369752442014,99.74918028016688,0.003973859522822,1.40423451536098,11,0.005444473
2020-11-23,288.61014,285.91895,292.64893,292.08942,287.86572,297.9408,-2.5657742,-4.7857428,-0.79980946,1.6630974,-0.28440964,3.2008915,-4449872.5,-1830119.5,10444111.0,93788.836,-0.04270511,-0.055177882,-0.03591617,2219.108868614774,1757.4108286801663,81.99041735824431,0.4616980399346077,1671.105511096696,3122.5135829653805,1472.5741782397652,2262.0307032092915,47.531235665528285,99.31221968507784,0.0118767993607168,1.6383442931579746,11,0.0068139653
2020-11-24,290.05325,287.2173,294.12915,293.31058,289.13623,300.2859,-2.324696,-4.989235,-0.9935236,1.0814879,-1.2182198,3.2728558,-4275440.5,-1780888.6,9472488.0,93854.98,-0.0410311,-0.0523231,-0.033774618,2400.201751845668,1927.689727727044,83.23222795148564,0.4725120241186245,1813.029824027128,3587.5187110237257,1602.5114368352652,2478.710766253145,44.66907536707945,99.43797845397488,0.0104327494962974,1.9850072741884608,11,0.009187478
2020-11-25,290.88235,286.52002,295.77222,295.07446,289.6068,302.39954,-1.4418482,-3.628748,0.4394741,0.18526419,-2.092432,2.5461364,-4834186.5,-1517010.4,11708219.0,93657.9,-0.046393346,-0.059762865,-0.032568745,2697.0814569821264,2035.5254875772823,79.91699968292286,0.6615559694048441,1868.2247117277475,4057.364169923297,1531.5281721286926,2740.344967213943,38.06052990561751,99.40953400565068,0.0119726582192561,2.50161216402629,11,0.0018983451
2020-11-26,291.18283,287.9807,296.80493,296.79428,290.5614,303.0703,-0.19699444,-2.648138,1.4035683,-1.1573195,-3.5279322,1.2848778,-4809710.5,-1259667.1,11159542.0,93448.07,-0.046158448,-0.0608852,-0.034842923,2992.425785463385,2072.5314336912747,73.57466000879027,0.9198943517721104,1984.744050946265,4217.290501182079,1683.535523904783,2916.8985643905658,41.70963913506526,99.5159811691491,0.0111773938374917,2.3527869157430734,11,0.0072810547
2020-11-27,292.29254,289.18835,296.67346,296.04465,289.90918,301.4757,-0.15463972,-2.6262856,2.4758282,1.2616585,-1.4858418,4.6711063,-4393912.5,-1861213.0,10599235.0,93552.22,-0.042168066,-0.056454685,-0.036301266,2813.975628858674,2218.620798108569,80.22479475503253,0.5953548307501043,1904.464092932118,3845.782329214574,1819.0720583565983,2893.883110134532,52.92327754864824,97.6176462477872,0.0546011032952342,1.810468273207476,11,0.023328528
2020-11-28,291.90988,286.67578,295.48193,295.33548,291.06348,302.6875,-1.2724222,-3.4345121,-0.0012979507,1.2186453,-1.0103636,3.7964034,-4480309.5,-1794789.4,10390091.0,93694.88,-0.042997207,-0.057697438,-0.035019428,2717.188717106645,2167.1106595895494,83.25439222547638,0.5500780575170959,2048.5527383068443,4125.359931046592,1547.1403359198853,2692.435109805703,40.4812288405512,99.7595344520819,0.0052588731706346,2.33333223097154,11,0.0073948978
2020-11-29,291.61923,287.93555,296.50513,296.7782,291.39856,303.7992,-0.40391555,-2.5476522,2.3300724,-0.24348408,-3.904769,2.449353,-4859924.5,-1515552.0,11075626.0,93539.74,-0.04664035,-0.062475454,-0.0378609,2982.5828950673717,2134.681190182681,75.8821815126819,0.8479017048846907,2092.1342381690406,4397.280046599303,1678.6435826064924,2864.646153789085,39.11798412765839,99.3308826690816,0.0147750170182139,2.6771527359218985,11,0.008074699
2020-11-30,293.06808,288.27393,297.6421,297.37146,292.37,305.18066,0.25889304,-1.4262924,2.4892616,0.2831963,-1.8102598,3.6621866,-4284448.5,-1415640.1,9752407.0,93359.63,-0.041117545,-0.055658616,-0.034649327,3064.6972355848047,2334.800862126076,79.36530416538908,0.729896373458728,2223.11605092501,4756.872824458678,1715.5995392779123,3067.248990914812,37.05989310560495,99.66828628628994,0.0083980302854874,2.9615137955551,11,0.049779117
2020-12-01,293.18234,291.1698,296.73804,295.3544,292.52222,301.78955,-0.1612563,-1.924614,1.7721264,1.199066,-1.5415354,4.416362,-3935857.2,-1335056.9,8242891.5,93314.336,-0.03777214,-0.050483126,-0.032855265,2688.625511191572,2341.160831113676,88.11884131684083,0.3474646800778965,2244.2795983402552,3916.5536837147088,2062.294160879751,2905.167876144602,52.65583794893218,99.6196276660619,0.0085716215428033,1.8542595228349577,12,0.17868271
2020-12-02,292.5018,289.75586,296.50696,294.94873,291.5791,299.8805,-1.0169289,-3.3689032,1.1822424,1.1835135,-0.40506554,3.6441414,-3989318.8,-1384376.2,8090684.0,93267.53,-0.038285207,-0.053492494,-0.031936433,2628.8165713145054,2245.5731953584977,86.75914726329357,0.3832433759560079,2115.9516356123504,3503.053951059309,1886.0119110566316,2864.962780569484,53.8390769141968,99.55359396262672,0.0095389001966304,1.6170420400026777,12,0.045293547
2020-12-03,292.12537,288.66943,296.71582,296.89493,291.6892,303.90424,1.6734066,-2.9263077,5.6575947,-2.0289829,-4.164711,-0.039930344,-4953706.5,-1037106.56,9967870.0,93024.09,-0.04754037,-0.066414826,-0.036466487,2990.481059137248,2196.229939240916,76.19948663003557,0.7942511198963321,2130.5937546450377,4423.76349455947,1759.700186359587,2901.281065032651,52.00212946823289,97.44604399493072,0.0611200960986798,2.039912839811889,12,0.015481867
2020-12-04,293.03522,291.1577,296.5348,296.1035,292.4109,301.96777,0.5930956,-2.656639,2.8123627,0.5790027,-3.4273243,4.602623,-4490586.5,-1362428.1,9557885.0,93327.74,-0.04309584,-0.059258197,-0.036826562,2818.434651290272,2319.58337974903,83.62145798275772,0.4988512715412415,2228.784250516022,3957.246864261743,2060.728210806577,2869.7792818847797,56.564741610950165,98.31157161639902,0.0381519340568347,1.7086519518541743,12,0.03134317
2020-12-05,292.30545,290.48407,295.62793,293.4344,291.20496,296.75757,-1.6688305,-4.752016,-0.40738964,1.9542284,0.8488481,3.8443775,-2906812.0,-719651.75,4554971.5,93572.29,-0.02789647,-0.047412105,-0.023148948,2379.8674739568664,2216.2958485862323,93.3959671763627,0.1635716253706343,2066.8555949857323,2908.588617751256,1975.0727841012863,2716.438537632705,76.66648934001626,99.53738684790636,0.0103195856963593,0.6486313807890519,12,0.096154325
2020-12-06,291.5389,289.8919,294.49866,292.25208,290.6399,295.96844,-2.310114,-5.361125,-0.5106182,1.5530728,0.27570736,2.8913357,-2550686.2,-439345.9,2728273.2,93434.414,-0.024478756,-0.04810083,-0.017945461,2211.46041885963,2114.372649501129,95.69875871458332,0.097087769358501,1994.602862611264,2773.152967688008,1902.3773860115584,2535.558103286615,80.18405604155609,99.55562161151649,0.0098909201015335,0.510264628731446,12,0.17456627
2020-12-07,292.5271,291.3405,295.78094,293.272,291.43347,296.48334,-1.1208233,-4.188861,0.5035343,1.44008,-0.11792326,4.2953596,-2356941.5,-508627.22,3487096.0,93260.03,-0.0226194,-0.034381308,-0.017950533,2357.1342290297075,2246.929449947276,95.61343451856789,0.1102047790824316,2096.7214562537047,2860.8806462251787,2084.5270888075297,2741.796976514336,81.5190488283072,99.6421938396646,0.0078329313533176,0.4943680581995431,12,0.26036873
2020-12-08,292.55157,291.12915,297.21252,294.44632,291.63733,299.46442,0.018232783,-2.0583591,1.9680197,1.3242329,-1.2691555,4.07163,-3786499.0,-1384177.9,7884967.5,93203.59,-0.03633876,-0.04572985,-0.027767781,2546.781850799493,2252.0626965431225,89.59588723070202,0.2947191542563703,2123.683707644209,3418.176325695972,2057.0310242441897,2989.274642445938,62.65680020600952,99.67104506408114,0.0074069218279068,1.2666458312005038,12,0.100556746
2020-12-09,291.38428,289.49707,294.58862,294.11942,290.54663,298.99292,-0.9418811,-2.8537273,1.428904,1.4786587,-0.56690687,4.1079884,-4504169.0,-1744910.9,10006579.0,93283.555,-0.04322619,-0.05407378,-0.035724018,2503.324749245425,2092.964401095749,85.64587471117035,0.4103603481496761,1982.893608769948,3324.1712908164127,1855.2227241513567,2549.5708058606406,56.66004560902266,99.8139734917572,0.0036887077425642,1.428972202305536,12,0.017218528
2020-12-10,291.07993,288.72864,295.80652,293.59546,289.26892,298.44482,-1.2950516,-3.2148256,0.3927679,1.6436952,-0.030378044,3.660367,-4369164.0,-1809398.4,9780431.0,93315.12,-0.041930553,-0.053657383,-0.036309864,2423.420264161643,2055.455978921029,86.6556275149677,0.3679642852406142,1828.446169539168,3217.7424038834665,1766.3867189451914,2746.0553463317306,56.10634175311004,99.7204731082996,0.0052923495525044,1.4123848540258708,12,0.016152063
2020-12-11,291.3942,288.70935,295.0846,294.18246,290.1886,299.22986,-0.34958348,-2.52349,2.2803268,-0.43290755,-2.6072693,1.3958218,-3326968.2,-925761.56,7193297.5,93325.52,-0.031928677,-0.04443928,-0.028381571,2517.469663051551,2095.231882274444,85.06114808195711,0.4222377807771076,1938.5006313751587,3371.124596316836,1764.2059766668312,2628.046587182691,61.174566799477205,99.4476055251456,0.0112350160443768,1.2185158955130764,12,0.04007758
2020-12-12,291.47916,289.40442,296.32104,294.68018,291.3805,301.1255,0.67506903,-2.0199194,1.93768,-1.3509675,-2.7392826,1.5501223,-2754372.0,-184816.48,4288393.5,93377.4,-0.026433513,-0.04839816,-0.019726062,2582.125697651688,2108.3582079625785,82.55487345986877,0.4737674896891093,2089.7638945873737,3768.128807008101,1844.307502842261,2832.9705651384525,58.42500548040254,97.3399215998306,0.0633777349135871,1.442031307965592,12,0.06900809
2020-12-13,292.71017,290.65845,296.7539,295.41632,291.42224,301.6985,0.85041595,-1.2477531,2.9315147,-2.2228599,-4.587014,1.3013942,-3334934.0,-507907.28,5752957.5,93331.74,-0.03200512,-0.049004845,-0.025230689,2713.601395994964,2274.4373192206544,85.49083347952562,0.4391640767743097,2095.244885149517,3895.9025427708784,1996.9396822517533,2907.946960222734,59.35925360811483,98.31191252784114,0.0371988791601124,1.4397643926088108,12,0.2096899
2020-12-14,292.5858,290.3556,297.10754,297.2352,292.91418,303.7472,1.5019847,-2.1271715,3.8691726,-2.3150837,-4.1784506,1.3285923,-5123985.0,-599849.0,9570183.0,93159.48,-0.04917452,-0.065967664,-0.038518462,3035.329225531652,2259.1224829877483,76.17417251875251,0.7762067425439035,2299.591098102076,4384.220377546456,1959.0963967984103,2970.484615061597,54.42619541462016,97.49900197383384,0.0631775918783855,1.840979678744834,12,0.050889567
2020-12-15,293.50018,291.42078,296.87976,296.6306,292.13513,302.27478,0.5557144,-2.4012794,3.731021,-1.2319615,-3.2585363,1.210577,-4267498.5,-858881.44,8233866.5,93112.15,-0.040954877,-0.053286564,-0.032093976,2931.5165522412367,2387.788322111148,83.92908975639025,0.5437282301300882,2190.806275225018,4028.211119362401,2095.052356242836,2930.0697862218285,56.15618327033724,99.60468540170994,0.0093700278855039,1.740972007254881,12,0.06155986
2020-12-16,293.45963,290.3772,297.557,295.90192,290.55444,300.71252,-0.23963697,-2.9421425,1.4779882,0.39196607,-1.7636528,3.0477185,-4528542.0,-1486031.6,9947721.0,93277.6,-0.043460097,-0.055653337,-0.03499097,2790.886819933053,2385.4010905676278,86.83017368744801,0.4054857293654257,1983.8721661598577,3678.325677967702,1961.7751946717208,3051.6649706354588,59.14338777186522,99.42029073719011,0.012151166186034,1.4901478791826184,12,0.026848955
2020-12-17,293.31024,289.41846,296.4259,296.16885,292.41797,302.0094,0.065766126,-2.5261822,3.2085714,-0.38356712,-3.5891066,2.580756,-3570308.8,-819113.44,6758136.5,93285.945,-0.034264,-0.04838313,-0.028185625,2838.2684294624414,2360.9686012638736,85.32271279633976,0.4772998281985679,2229.766897297965,3966.804233719072,1845.957687255832,2850.9760771119563,46.96524266616142,99.75494181188438,0.0056311991024908,2.0845185169815816,12,0.07533437
2020-12-18,293.58566,290.8275,297.6084,295.7427,291.9099,300.55652,0.44786835,-1.7135773,3.2617502,0.68973833,-1.4116898,3.6199265,-3957779.2,-1346937.9,8394018.0,93105.75,-0.037982527,-0.050124414,-0.032011524,2751.300608585372,2401.461435982648,88.14874669215071,0.3498391726027252,2160.21098922962,3644.890518742255,2018.3434425932385,3061.069678543864,61.26950374537673,99.6233062035006,0.0091887932198419,1.4077328303818977,12,0.13002609
2020-12-19,293.87173,289.99927,297.62988,297.268,292.24463,303.01855,0.20636173,-2.748973,3.4818754,-0.16347376,-3.1690512,2.1909552,-4985557.5,-1553900.9,10698301.0,92932.94,-0.04784604,-0.06067001,-0.035847507,3048.325193479742,2445.553575135375,82.83184766744058,0.602771618344367,2205.8179692537424,4204.75754453459,1915.3800456171411,3065.008849768375,45.95851146677247,99.75395715659565,0.0054716479061326,2.252353126099909,12,0.07061818
2020-12-20,294.52887,290.8728,299.24097,298.61362,293.84082,304.40833,0.76359457,-1.7338696,3.61236,-0.90700436,-3.6667318,2.0641286,-5358768.5,-1465848.5,10862813.0,92978.37,-0.051427722,-0.06718785,-0.042214137,3292.379669818365,2548.805285788016,79.46923361266307,0.7435743840303494,2435.1314569757524,4552.801372809783,2024.110972316016,3373.3400689318537,50.72668080660886,99.10232144231348,0.0248611448430165,2.076882117260422,12,0.0414717
2020-12-21,294.42163,291.83728,299.01453,297.0263,292.88586,302.05756,-0.2698924,-2.3264532,2.2124481,0.90196246,-1.830327,3.9060717,-4431607.0,-1415183.6,9599767.0,93140.0,-0.042529818,-0.05575766,-0.0371711,2979.65380344439,2529.178637952657,86.24694435988282,0.4504751654917332,2295.555049425163,3977.886210609025,2150.4245213267677,3328.4291398717987,59.2651250764528,98.89423872415011,0.0269232995177717,1.5811640195675385,12,0.07709779
2020-12-22,292.59195,289.45618,296.12268,293.97354,290.7517,297.299,-1.7312918,-3.6457653,-0.26328182,2.4245374,0.6128179,4.213113,-3785055.8,-1320761.0,5604404.5,93299.31,-0.03632491,-0.061162427,-0.030321432,2460.2901892146506,2260.3281722199795,91.98287613075289,0.1999620169946712,2008.721732814536,3004.8326417814983,1850.3980908775004,2799.181122292079,78.29071679373747,99.53614594392408,0.0113311283624261,0.5979263619330781,12,0.12459073
2020-12-23,290.35165,288.32642,293.44745,292.7333,289.49744,297.31757,-2.5862272,-5.2383823,-0.580204,1.6959181,-0.4452628,3.6057358,-3653770.8,-1178276.5,6615480.0,93326.13,-0.035064977,-0.057743356,-0.027956806,2289.810668685669,1961.8600292132908,86.5163474287974,0.3279506394723789,1855.265979722447,3008.179638087412,1721.3958883985197,2376.759954281927,69.79993036833613,99.25963375075392,0.0140048217398752,0.8479129354497806,12,0.028359586
2020-12-24,290.44803,288.97998,294.05127,292.7385,290.02063,297.56598,-2.8151853,-5.243003,-1.0716887,1.9303122,0.10078108,4.1815004,-3686995.8,-1278357.1,6940658.0,93344.31,-0.035383835,-0.05786584,-0.02872346,2286.984898719371,1972.6539300285376,86.99247359736258,0.3143309686908331,1917.9765661493584,3053.305060916633,1795.022849943234,2466.872677394429,69.05481765382687,98.73730538674504,0.0242906417076303,0.8575257533235554,12,0.036500946
2020-12-25,289.9552,288.43793,293.1996,292.15488,289.20703,296.86023,-2.1146038,-4.0292435,-0.19295406,1.9930233,0.16864675,3.6268997,-3411692.2,-1114808.4,6130614.5,93277.875,-0.032741766,-0.055051815,-0.02624707,2206.1880974410683,1912.3444452345448,87.51230814685016,0.2938436522065232,1821.24137792624,2926.6269353622656,1733.766949459587,2340.613523632868,69.34864120990615,99.33995378239467,0.013383407496643,0.8290594476561739,12,0.03633301
2020-12-26,290.1529,287.6432,293.86108,292.5923,288.18213,297.91528,-1.1531276,-2.831358,1.5675097,1.3765439,-0.84886837,3.3489466,-3675979.8,-1308015.9,7572648.5,93202.01,-0.035278115,-0.04886134,-0.03055707,2282.3724287950167,1938.8565767833256,86.56221846152862,0.343515852011691,1705.50391755146,3117.7596057552278,1647.2794966936508,2438.172085033908,63.99875588512607,99.49218140186872,0.0095554044786274,1.0876783415399214,12,0.017914373
2020-12-27,291.705,289.99084,295.39258,294.24673,290.026,299.46362,-1.0096072,-3.262086,0.7435074,-0.1884919,-3.6532412,2.2708244,-3901480.8,-1279980.0,8631309.0,93329.74,-0.03744223,-0.049595945,-0.030965192,2527.76299425093,2136.7495400359867,86.15218214527148,0.3910134542149435,1918.6298919517733,3418.016197554901,1914.3571239489172,2677.8358970285904,64.61120968379821,99.777301082362,0.0042727680028558,1.1987313988080075,12,0.11435014
2020-12-28,291.97055,289.13513,295.6609,294.6841,289.89038,300.26575,-0.25106782,-2.2869997,1.7647829,-0.5906186,-3.2706547,1.6610012,-4012792.8,-1163721.4,8697317.0,93408.48,-0.038510486,-0.05004843,-0.032060493,2595.062283050501,2172.8062047729745,85.49958692417506,0.4222560782775263,1902.1931445602872,3583.2805485470217,1812.902660221529,2721.8832363117217,61.88540419892456,99.74286330991204,0.005632637413636,1.2733016486687192,12,0.11553132
2020-12-29,292.29214,290.09546,296.51172,295.61496,291.0216,301.1881,0.6766386,-2.613491,2.8024054,-1.2891067,-2.914114,1.4142733,-4210920.0,-954895.0,8475493.0,93202.44,-0.0404119,-0.05475774,-0.034231953,2750.5998181171963,2216.3873344062035,82.47716248784742,0.5342124837109931,2043.1634696941453,3781.9124682402216,1927.0962139740675,2865.7861536148507,59.71743843055622,96.64610852812729,0.0728184152035805,1.4640738796203194,12,0.07806675
2020-12-30,292.4318,289.05005,296.86157,297.32266,292.1372,303.42767,1.5331694,-1.9279804,3.741126,-2.338544,-4.244773,0.4582634,-5693257.5,-1085813.6,10851445.0,93043.336,-0.054637782,-0.07201299,-0.045737814,3061.281305504912,2237.2625516244693,75.7327286251314,0.8240187538804425,2191.0899420940123,4304.717043529105,1803.0783139771324,2926.863517936265,46.0230929952666,95.52639986357973,0.0996849218034999,2.164744537202829,12,0.026723295
2020-12-31,292.55908,290.31628,297.32178,297.17953,293.6919,305.5105,2.5067747,-0.37934208,4.7796726,-2.9629917,-5.341297,1.1480169,-5229304.5,-953928.3,9773025.0,93140.6,-0.050185263,-0.07403428,-0.04013506,3007.5959331580966,2255.4367711275827,75.75618002929728,0.7521591620305138,2412.886504359332,4846.423950657408,1954.2313429552664,3008.9397723686734,56.48586298097156,92.74080456022466,0.1950378476129967,2.108879558412076,12,0.021042345
2021-01-01,292.68176,291.33887,296.91382,294.78043,292.24402,299.42615,0.7205073,-2.0873451,2.9990997,-0.45379195,-3.0846748,2.819522,-3555703.8,-576056.06,5976322.0,93282.28,-0.034123834,-0.050852478,-0.025926191,2592.22982369972,2269.491083905838,88.17850228302217,0.322738739793882,2205.7340424721638,3410.4606878126565,2084.311467977299,2936.0817399734547,68.22601779069035,97.65515486397712,0.0535741989526236,0.9847121199459749,1,0.1853659
2021-01-02,292.1616,290.22046,295.10474,293.3582,291.5735,296.99023,-1.230918,-3.1373796,0.0049743652,1.7846855,0.28556514,4.1494217,-3306149.2,-1066928.5,5284248.5,93332.98,-0.03172888,-0.0493633,-0.026122155,2369.4216395340027,2197.4642761070795,92.95697960771793,0.1719573634269229,2115.207293336176,2949.6102382360723,1942.41533700444,2631.2777534243824,80.12200851349654,99.57337545984468,0.0093853830776943,0.5557505635798079,1,0.10470914
2021-01-03,290.94962,288.70203,294.29565,292.55276,289.99133,296.97833,-1.7666076,-3.5669947,-0.42175388,1.7674341,-0.42940426,4.0670414,-3760323.8,-1553755.0,7644583.5,93228.18,-0.036087558,-0.05122698,-0.030826768,2260.940411287704,2037.7325378649184,90.79124338876863,0.2232078734227853,1914.4164106462704,2947.4995829813056,1763.3784670591983,2504.186977638709,67.42602967050205,99.51580844764348,0.0094261111566422,0.8824688666936459,1,0.05886898
2021-01-04,291.26736,289.27283,296.08154,293.79208,289.90308,299.60046,-1.4560474,-3.2644796,2.0394936,0.7252421,-1.7910776,2.9726658,-4236358.5,-1452084.4,8470339.0,93199.93,-0.040656034,-0.055615745,-0.034738377,2459.739622000013,2080.361532170143,86.32385129482411,0.3793780898298695,1903.726510997525,3445.729299781785,1828.9017491961563,2792.218070808736,58.81277253896874,99.0847658455733,0.0179005780361872,1.3738090736797348,1,0.04592579
2021-01-05,292.1401,289.62073,296.89966,296.15564,290.57727,302.16003,-0.11483999,-2.8437958,2.021164,-1.1172597,-3.2668867,1.1198883,-4364477.5,-1057790.8,9041935.0,93215.03,-0.04188558,-0.05606634,-0.03333876,2870.991861741057,2196.094843166958,80.28397542209913,0.6748970185740991,1986.7338194326092,4001.5587641933816,1869.8791698962384,2933.5808360344745,49.214419302406206,99.73262039879268,0.0056582288860199,1.986318510269926,1,0.014756853
2021-01-06,293.16254,290.6399,297.88867,298.08597,293.06067,303.8275,1.2211171,-2.2897797,3.8621216,-1.3848301,-3.5219078,0.8985586,-4892263.5,-1059679.4,9620369.0,93134.12,-0.0469507,-0.06164912,-0.037640855,3194.1682910458244,2341.7495594384272,75.42829417799037,0.852418731607397,2320.5667497762,4404.406615650774,1994.602862611264,3112.807660777172,54.37089472544446,96.50929964633076,0.1038147556488256,1.8529643863729348,1,0.00754705
2021-01-07,293.28998,291.58337,297.48035,297.92087,293.47522,303.9021,2.0762198,-1.0321798,4.369198,-1.7270551,-3.3716326,1.640542,-5126286.5,-824523.06,9382133.0,93080.445,-0.04919661,-0.06827001,-0.04182832,3152.586276939372,2357.7323294023654,76.24843296225531,0.7948539475370064,2380.840188852738,4423.223517676246,2116.5181370341475,3037.6830883683847,55.70159954232087,90.53327461692992,0.2255269700509179,1.7966264144672175,1,0.026312735
2021-01-08,293.40628,291.84644,297.17847,295.96838,293.28894,301.06958,1.5178752,-1.5786428,4.201667,-1.1042995,-2.865201,2.4232025,-4092315.8,-500671.84,6306887.5,93129.57,-0.03927366,-0.058190703,-0.030464623,2783.181931734527,2373.672146975888,85.87934224898491,0.4095097847586397,2353.5884199764755,3755.860021994957,2151.655962157705,2983.1674397284505,67.22746794886828,97.51749041322677,0.0605032916904096,1.0634535579780842,1,0.085123666
2021-01-09,293.37872,292.06482,296.69055,295.2931,292.5453,300.03186,-1.1009665,-2.3551407,0.58490944,1.4221312,0.17237854,3.8386812,-3111530.2,-755744.0,5827790.0,93159.555,-0.029861134,-0.041950356,-0.025348715,2674.5471327250416,2369.091761786725,89.29077418473766,0.3054553709383169,2247.5026040945327,3534.3859391302,2181.2140016622225,2896.865885847053,69.80942172330505,99.44970233476364,0.013288454971514,1.0293891609206338,1,0.071785204
2021-01-10,294.12015,292.66394,298.3164,295.5217,292.974,300.44836,-1.0382652,-2.5435944,0.26912254,1.153738,-0.5934332,3.12566,-3151432.8,-855223.2,5992150.5,93196.78,-0.030244073,-0.039789673,-0.026397076,2713.474909053597,2481.124412502774,92.14596207298712,0.2323504965508233,2308.135976472995,3621.867047312601,2264.142299683469,3193.241670699428,72.79469421594466,99.58741277818052,0.0100762338578074,0.9222955735695396,1,0.11244217
2021-01-11,294.1921,292.74377,297.58752,296.20526,293.1941,300.9699,-1.328772,-2.9522095,0.12889099,0.9939044,-1.2097521,2.8009138,-3502676.8,-865017.44,6478561.5,93185.88,-0.03361494,-0.04475156,-0.029130396,2834.299746658375,2491.238756689449,89.03159529429952,0.3430609899689261,2339.817937694216,3734.074364051295,2275.398884443406,3057.2466596590484,65.26370876603275,99.5001278510869,0.0122658317579662,1.272317380917399,1,0.13130619
2021-01-12,294.8458,293.37073,298.68896,296.46027,293.74927,300.95673,-0.4792527,-2.8396301,1.505343,0.61236644,-2.4976292,3.892336,-3463382.8,-981720.8,6835734.5,93200.086,-0.033237837,-0.04547756,-0.028611813,2870.2796832786457,2593.375918934966,91.0698829632246,0.2769037643436789,2421.43508896098,3731.2010163021055,2365.519603546744,3264.7755479879547,68.9525249256509,99.60435636528662,0.0099068398967351,1.0933706577532916,1,0.17442162
2021-01-13,294.5107,292.50354,298.02283,296.12338,293.6753,300.3993,-0.7532434,-2.0562754,0.39758682,1.5822257,-0.06294268,4.5935087,-3792334.0,-1223689.1,7255620.0,93255.6,-0.03639476,-0.048387486,-0.031156873,2810.4649255458758,2541.0646130072537,90.93664395838648,0.2694003125386217,2410.417813656861,3611.462709645961,2241.6734696238286,3137.8421069506685,71.96621791153768,99.5629864202622,0.0105756891804821,0.9606051399960844,1,0.15980735
2021-01-14,293.85373,292.08075,298.15344,295.42404,292.9021,300.24426,-1.4524688,-2.7356014,-0.075344086,1.4121833,-0.29063606,3.2767935,-3923613.2,-1261838.9,7217584.0,93292.06,-0.03765464,-0.050382923,-0.03260005,2696.926949055161,2441.346872618081,91.1735949621069,0.2555800764370808,2297.868057878765,3578.76466505324,2183.384015355355,3162.385015868267,68.04222244253171,99.6510398795136,0.0085892625744268,1.1000769333599882,1,0.19057153
2021-01-15,292.73987,291.40356,296.40186,294.72226,291.82507,300.57764,-0.9206086,-2.5901337,1.7067413,-0.17152102,-1.8528137,1.9496107,-3541282.8,-1028452.0,6759671.5,93265.07,-0.033985436,-0.047887236,-0.028721962,2588.122638564258,2277.354066844975,89.06058131096245,0.3107685717192835,2148.7835625952944,3649.400963863536,2092.7913048171617,2846.837925714756,63.6446835731199,99.4247484617582,0.0128458867581716,1.2073684454295237,1,0.18621665
2021-01-16,292.4652,289.71838,297.4889,295.77243,290.34387,301.94885,0.15965901,-2.8556824,2.638794,-1.8877584,-4.854186,-0.21453762,-4434143.5,-1274872.0,8783953.0,93096.79,-0.042554155,-0.058800403,-0.035784516,2773.6032984616554,2241.3497627423703,82.52584470307637,0.5322535357192851,1957.6448339915776,3952.909255588145,1881.525670144962,3039.238797029058,61.58940394018336,97.92603792401631,0.042764635992979,1.33264280320941,1,0.127993
2021-01-17,292.27954,290.2589,297.42834,297.0624,293.68835,304.17944,1.3069304,-1.762497,3.274765,-3.0635607,-6.2476845,-0.5458517,-4207943.5,-346345.12,6627240.0,93017.82,-0.04038334,-0.06357357,-0.034118127,2987.097951169836,2215.7506233099634,75.32200557142126,0.7713473278598725,2412.3599064654363,4493.810578000379,1947.149230028134,3028.2305073618163,51.08307792582886,89.82094447036124,0.2506184836529683,1.899943235964351,1,0.02058591
2021-01-18,292.74936,289.29883,297.54236,297.64035,293.29797,304.1692,1.0744637,-1.9764557,3.0039978,-2.3264062,-6.188648,2.2900372,-5167475.5,-655404.4,9395640.0,93057.06,-0.04959189,-0.06868647,-0.042065468,3107.65519824413,2280.981269701798,75.55704702575234,0.8266739285423322,2354.903594280742,4491.183463368113,1831.9367445405069,3048.988929084369,47.25471308552611,93.73988958030276,0.1478742253557316,2.1326897762419965,1,0.009822123
2021-01-19,294.29843,292.42078,297.60388,295.74905,293.06213,299.41956,-0.33443367,-2.058403,1.5752487,1.229816,-0.21572042,3.0371704,-3151697.0,-977529.2,6230817.5,93325.75,-0.030246615,-0.04235733,-0.026227657,2745.7853890153965,2507.847045362527,91.77331558466295,0.2379383436528694,2320.777351041787,3409.133216775238,2230.1566728334287,3060.2421211437604,69.69351130153488,99.75912393366106,0.0057560931311654,1.0331885730576078,1,0.037557792
2021-01-20,293.73453,290.81885,297.83496,295.7144,292.19446,301.37122,-0.31905672,-1.874217,1.3849422,0.87291336,-1.8641119,3.8694525,-4018582.0,-1454281.0,8497814.0,93395.09,-0.038566045,-0.049920905,-0.030384539,2754.686046426173,2423.89380096608,89.50124387504631,0.3307922454600929,2198.9285333178764,3822.4685321541992,2017.2413304741824,3102.833867576534,54.69227838814645,99.78871642304452,0.0049545299919445,1.720986955379065,1,0.034562953
2021-01-21,293.2482,290.4182,297.75342,295.61847,292.54004,300.59955,-1.3476115,-2.7624474,-0.22881317,1.1481045,-1.0258017,3.409566,-4505587.5,-1567839.5,8963096.0,93469.695,-0.043239802,-0.057961974,-0.03757589,2738.1419893541533,2351.5696340166046,87.38061617146191,0.3865723553375491,2246.7689709736887,3654.08603081475,1966.869223442873,3087.745286702471,54.20719298139605,99.59058149639247,0.0095938419348826,1.661559247512825,1,0.037045226
2021-01-22,293.08902,290.4187,297.24146,295.55536,292.25818,300.57623,-1.3861643,-3.1007233,-0.23925018,1.1125097,-1.0305634,3.1051354,-4268751.5,-1343837.8,8598479.0,93660.47,-0.040966906,-0.05642711,-0.03547292,2729.508526104191,2328.5878155085943,86.8250394109592,0.4009207105955965,2207.6818656523324,3649.100985347138,1966.9299365642855,2994.4710749063183,55.944577276605614,99.50199737577248,0.011350544530444,1.59753639130068,1,0.058636
2021-01-23,293.0154,290.1731,296.82678,295.53598,292.31677,300.8814,-1.1137515,-2.7177162,1.0326691,0.3858738,-2.7099,2.4649658,-4067526.8,-1098277.9,8192717.5,93624.586,-0.039035764,-0.05351797,-0.03329045,2725.897823563992,2318.19990170642,86.696542817402,0.4076979218575716,2215.7578796685707,3714.8226934939457,1936.598282888637,2920.7392782665816,55.31850626232311,99.63576821189956,0.0082312507042584,1.6017896626591668,1,0.08156906
2021-01-24,293.12677,290.62915,296.92505,295.30594,292.22803,300.5608,-0.5287362,-2.9265537,1.3821869,0.4764533,-1.6772957,2.4325676,-3792431.0,-1159087.6,7728714.0,93437.09,-0.036395688,-0.049173433,-0.031278834,2684.896377978532,2333.7353074884304,88.39205527670805,0.3511610704901013,2203.536159118831,3645.8026433124087,1993.251065148849,2938.0665424695826,56.47100194247938,99.72929363926546,0.0060870894550403,1.5575883227758798,1,0.090325594
2021-01-25,292.50812,290.26,297.1848,296.10068,290.75928,302.71106,-0.22357742,-2.3992453,2.3694,-0.6244417,-3.456398,2.0654902,-4547342.5,-1080912.6,8938727.0,93223.82,-0.04364052,-0.059239857,-0.036955923,2850.2123327112645,2247.7054609995853,82.14081301521115,0.6025068717116789,2009.6805406959077,4130.966710950287,1947.284632915668,2984.3048709503896,50.639772474187296,99.78140391603444,0.0047489344538867,1.9990211634352,1,0.03870648
2021-01-26,293.23685,290.50354,297.72095,296.77356,292.5791,303.19653,-0.23482971,-2.3060446,2.1401215,-0.9306474,-3.5486841,2.537652,-4540998.0,-955905.5,8516654.0,93218.13,-0.043579634,-0.058382593,-0.037021037,2954.1840888372494,2351.0526478771976,82.28508742451206,0.6031314409600516,2252.233606735183,4247.991124824378,1977.503867956151,3081.7548569606406,48.68219323061689,99.62641860813466,0.008555655514634,2.133374406351561,1,0.03843132
2021-01-27,292.47543,289.24365,298.21008,298.25095,291.65027,305.57568,0.8501153,-1.9891663,3.0794373,-2.2565565,-5.8788443,-0.080965996,-5470626.5,-887770.2,10118383.0,93146.086,-0.05250121,-0.0720502,-0.04556066,3249.081219057474,2247.0011646151142,72.54343552898861,1.0020800544423594,2125.4053104832046,4864.294868712122,1825.501547596096,3173.0800179639346,44.498468726832805,95.89604569829405,0.1232596144742797,2.3993285212725137,1,0.0048008743
2021-01-28,292.66684,290.70422,298.45435,298.39404,292.88123,305.21558,1.2216636,-2.2532501,2.768734,-1.6258029,-3.3545914,1.2407475,-5310111.5,-765105.3,9839208.0,93091.62,-0.050960764,-0.06925314,-0.042862516,3256.1140861831664,2270.136728695736,71.67905793195892,0.98597735748743,2294.894565151182,4766.282833669138,2002.7151498027551,3219.5655283988062,49.51557719120211,90.5378312092281,0.2228485032726207,2.123694117348749,1,0.005466452
2021-01-29,292.50406,287.68628,298.49255,298.23862,291.69653,304.63025,0.9806965,-1.7834473,2.6767578,-1.3009504,-4.100109,1.178009,-5229784.5,-926011.06,9925444.0,93121.76,-0.050189868,-0.07069883,-0.04194711,3233.991704029348,2255.056674354932,73.112313565788,0.9789350296744151,2131.570878919292,4610.642431645617,1651.8696188450597,3226.890490599192,40.25956860039927,96.7284339559521,0.0793082880717984,2.554299733937726,1,0.0029729393
2021-01-30,292.3976,286.9624,298.90088,298.76425,292.43628,305.06323,0.46444237,-1.3886175,2.2630463,-0.3601867,-3.26334,2.6687775,-5338453.5,-966433.0,10611578.0,93242.73,-0.051232755,-0.06868839,-0.042835288,3345.070252816076,2248.761097886117,71.25192313097519,1.0963091549299584,2232.309988411872,4725.339700845388,1576.2350633991775,3306.08664977282,35.134924035157105,98.3730607390334,0.0386400215626576,3.0081794245726368,1,0.0045424593
2021-01-31,293.4124,289.6687,298.66162,298.7087,293.48193,304.5334,0.64502627,-1.6106262,3.2708588,-0.13155968,-2.3258944,1.948288,-4971731.5,-1065938.5,10039054.0,93250.19,-0.047713358,-0.06455603,-0.04008605,3320.3348423699404,2381.186138722806,74.69946795356154,0.9391487036471344,2381.827540821897,4585.318310550623,1875.592571780844,3259.47810941467,44.68420933884672,96.7594434209252,0.0886078676761521,2.493353310841182,1,0.009512696
2021-02-01,293.60846,290.33374,298.5536,297.58835,293.10095,303.58118,-0.1355794,-2.5358582,1.4133453,-1.288873,-3.8437195,0.8296728,-3757341.8,-734077.75,6563502.5,93178.57,-0.03605894,-0.058455355,-0.02928204,3080.1874519354674,2406.661201853632,79.31733507862533,0.673526250081835,2326.3643972917007,4342.753667309166,1956.3905986478892,3238.621951705387,55.91158474681806,96.4237305286842,0.0845782093463117,1.6346181754397449,2,0.03293273
2021-02-02,292.9847,289.84082,298.0791,297.0886,291.8877,303.71252,0.20144457,-2.3772736,1.9723816,-0.035443153,-1.6631927,2.7857382,-4624016.0,-1177295.8,9371518.0,93243.77,-0.04437635,-0.063278586,-0.037924778,3003.9812659290383,2318.328189354728,79.2513926904464,0.6856530765743102,2157.2133396768168,4375.532738253721,1896.2175008374743,3148.3956925869525,50.36662606975582,96.24118943216664,0.0822473376982916,2.033783652941081,2,0.048497815
2021-02-03,294.15292,291.208,298.43555,297.06552,291.77625,302.3604,-0.5500924,-2.4459229,1.2640076,0.38855806,-1.1472597,2.6936104,-4490973.5,-1397319.4,9665607.0,93328.19,-0.043099552,-0.057944108,-0.036976196,2998.2238580626527,2488.4811942113192,85.08694636337476,0.5097426638513333,2142.2307142419954,4048.2019935394646,2067.25197037579,3215.9668948095164,52.81533052694586,99.7097846801477,0.0065591341100707,1.868046292371902,2,0.04362179
2021-02-04,293.97476,291.5332,299.31665,298.6962,293.16052,305.24194,1.4280864,-2.4445868,4.2582855,-1.6229572,-3.8261652,1.0736084,-5291361.5,-1185606.5,10313863.0,93019.84,-0.050780818,-0.07097436,-0.042566776,3330.150030179881,2461.131997704391,77.23014911243216,0.8690180324754895,2334.96117572862,4773.400443223165,2109.8741830953863,3388.468410364896,49.01907905577639,97.75121100184228,0.0555213303612258,2.236841931951141,2,0.007933717
2021-02-05,293.12192,291.43414,297.94678,295.04648,292.15454,301.16455,0.26071188,-2.1952581,2.4217587,1.0328383,-2.590661,4.7114615,-3735832.0,-600284.06,4984080.0,92782.586,-0.035852518,-0.05742884,-0.028545324,2630.291729818557,2332.284928660459,89.06129621094955,0.2980068011580979,2193.4606542496995,3776.721643641494,2096.8097584606926,3123.629069145639,70.31309060770609,97.8368894819126,0.0484777231581247,0.9544369305871288,2,0.24147284
2021-02-06,290.67734,288.51917,294.30658,293.46277,290.68164,298.25037,-1.529799,-3.4752645,0.11632919,1.6947002,0.045668602,4.543929,-4389217.5,-1522676.4,8132331.5,92944.59,-0.042123005,-0.060360014,-0.0353531,2394.4167252014554,2002.579236522354,85.05079155077881,0.3918374886791012,1999.864088182442,3180.7056191146985,1742.828633623123,2505.8666164907736,58.02231366288356,99.37740353165265,0.0126066970593624,1.2608927342443523,2,0.034382153
2021-02-07,289.51303,287.43646,293.40356,292.63074,289.63245,297.9419,-1.6492964,-3.1904526,0.253129,2.2659638,0.16254997,4.917877,-4485927.5,-1667595.9,8618156.0,93226.73,-0.043051127,-0.06866177,-0.035551466,2277.4127126474527,1859.571325984096,83.14921614787978,0.4178413866633567,1871.273396398062,3122.718442048681,1625.414299387146,2370.324789256861,59.89738557912027,99.39603606826832,0.0114209057296413,1.1513678983694524,2,0.03573741
2021-02-08,288.60297,287.11475,292.02405,292.53384,287.8794,298.7666,-1.614118,-3.420021,0.412138,2.4576218,0.48757356,4.536248,-4448576.5,-1466552.9,9242635.0,93284.78,-0.042692672,-0.06805126,-0.034114633,2269.9263438541,1754.1866892990467,79.06477475071613,0.5157396545550529,1672.5791483180883,3279.857553040167,1591.894500621302,2175.6687168204703,57.0864713388839,99.652456556108,0.0060007330103685,1.2168670790087412,2,0.007949774
2021-02-09,289.11868,287.44934,292.7412,292.58536,287.8291,298.47388,-1.7709731,-3.587925,0.32574463,1.6385479,-0.21082878,3.9189873,-4238408.5,-1461020.0,9226831.0,93361.6,-0.040675707,-0.058479503,-0.034667842,2280.039715691061,1813.6506224397024,81.51379310508668,0.4663890932513583,1667.163893817939,3223.308098844225,1626.768938936201,2275.036672894212,54.4611802630528,99.41490772273568,0.0099617835560125,1.390505455162033,2,0.0126170255
2021-02-10,290.73965,288.79175,295.40723,292.98575,289.30286,298.62897,-1.632243,-3.5794697,0.15178013,1.3205539,-0.37173265,4.0384264,-3906601.0,-1587457.6,8726998.0,93392.586,-0.037491374,-0.05347063,-0.032099884,2335.89707317646,2012.476699211869,87.67116673206532,0.3234203739645903,1832.4073509341224,3253.161777968484,1773.539014277338,2680.224446942359,60.84631716298066,99.77486594846329,0.0043009019217308,1.262544982285226,2,0.030668527
2021-02-11,291.7462,290.1172,295.73267,293.48026,290.53442,298.82056,-1.3822889,-3.0925932,0.7774048,0.8140235,-0.80581856,2.4913542,-3268505.0,-1018151.5,6415120.0,93377.79,-0.03136761,-0.047345616,-0.026688268,2398.887447635309,2141.8067661774635,90.19378697069055,0.2570806814578458,1981.3654616422043,3290.3749274041934,1929.75146112441,2733.773671271392,69.40843288790924,99.53913835550615,0.0095191360614348,0.960302092688758,2,0.10125241
2021-02-12,292.08078,289.9834,295.8529,294.29065,290.2124,299.31433,-0.7769518,-2.1907988,1.5055847,-0.25574252,-2.1183014,1.5350075,-3090415.0,-651579.75,5944466.0,93311.805,-0.029658495,-0.041402932,-0.025901616,2524.7586012186885,2186.4889818841566,87.8785168675892,0.3382696193345318,1941.424755919732,3388.003920346724,1913.4532016839496,2753.794144408859,67.25727162094002,99.47079344146302,0.0115974229617463,1.0371139729084855,2,0.10733939
2021-02-13,292.32864,290.8755,295.62964,294.05722,291.74084,299.2251,0.76184136,-1.6851654,3.242218,-1.6242008,-3.8114986,1.0997105,-2691358.5,-224082.61,4018738.8,93206.71,-0.025828775,-0.044064175,-0.01856183,2476.206725794113,2219.7298519653136,90.04716844866641,0.2564768738287995,2137.490874751914,3370.175497571915,2024.4534363138987,2716.720620626393,74.34428428871897,97.25490695678872,0.0633739068887375,0.811296772754255,2,0.18891443
2021-02-14,291.68234,288.495,296.2439,295.12912,289.3933,302.81836,1.5821257,-2.343895,3.825409,-1.6135718,-3.7736378,1.724905,-3943956.2,-809074.0,7975930.5,92988.93,-0.037849866,-0.053670816,-0.030479966,2689.082949050342,2135.900672289933,82.31048765459593,0.553182276760409,1843.0026238151156,4156.586454119803,1740.1282532536366,2819.7868648760245,49.15904625125849,99.06289213011212,0.0187586435748312,1.8630055514094224,2,0.031066146
2021-02-15,291.81607,289.55505,296.16052,295.7407,291.5056,302.54285,1.5144302,-1.7008572,4.1942444,-1.0800194,-2.943695,2.5297697,-4267405.5,-838860.75,8175340.5,92881.5,-0.040953983,-0.059633613,-0.032277156,2764.3765059933285,2152.9374024892054,79.18976509089357,0.6114391035041227,2106.228624892144,4091.0802322082022,1862.082573384536,2805.599726952632,54.06796013843429,93.31105769215247,0.1634867642022013,1.639376128934199,2,0.06567205
2021-02-16,291.6964,287.79492,297.21216,296.1295,290.30273,302.4901,1.4859066,-1.949997,3.9073792,-0.8706729,-2.22266,1.5793896,-4774030.5,-1054861.6,9776473.0,92790.76,-0.04581603,-0.061322212,-0.03714055,2852.705308443069,2139.212344176395,77.93833110307182,0.713492964266674,1952.5567209211536,4078.645313274132,1663.4924320945297,2989.2089154403507,46.88710324957125,96.27121653664688,0.0785210793629676,2.004111078068644,2,0.013640972
2021-02-17,291.94977,288.82922,297.41284,296.12894,291.20447,302.33704,0.51965314,-1.5925903,2.682361,-0.55730146,-2.2583818,2.4221745,-3951957.2,-801614.56,7840869.5,92768.12,-0.03792665,-0.050245173,-0.032383833,2833.1810831595944,2177.0832420558586,78.64553912643113,0.656097841103736,2066.7921811168358,4042.736180953978,1777.7981603133214,3025.417470285088,55.936158455978514,98.17111299504896,0.044744786648434,1.6353842171354531,2,0.052579246
2021-02-18,292.44174,288.48523,296.58948,295.5898,289.71045,301.52124,0.8867984,-1.6656189,3.4612122,-0.2974557,-2.1670866,2.2824163,-4561825.0,-1196156.1,9127709.0,92791.38,-0.04377951,-0.057512477,-0.03533553,2747.091822790992,2239.249973212268,83.58112677822398,0.5078418495787241,1880.5770184589664,3855.980043512034,1739.0382345202038,2879.263941209766,47.390219764895726,98.75016843498044,0.0280505668341634,1.930575966780452,2,0.5886058
2021-02-19,291.9845,286.61597,296.23633,295.20657,289.74207,301.34973,-0.47351325,-2.3673725,1.8214877,0.91477436,-0.97050124,3.9332664,-4543038.5,-1252338.9,9475878.0,92978.51,-0.043599214,-0.056789517,-0.034969315,2682.996389467822,2179.826992117078,84.11769418216012,0.5031693973507442,1884.3595316778803,3817.690369433364,1541.1285794516166,2818.496425866173,40.50117403260079,99.98759027151826,0.0002339963172903,2.264016866976947,2,0.053974193
2021-02-20,292.4342,289.71606,297.2876,294.53372,290.68518,300.0371,-1.5367826,-2.9913712,0.13167477,1.279291,-1.2669096,3.8065033,-4098065.8,-1424030.6,8736330.0,93310.664,-0.039328843,-0.054745354,-0.033956822,2568.51508761438,2238.8187234624106,88.66350478287181,0.3296963641519687,2000.310775601277,3535.476831280262,1881.2483284723128,3002.775418196115,54.42306052187938,99.8199376072338,0.0036018074453077,1.5798447804946685,2,0.018025065
2021-02-21,292.4345,290.62854,297.12622,294.31613,291.15857,299.61786,-1.62773,-3.006361,0.07903576,1.8543323,-0.076538086,4.2148085,-3824906.0,-1391796.6,7954733.5,93411.32,-0.036707353,-0.050029688,-0.031681776,2526.854064517504,2236.942772547444,89.59283050266559,0.2899112919700599,2060.838900235126,3449.2661846214164,1993.1742826408013,2973.81991171172,63.188255478553344,99.75979763489651,0.0051647791483483,1.166214942233394,2,0.02419941
2021-02-22,292.0254,290.44116,295.24048,294.74283,291.61475,299.89307,-1.7690336,-3.9599,0.25574017,1.5704428,-0.3458147,3.5817547,-4303913.5,-1458720.1,8622170.0,93438.31,-0.041304354,-0.053128943,-0.03571917,2598.319326292495,2178.2568381864016,85.6040827121224,0.4200624881060937,2120.681956135974,3505.647249868076,1969.724520424895,2653.144787642193,58.9576146247491,99.53640207206226,0.0100276129554476,1.3879863182552286,2,0.014914079
2021-02-23,291.03137,285.865,297.1953,295.95734,288.52454,303.1366,-0.17804295,-3.2204285,2.4072723,-0.3668172,-2.0710173,1.7191639,-4656696.5,-916310.56,10144998.0,93312.79,-0.044689983,-0.0601418,-0.034706555,2861.6904538796757,2057.617681421284,77.50049802101786,0.8040727724583917,1743.4292183284144,4233.388555672486,1467.3812817236608,2986.1868402654386,35.53230322797418,99.981217787776,0.0003287800016184,2.696052704136774,2,0.0015759545
2021-02-24,292.84573,288.38623,298.3452,295.7407,291.60925,301.2964,-0.4782741,-2.028902,1.7337341,0.81203747,-2.1446228,3.2966938,-3741798.0,-1139787.9,8271042.0,93279.48,-0.03590977,-0.050364144,-0.030528562,2759.288631146122,2302.454603841948,84.51466149308233,0.4568340273041739,2119.952363825072,3805.848957612338,1728.0220193451105,3198.723787936978,51.51290872775693,98.79977735302036,0.0319977024280392,1.8453454577612056,2,0.039088424
2021-02-25,292.54733,291.34998,295.80615,293.72964,291.62598,298.24365,-0.7125154,-3.3462915,1.608078,0.21658464,-2.609086,2.9159508,-2417920.8,-418319.97,3597742.8,93213.94,-0.023204613,-0.041706156,-0.016570171,2426.29751044598,2249.973107581088,93.23604661209608,0.1763244028648914,2122.174253131893,3179.433573383565,2085.7652910773063,2745.99432642703,71.492751559691,99.82141445014292,0.0039577758365703,0.8421190402185743,2,0.32811493
2021-02-26,291.84775,290.37854,295.16003,293.20728,290.9204,298.27686,-0.88476604,-2.4128113,0.9162016,1.2718498,-1.176506,3.5554676,-3403173.0,-988031.0,5755719.5,93158.47,-0.03266001,-0.047383994,-0.026558401,2354.3940438571703,2154.402774237665,92.23374095375551,0.1999912696195046,2030.189474700209,3185.728762278988,1961.941779785516,2640.166678673792,69.57405495944374,99.37891785387085,0.0135767865720613,0.9508994931782444,2,0.22247592
2021-02-27,291.9801,290.57654,295.37207,293.3568,290.7655,298.48743,-1.082353,-2.4582024,0.42572498,1.0144368,-1.1049757,2.9050589,-3014028.8,-787036.2,5083006.5,93337.09,-0.028925419,-0.04274911,-0.02356692,2375.193034767019,2172.113600763708,92.20783088267125,0.2030794340033111,2010.4695387942868,3225.906742326345,1986.6419454093625,2674.495060360884,69.83974903296624,99.47150102470452,0.0113702646085353,0.8839835459023039,2,0.18832266
2021-02-28,292.4069,290.53198,295.82288,294.2848,290.7417,299.94763,-1.356181,-3.0457764,-0.098397255,0.6360995,-1.1941528,2.366505,-3217754.2,-825892.5,6263428.5,93339.82,-0.030880561,-0.042510495,-0.025973607,2520.5415335944936,2231.096503626151,89.65049299507808,0.2894450299683429,2007.454249165757,3516.9211157861587,1981.05995638646,2748.782113724641,66.82485170314635,99.72525698399144,0.0058526604476687,1.0569317205968705,2,0.098416634
2021-03-01,292.73895,289.75317,296.45142,295.35553,291.484,301.0,-1.1826344,-3.0908709,-0.2621765,0.3061259,-1.9646177,2.2239513,-3862588.0,-1042377.25,8097262.5,93240.75,-0.037068985,-0.048552826,-0.028011193,2699.567832322218,2279.58337597044,86.38784288082762,0.4199844563517786,2103.3773381700107,3740.6397557164655,1885.6901090953847,2855.3720560277084,55.932536334251175,99.9724562883052,0.0005806576259874,1.5018853493647553,3,0.019101663
2021-03-02,292.36057,287.46045,297.05188,296.0189,291.6245,301.3584,-0.5695058,-2.1022806,0.9241724,0.14536394,-2.7801476,2.2620401,-4356090.5,-1057495.2,8856858.0,93308.24,-0.04180509,-0.05456265,-0.031078525,2816.0838523087136,2235.246986291067,82.30133678590894,0.5808368660176467,2121.979553431375,3819.617295627042,1627.938193617469,2960.563537395372,44.66229184462647,99.66824049408784,0.0080880772735577,2.050646509273419,3,0.010534847
2021-03-03,292.0312,287.7473,297.05054,296.5082,292.21387,302.27246,0.20766602,-1.7367249,2.048935,-0.8175597,-3.7675009,2.0700836,-4152596.2,-777769.44,7913561.5,93450.586,-0.039852172,-0.053556863,-0.033292495,2906.2972607054203,2190.334805490834,78.76096363269748,0.7159624552145868,2201.591546554205,4027.6708709598943,1658.3904637894404,2960.324571877814,44.5352768985972,99.79917038962664,0.0048355152444337,2.1653593272150102,3,0.0070755384
2021-03-04,292.22415,289.0033,297.01282,296.26413,291.59985,302.76007,1.1842188,-0.89826965,3.6936646,-1.5153285,-3.7740955,1.8080444,-4234574.5,-805887.56,7937536.0,93310.805,-0.040638912,-0.056307923,-0.036187176,2865.492306478401,2209.1437376560475,79.72218719310293,0.6563485688223537,2118.7044614323727,4142.651867766076,1797.6998071407445,2953.6187084698886,50.39605535428392,96.55733938197751,0.0815216405276301,1.8957650829939812,3,0.019143788
2021-03-05,291.85052,289.90552,296.8501,295.1561,292.7461,300.948,2.8120337,-0.19761658,5.4353857,-3.8072126,-5.4866276,-1.0498991,-3674811.0,613976.56,4086226.2,92871.16,-0.0352669,-0.07125838,-0.026187154,2648.63426058703,2155.754947065217,81.77202071435381,0.4928793135218126,2275.7266432516294,3729.299816444079,1904.0215136447548,2924.84235198195,65.17171943698011,93.95379482459376,0.1482355365610578,1.2988510031073293,3,0.04318758
2021-03-06,292.54803,291.35876,295.4995,294.19855,291.87976,298.71704,2.3585837,-0.9119196,4.8406105,-1.5787941,-3.9457273,2.8031368,-3363247.0,146448.39,3802222.8,92868.82,-0.03227684,-0.050707523,-0.023563158,2497.7967355432143,2249.6434719955155,90.54857889734431,0.2481532635476984,2156.143635782799,3270.22271594643,2086.9161995405784,2695.315279765046,74.58582800605006,99.54383011989702,0.009972126666044,0.7267664502782809,3,0.2632615
2021-03-07,292.12137,290.8396,295.19385,293.83652,291.45044,298.9906,0.13451152,-2.1762695,3.5731812,-0.06312193,-3.0081406,2.2381325,-2976938.8,-712989.7,5170759.5,93134.85,-0.028569467,-0.040823635,-0.0227298,2446.888472183087,2191.18616047504,90.31773131255022,0.2557023117080467,2098.9540955433827,3323.714516781389,2019.88107326107,2645.6150243136326,72.52647949227195,99.52137463811329,0.0104497121082508,0.8304043214251774,3,0.22877912
2021-03-08,291.6965,290.00366,296.27527,293.4577,290.0625,298.85565,-0.40504014,-2.4003754,2.1061163,0.6778218,-1.0961828,3.6815774,-3190785.2,-1052513.4,6614825.5,93216.44,-0.030621741,-0.043697115,-0.025725236,2397.7334465612007,2135.661772672921,90.17126964481622,0.2620716738882795,1923.074719251338,3297.2318007015747,1915.9139345080064,2825.141461884241,69.48539561786099,99.78393484945173,0.0042177845961898,0.92883841164651,3,0.06939947
2021-03-09,290.85037,287.45947,295.90906,293.91156,288.6925,300.59442,-0.058162246,-2.2720032,2.5599365,-0.0311651,-1.7858429,3.0676134,-3931603.2,-1193984.2,8557313.0,93059.59,-0.037731316,-0.051404916,-0.029418675,2493.860544773343,2027.2664004381904,84.5066734640783,0.4665941443351526,1762.3032147997524,3652.989332765371,1627.8353723603968,2763.1877169920044,50.40531277772182,99.93715540608126,0.0011796694769284,1.6502527678467656,3,0.023444943
2021-03-10,291.2587,286.90918,295.87817,293.59348,289.94495,298.20593,0.2810185,-2.3019047,2.6318865,0.8689111,-1.7249451,3.6522965,-3847143.2,-1286273.5,7875552.5,92981.6,-0.036920764,-0.049102105,-0.03177961,2418.0673651660004,2078.413762615828,87.34221069988307,0.3396536025501731,1908.791372379344,3172.2952595219977,1570.796341998744,2758.017784881617,49.57556113615272,99.76066776115016,0.0047740954554328,1.597692941833585,3,0.096587725
2021-03-11,291.56552,289.59314,295.5746,294.89032,289.89282,300.8556,-0.21460225,-2.4672546,3.5795746,-0.52656776,-2.9853811,1.5375662,-4161828.0,-1092921.1,8642768.0,93094.98,-0.039940767,-0.054178942,-0.031573642,2648.86828957307,2117.932686491863,82.99558669903352,0.5309356030812068,1902.4879384088829,3709.2228786913015,1866.600532119124,2707.646408911372,55.39168390778715,98.7074374184974,0.025476427454877,1.6546218662912924,3,0.016263658
2021-03-12,292.77408,288.25537,297.46606,295.41617,290.7827,300.67847,0.0029820402,-2.7070465,2.7595978,0.638563,-1.4043837,3.164941,-4025194.8,-1188556.4,8761246.0,93296.23,-0.038629506,-0.050564174,-0.029623013,2716.5065516116106,2286.524860213272,85.98309108053418,0.4299816913983385,2012.652302506948,3671.00367857469,1713.5547074262695,3035.0843883362663,46.872931711283954,99.60903092110335,0.0086707057954981,1.94218997263981,3,0.02395279
2021-03-13,293.20224,288.96362,298.26245,295.32037,291.9685,300.75378,-1.3001326,-3.1208496,0.3294449,0.7926316,-0.9478023,3.0693817,-3718605.2,-1208704.1,7832812.0,93402.19,-0.03568719,-0.047953416,-0.028790904,2689.8021862185706,2346.918861995115,88.75059468283878,0.3428833242234557,2168.1344228592325,3687.213146058904,1793.1468676305176,3182.9964233982746,48.63149475226653,99.78417540977208,0.0047762978173955,1.8940662784283864,3,0.014909511
2021-03-14,292.9022,289.73975,297.8606,295.48935,290.42126,300.86322,-0.93779427,-2.6465912,0.8703766,0.20209695,-1.598939,2.689601,-3580833.2,-967398.2,8406076.0,93449.53,-0.034365006,-0.047026,-0.027243314,2731.138715330785,2305.349145588278,86.64488279129336,0.4257895697425077,1967.2487074623243,3710.876902189399,1884.0818229511617,3107.5905934798097,53.849719447886336,99.81942517801018,0.0037840352386342,1.614695593660085,3,0.02004934
2021-03-15,292.8025,288.68604,296.5569,295.5959,290.6797,301.04724,-0.31813937,-2.4506674,1.3941698,0.3402243,-1.2025146,2.8812137,-3793067.8,-1054428.4,8047208.0,93377.03,-0.0364018,-0.04860192,-0.030052897,2747.1460977478723,2289.2494109826225,85.73726751836024,0.4578966867652494,1999.61767745742,3750.967630513396,1761.572923660923,2873.607954861793,48.240358670140346,99.85245316214608,0.0031174379606045,1.8900850909617903,3,0.012563003
2021-03-16,292.67636,289.2202,296.25684,295.46823,291.4447,301.09027,-0.95677686,-2.8944225,0.99108887,0.5280511,-1.6254425,2.9400303,-3977950.2,-1233191.6,8397225.0,93281.15,-0.03817611,-0.051269516,-0.032019824,2724.264685717265,2270.8962257461862,85.84180244815411,0.4533684599710787,2098.198940893172,3760.3964706666334,1822.7740311614252,2821.9942978336417,50.80202040776954,99.7274190116178,0.0062026339061071,1.789400757998167,3,0.010126198
2021-03-17,292.3921,289.12305,297.87695,296.46878,291.0227,302.7326,0.2118213,-2.5343323,2.6738281,-0.5542342,-2.7236567,1.3637968,-4155253.8,-970280.5,9001375.0,93131.27,-0.03987767,-0.055605654,-0.03237947,2918.3177864969557,2233.0317970087804,80.21816177265038,0.685285989488175,2043.3047198541587,4136.099975358751,1811.5043757436724,3110.629171212564,47.32479651594253,99.98924689187386,0.0002197187658725,2.06300318566828,3,0.010789333
2021-03-18,292.98325,290.74023,297.98633,295.70084,292.35876,301.75037,0.5545023,-0.7642399,1.6226277,-0.81786865,-2.509819,2.63515,-2883453.2,-423591.88,4987866.5,93136.06,-0.027672296,-0.04528917,-0.021373672,2743.2063981029783,2315.7677361423566,85.20587210918396,0.4274386619606213,2221.561626812013,3907.655917175797,2007.2688226864648,3131.013715710943,65.79114268886099,99.44324207786664,0.0133524583395296,1.2054292473504515,3,0.066449985
2021-03-19,292.9104,290.78345,297.3495,294.65683,291.0498,300.3338,-0.48660985,-1.9977932,1.7558718,1.2746085,-0.16297269,3.7244267,-3379759.0,-1088639.9,6784804.5,93380.35,-0.032435305,-0.044656903,-0.027413014,2581.611868986244,2303.5200809586245,90.39538232814328,0.2780917880276193,2046.791606167816,3597.618008549285,2012.745232220644,3013.945429052008,62.32344722705098,99.7772037540568,0.0049055113531794,1.2945537766883,3,0.073921435
2021-03-20,293.32007,291.1443,298.02588,295.67343,291.7091,301.24237,-1.2740833,-3.1025543,0.3813486,0.74954826,-0.9130144,2.4066734,-3771295.8,-1102448.9,8032439.5,93616.53,-0.036192853,-0.048425682,-0.029902894,2758.8257500919863,2363.4265430744954,87.51179714795403,0.3953992070174911,2133.249192930394,3793.8912109588528,2058.9894909739023,3138.41363246131,57.39294509633479,99.74096561499508,0.005743024251446,1.5438334766081092,3,0.028473884
2021-03-21,292.2413,287.35962,298.13867,296.58072,291.69458,302.65533,-0.25106585,-2.2993774,1.8598633,-0.35585204,-2.5604544,1.7062492,-4412588.5,-986771.5,8895442.0,93652.57,-0.042347297,-0.056149166,-0.033732437,2933.899585042362,2218.96537871997,79.74487999787515,0.7149342063223926,2131.3102739887563,4117.715802672735,1617.35201255367,3159.6012071599494,42.00965477109853,99.5358678709857,0.0112455595705291,2.289821267410537,3,0.0031940825
2021-03-22,292.80295,289.48022,298.00024,296.45914,291.20203,301.55096,-0.18636234,-1.770484,1.2691505,0.7745487,-1.5759735,3.481821,-3931973.0,-999239.0,8501849.0,93537.28,-0.037734862,-0.052190583,-0.032716095,2889.952249640195,2293.619476980072,81.43587912641226,0.5963327726601233,2066.4751373982767,3862.649997017435,1853.233925795625,3133.6156475513308,49.12213928022327,99.61928776572891,0.0090858339869887,1.949827511490772,3,0.011955464
2021-03-23,293.05145,288.57202,296.86975,296.23117,292.09473,302.1632,-0.8075464,-2.0589437,1.0438547,0.826876,-1.1345272,2.9321194,-4168708.0,-1244547.2,8716201.0,93535.25,-0.040006794,-0.053406134,-0.031988397,2853.6066830658106,2326.850419809686,84.2601106851199,0.5267562632561243,2185.28953407398,4002.293881653374,1748.7468550479148,2928.3048824843872,44.09824822212706,99.57286641768536,0.0099316514201896,2.227673590081156,3,0.009518401
2021-03-24,293.58408,290.36523,296.90625,296.3472,292.63403,301.93005,-0.634811,-1.9508944,0.54950905,0.706778,-1.5578022,3.3739767,-3895553.2,-1219063.6,8277588.0,93522.836,-0.03738535,-0.05005118,-0.03214176,2866.5236735682715,2401.7274040249567,85.80972191630293,0.4647962695433151,2259.9379812989696,3948.603743059212,1960.291621136609,2934.7448178398263,51.67804179990767,99.33415964308377,0.0158799830895854,1.8465010620921345,3,0.018805096
2021-03-25,293.2813,290.88574,296.72058,295.85327,292.5669,301.0498,-0.99882364,-2.4514875,1.1930847,1.440864,-0.23696315,3.807719,-3929771.2,-1353668.4,8215295.5,93599.27,-0.037713736,-0.05126414,-0.03326553,2779.363719999352,2355.6737514329548,86.53036991663748,0.4236899685663966,2250.524656628821,3751.528769592108,2025.7614942530251,2902.113569634971,57.94125576369423,99.42258719763122,0.0139124047055233,1.5623576322771895,3,0.01337056
2021-03-26,293.19064,288.2251,296.49536,296.43723,292.42822,302.19653,-0.68795115,-2.4222593,1.4096832,0.70635825,-0.75565803,2.7185197,-3932637.8,-1123068.1,8132400.5,93465.04,-0.03774124,-0.050557107,-0.031278208,2894.19036416,2344.97498908211,83.83125423271021,0.5492153750778904,2231.1907149252847,4010.0197356555454,1710.223004294406,2862.9579950523307,42.90784497839861,99.7495499698,0.0058784729706612,2.289406683877274,3,0.005810268
2021-03-27,293.0741,286.90918,297.68884,297.3818,292.40515,303.51575,-0.26585475,-2.3765259,2.1539154,0.0063958415,-2.340561,2.2602296,-4324397.5,-1034147.25,8405399.0,93324.664,-0.041500933,-0.056849785,-0.03537141,3076.469081725007,2336.6239815134118,80.03693226707217,0.7398451002115961,2227.9882465399123,4326.5051404127735,1570.796341998744,3075.8419892507504,37.95381184150151,99.27240872593347,0.0172897732134929,2.597516068379302,3,0.0018870097
2021-03-28,293.2774,289.6953,297.7937,297.0051,292.8213,302.7688,-0.48206425,-2.4744568,1.9661865,0.19557898,-1.467042,1.7711958,-3800028.8,-1021810.06,7797974.5,93281.93,-0.036468603,-0.050237052,-0.031732477,2990.078932228993,2363.127377740845,81.79513294560812,0.6269515544881473,2286.375395310609,4144.735809148385,1878.7684486530804,3095.191182616668,46.41600572680844,99.75818679925122,0.0061928594013375,2.1961117466914373,3,0.003278742
2021-03-29,293.0227,288.92676,298.1488,297.11258,291.52087,303.03064,0.44930053,-1.1842651,2.071579,0.11139971,-1.4917278,2.6672118,-3619085.2,-957007.75,7646315.5,93209.0,-0.034732103,-0.049831748,-0.030526249,3011.3678353288847,2325.501926544332,79.66962932100448,0.685865908784553,2108.2442893705484,4207.680959680086,1788.925225973387,3161.5105308631905,44.28628041716684,99.68913151498934,0.0077091151091558,2.2747853693429625,3,0.030124322
2021-03-30,292.57306,288.22363,297.00854,295.32828,291.0194,300.89307,0.74541974,-1.8206482,3.9496002,0.38293707,-2.4057283,3.7381477,-3617051.0,-1183729.9,7533574.0,93072.12,-0.034712583,-0.052186225,-0.029125074,2690.7399542054204,2256.987680382624,85.62428519027549,0.4337522738227957,2042.8809950985644,3717.35363434711,1710.0619374590915,2952.8599837007614,49.59416340794215,99.72078017648845,0.0062450448199533,1.873763198477928,3,0.07023855
2021-03-31,290.24963,287.08203,294.34937,292.48615,289.93787,296.7633,0.41083136,-1.4382544,3.1414607,2.2232683,0.5982704,5.3427896,-3892190.0,-1496725.6,7025282.5,93013.97,-0.03735307,-0.06008251,-0.029960843,2248.658623823955,1952.0324708265805,87.45617207965347,0.2966261529973745,1907.934092631603,2909.594130439591,1588.5202422733907,2512.4539311068925,57.042924215193466,99.52398727938598,0.0099844825986751,1.2430452301383768,3,0.06931633
2021-04-01,287.83792,283.78955,292.58154,291.33835,287.29138,297.27466,0.5282605,-1.6095333,4.351224,2.0451021,-0.77474785,5.1925983,-3677425.2,-1346232.6,7785388.0,93164.69,-0.03529199,-0.061256025,-0.02896737,2108.746966931603,1672.6077549007407,81.4436669902321,0.4361392120308617,1610.222168824729,3000.444655796785,1279.477747342925,2252.575533363869,43.36066532386938,97.13883583094312,0.0479415306707017,1.6976816573646374,4,0.011274535
2021-04-02,288.56528,284.92798,292.2389,291.87344,288.38354,297.72595,-0.47761083,-2.273018,1.980442,2.247728,-0.6414614,4.0591574,-3612549.2,-1300638.1,7516086.0,93500.15,-0.03466938,-0.056554917,-0.028188141,2181.174162079504,1751.791613167633,82.65921966504864,0.4293825489118705,1727.7240393688114,3082.677530396166,1379.7345715938366,2205.029168139129,45.99511807551192,99.1027513912988,0.0157105144930583,1.6200067690603484,4,0.01323759
2021-04-03,289.20618,286.97498,292.9541,291.7629,287.02954,297.9873,-0.981833,-2.5835838,0.83836174,1.085871,-1.3341064,4.4143972,-3118726.2,-1298183.1,7494774.5,93612.336,-0.029930197,-0.04522418,-0.024309935,2175.3678422472312,1825.2081954972864,86.40550869767465,0.3501596467499444,1583.1194704292277,3131.1962457289505,1577.5223163629864,2305.290409960753,51.87447252581661,99.7885058659731,0.0036483387985294,1.506904709508885,4,0.0046303147
2021-04-04,289.8953,286.79248,294.66748,292.28418,289.77234,297.23438,-1.7914991,-3.5534515,-0.2766819,1.7358106,-0.23612976,3.4714365,-2971148.0,-1333354.1,6567690.0,93673.71,-0.028513897,-0.043652665,-0.023041956,2227.673029547917,1906.816383491252,86.93274590519023,0.3208566460566655,1887.9876617933944,2993.198643975307,1558.928845857282,2561.909086750541,52.36912213311138,99.4909977201108,0.0096339992106745,1.4178803546002132,4,0.016264625
2021-04-05,289.3597,285.93945,293.3789,292.27008,288.71423,297.67505,-2.3128023,-4.0979548,-0.66224957,1.2874378,-0.2891388,2.811386,-3036612.0,-1031884.94,6710519.5,93654.086,-0.029142147,-0.045430876,-0.02253115,2233.836729245176,1844.370315767004,84.73345310278069,0.3894664134781718,1764.757839410865,3073.3045301576717,1474.5521889908346,2366.715634488502,48.74060107339741,99.6412343615154,0.0064963203659287,1.558476761375902,4,0.016244091
2021-04-06,290.31546,288.43665,294.4756,292.26733,289.1859,298.3402,-1.6835709,-3.7657166,0.37222195,0.67540914,-1.406662,2.7792385,-2542933.0,-929820.2,5879058.5,93578.53,-0.024404349,-0.038247522,-0.019277487,2227.5929806819854,1957.6358137045645,89.1309517113246,0.269957166977421,1818.788655099656,3197.770795727494,1733.6243103799052,2531.975509454964,57.77352277002535,99.57233098818564,0.0077783954682565,1.2843494120991046,4,0.0604698
2021-04-07,290.3837,288.18884,294.55835,292.19373,289.83704,297.3667,-2.219793,-4.218175,-0.7161379,1.4509062,-0.030944824,3.019165,-2963266.0,-938311.3,5515313.5,93675.63,-0.028438253,-0.039986312,-0.023561744,2210.512123450316,1966.2088630524115,89.7335706555126,0.2443032603979038,1895.7619110728335,3017.058337775362,1706.2405190712152,2544.847982458474,63.662724356276506,99.46130002920574,0.0107537024573184,0.973884367703281,4,0.072718084
2021-04-08,288.84653,285.89148,293.17346,292.38736,287.8612,298.7865,-2.8723514,-6.214035,-0.84080505,0.6182114,-1.2103119,2.7825317,-3593910.0,-915718.7,7998222.0,93897.46,-0.034490503,-0.047591124,-0.030019406,2258.79163955786,1784.54627885084,81.67765760405725,0.4742453607070198,1670.6189355521165,3283.7327052113374,1469.9287168916994,2336.832188321509,48.4911476715642,98.06153440552254,0.0341911929045752,1.5637528204576008,4,0.0050424444
2021-04-09,288.75558,283.63745,294.37842,293.07532,287.88306,299.6881,-1.346397,-4.009903,0.28179455,0.054292653,-1.8255768,1.8885419,-3569693.8,-805563.25,8544186.0,93897.53,-0.034258094,-0.046547715,-0.027058119,2370.663838396777,1780.8554108439223,79.11913782349022,0.5898084275528542,1672.9740666236894,3463.582545754411,1266.581618995585,2516.9355639389805,38.37693229109421,99.22726728451948,0.0133363578931976,2.0337906186506984,4,0.00020127551
2021-04-10,288.6875,282.69653,295.11035,293.54218,287.50806,300.84393,-0.116963066,-2.3648682,1.7813873,-0.4545759,-2.574173,2.0609446,-3718751.2,-1011912.25,8388146.0,93611.055,-0.03568859,-0.048798997,-0.028849142,2456.363526708181,1781.7512296743737,78.21507785154178,0.6746122970338072,1632.9576645283826,3706.696774681323,1189.320466846102,2632.1791837136243,33.735361553342734,99.99922108701982,1.4186327485049332e-05,2.33612112347311,4,0.00011920223
2021-04-11,288.02835,281.5835,294.437,293.81772,286.83264,302.17444,0.6410875,-1.7630415,3.026413,-0.76957345,-3.2530823,1.7344208,-3892672.8,-984670.75,8473513.0,93403.43,-0.037357703,-0.052218992,-0.030952225,2515.966572510473,1707.4051809466573,74.43412607157194,0.8085613915638151,1563.004016068555,4004.896013229744,1103.3170559987498,2525.995474936891,30.058672613122727,99.8203379227963,0.0030624120820118,2.5672277820892573,4,6.5640124e-05
2021-04-12,288.1065,282.73828,295.51636,293.73233,287.55518,303.43018,1.0679269,-2.1646214,4.0675125,0.29941103,-4.0044165,6.4775543,-3751984.2,-736862.5,8030251.5,93376.44,-0.036007527,-0.057741392,-0.028499955,2477.0651397217825,1726.016207245251,71.79971600096601,0.7510489324765316,1637.93905655781,4305.334785575598,1192.658252797209,2698.0779751488617,38.88677998897699,98.96347206180764,0.0221429996617039,2.308634778418018,4,0.0028852662
2021-04-13,289.8993,287.0398,295.00574,291.9415,289.3711,296.2179,-1.0193926,-2.606639,0.8020582,2.759395,1.1918087,4.1399736,-2364253.2,-659780.8,3392727.0,93725.375,-0.022689572,-0.04011784,-0.0159187,2169.718165071093,1910.9803662816112,88.34344505018667,0.258737798789482,1840.3952999172025,2815.3557458571167,1584.1732330896684,2615.429511472222,70.29842767738712,99.30505116020404,0.01491858849669,0.8136542165035126,4,0.04575655
2021-04-14,287.4512,285.0166,291.05127,290.8653,287.56824,297.0598,-1.8822012,-3.840619,0.1183815,1.471192,-0.502121,3.5225372,-2756270.2,-1106947.9,6179125.5,93743.63,-0.026451726,-0.04045369,-0.020544294,2046.652933955184,1630.0792697284744,81.927572405815,0.4165736642267095,1639.322273242077,2961.97595108565,1387.8219483831222,2046.980235279315,49.27211699563251,99.50866806307224,0.0083616102445546,1.45289598156094,4,0.007852837
2021-04-15,287.79327,286.15875,291.5418,291.44852,287.2406,298.2666,-2.2248204,-4.7978973,-0.8764343,0.96233314,-0.94474316,2.7319336,-2737433.8,-849711.0,6269530.5,93664.125,-0.026270956,-0.04412937,-0.01988566,2132.290889076046,1666.5232296897864,80.41956408727519,0.4657676593862596,1604.9342023607533,3183.783497153935,1495.8506817652951,2111.012536697848,53.896537271296665,96.92236140034612,0.0524810054076533,1.3517671226501542,4,0.000940462
2021-04-16,288.71237,285.2881,293.5393,292.3926,287.10168,299.2505,-1.2095565,-3.4821625,1.2922516,0.24011128,-1.6508331,2.3855333,-2729465.2,-862108.56,7033686.0,93466.06,-0.026194485,-0.03834186,-0.021179665,2274.83938407928,1770.66904749908,81.31477986043555,0.5041703365802,1590.5465597276668,3375.240058582556,1412.8570311406386,2390.2795692392906,41.8594531535032,99.33939570202008,0.0111713670288436,1.9623830274419167,4,0.0032018921
2021-04-17,289.43475,285.875,294.76648,293.3754,288.45618,299.94666,-0.40015027,-2.1386566,1.9165497,-0.44381085,-2.782937,2.0675411,-2735426.8,-828571.2,6780436.5,93323.82,-0.026251696,-0.036610227,-0.021136371,2410.013989852658,1857.5442510288365,80.66265576628858,0.5524697388238216,1735.7989781335018,3516.7190682235782,1468.3434496626746,2577.472856124705,44.83896795287194,99.58240442601011,0.0087062603269405,1.920612019009752,4,0.022932094
2021-04-18,290.12585,288.37695,294.49536,292.30692,289.48584,297.61035,0.7252302,-1.2795382,3.5985413,0.21029334,-1.7840443,3.4621906,-2313988.2,-728739.3,4928566.0,93253.06,-0.02220718,-0.03141115,-0.018283967,2227.2286082899377,1934.143390703084,87.86266342119457,0.2930852175868537,1853.8966502785672,3061.427601853537,1726.9928255440711,2535.0460322791664,59.785542465792616,99.7635276254386,0.0044363944201761,1.1747494090981088,4,0.064489126
2021-04-19,289.25897,287.14246,293.2489,290.93863,288.71765,295.91235,1.0899403,-0.77754784,4.372892,2.7169216,-0.016326904,5.002531,-2611346.5,-1202120.5,5081994.0,93407.164,-0.025060909,-0.038917467,-0.018895209,2041.043205506985,1830.5035581601376,90.25417384894142,0.2105396473468477,1765.1442336382936,2763.739949829477,1594.7574799324232,2347.766751968246,67.3146438724963,98.86626961545622,0.0214394084851792,0.7743518077184556,4,0.02877271
2021-04-20,288.82407,286.56787,293.34412,290.36588,288.36182,294.81653,0.16515495,-1.4878721,2.6939158,3.0379932,1.2717729,5.044881,-2690049.8,-1176736.0,5183865.5,93525.94,-0.025816215,-0.039958812,-0.018851869,1968.6795317395647,1781.1042521526124,91.02678683672588,0.1875752795869527,1725.3147718468117,2585.372588916196,1536.3095604719488,2361.631707983747,64.48192721584033,99.69454214470548,0.0053687553632166,0.848840509973899,4,0.066387534
2021-04-21,288.55063,286.5913,292.5691,290.196,288.09717,294.93958,-0.105511494,-1.3997517,2.564664,2.537557,0.7710337,4.3118753,-2613818.5,-1020450.3,4927166.5,93541.76,-0.025084632,-0.039607156,-0.017362056,1948.163610782184,1749.4267631115272,90.40590259063602,0.1987368476706569,1696.206694370006,2604.8846513025687,1538.6562553518645,2250.832183650588,65.25505718579426,99.13483495716872,0.0150713791357029,0.8238354908277233,4,0.06285339
2021-04-22,288.50677,285.5254,292.47522,290.117,287.93164,294.82727,-0.60482246,-2.5719128,1.2048922,2.3212717,0.56200117,4.096547,-2507519.8,-1104598.8,4808993.0,93567.99,-0.024064489,-0.03347024,-0.01853405,1937.4327138125784,1745.3503404652567,90.656297010382,0.1920823733473214,1678.2210838486458,2587.070904622087,1435.0651658011914,2237.726759025757,63.64369624748148,99.65450377614468,0.0061491864784893,0.8398072335917229,4,0.13394853
2021-04-23,287.42007,283.69824,291.91223,290.6006,287.0995,296.25708,-0.3860098,-2.0091953,2.047243,1.6027746,-0.23091084,3.8612986,-2807298.0,-1193639.9,6636230.5,93537.195,-0.026941437,-0.03663089,-0.021923618,2015.311433248589,1628.5359838081474,83.23453219141724,0.3867754494404418,1590.3199020393015,2822.035962053926,1271.7221167918467,2160.524141342868,45.06399400616658,98.90412127418244,0.0205795992624969,1.5503138452620795,4,0.009942015
2021-04-24,288.30423,284.50488,293.17114,291.62656,287.2882,298.3296,-0.32973945,-1.5387449,1.4760456,0.7419326,-1.2502728,3.5621977,-2881075.0,-1187172.2,7118442.0,93380.66,-0.027649473,-0.0368074,-0.021017648,2158.004644845472,1725.996316659887,83.002066329667,0.4320083281855845,1609.8912223472198,3195.749415376331,1341.6941138243026,2336.4967214352278,42.44865697788548,99.18779334083084,0.0150894519842056,1.839196708170452,4,0.0009409876
2021-04-25,289.1108,285.0608,293.9287,292.9651,287.88074,299.36694,0.20017499,-1.3076553,1.8806458,0.16508971,-2.229004,2.1928232,-2950702.0,-1014724.3,6984366.5,93222.25,-0.028317677,-0.038114417,-0.020912671,2353.8747510728303,1818.2625083398452,81.20732991259904,0.5356122427329851,1672.7239421742142,3398.554212419225,1391.8700782918156,2448.343832066953,41.55486842285488,99.4982436657619,0.0086131958608295,1.9576052807164133,4,0.0006444425
2021-04-26,290.38626,287.94165,293.80444,292.1968,289.11194,296.48694,-0.48988792,-1.7832642,0.591012,0.9687317,-1.5482998,2.7756386,-1995368.4,-941282.3,4885468.5,93271.18,-0.01914941,-0.027777605,-0.01601461,2210.531349409968,1965.6590861337436,89.79865077426508,0.244872263276225,1810.2199202862648,2861.502657886568,1679.3039242224754,2429.681321566416,63.46318474879183,99.73815314494976,0.0049406466362011,1.0285224769304853,4,0.021218536
2021-04-27,289.96378,288.29828,292.96088,291.2333,289.35364,294.71484,-0.8837593,-2.6070185,1.3828506,1.4533483,-0.66064453,3.6047068,-1895926.9,-817834.75,3509126.0,93371.78,-0.018195074,-0.025894253,-0.014311371,2074.8852912146817,1913.1001004881616,92.55499517008012,0.1617851907265201,1838.348963290009,2569.344823983625,1718.2866376811166,2306.258953428489,70.57860231652556,99.52904459284382,0.0093181182254093,0.7521849845389763,4,0.053834412
2021-04-28,287.74448,283.4602,291.8484,290.42532,286.26147,296.4121,-1.176242,-2.9393158,0.17677957,1.3339748,-0.63736475,4.104149,-2442416.0,-1062029.9,6183056.0,93545.586,-0.023439692,-0.032920703,-0.01943345,1990.3655484727567,1663.120792424966,85.82941325529565,0.3272447560477906,1505.9199384591864,2848.601773007663,1251.6980797687595,2151.9187496337668,43.9407884818933,99.85161270516524,0.0023037413091888,1.5969036932389034,4,0.011530146
2021-04-29,286.84006,283.64795,290.62323,289.437,286.1034,294.4879,-1.0445957,-2.8837194,1.675108,2.5314386,-0.40072632,4.2053776,-2659594.0,-1148698.5,5830060.5,93881.88,-0.025523936,-0.041284334,-0.016477719,1861.6733536797483,1567.0514141287629,85.60753326238364,0.2946219395509854,1490.4487922584033,2533.889464852615,1267.4680246784744,1992.5063844353044,50.67732417591869,99.31722897767612,0.0105518516124866,1.233587517004528,4,0.02300595
2021-04-30,286.6473,282.7517,290.17468,289.5862,286.672,295.2168,-2.4529543,-5.1475563,-0.58678627,1.5821506,-0.41277504,2.8655396,-2567435.2,-1105198.4,5633740.5,94068.44,-0.024639495,-0.03845911,-0.016600005,1884.5642115908647,1548.1938492934876,84.18253653245492,0.336370362297377,1546.759389577659,2649.318428382889,1193.7335644002092,1936.7929360908136,46.1798734831661,99.3110971329639,0.0108770740999004,1.3977871283915866,4,0.021986468
2021-05-01,286.4585,283.29834,291.46594,289.96088,285.17358,296.5072,-2.1821554,-4.1838837,-0.7501621,0.8985996,-1.1435184,2.2739868,-2563844.2,-934850.3,6931929.5,93990.195,-0.024605032,-0.036795326,-0.017601155,1946.795579787117,1531.4064121837137,81.56163373393541,0.4153891676034031,1402.2500739604243,2865.004999788744,1238.241025521719,2100.99581348133,45.05998174941664,99.16502479985633,0.01183229295573,1.534033124360522,5,0.0014418847
2021-05-02,287.3516,282.8484,292.08398,291.0753,285.9652,297.6117,-0.82139724,-2.3618317,0.47096348,0.28554794,-1.8740301,3.0949163,-2700259.8,-1080165.4,7386991.5,93863.75,-0.025914198,-0.036471948,-0.01985681,2087.827440115353,1625.439149241609,81.4886505601327,0.4623882908737449,1477.039790488053,3061.673695373255,1201.501084840847,2183.8249008548423,39.24327686051368,99.57766113888069,0.0075499611607397,1.8601726105324083,5,0.00015139238
2021-05-03,287.76266,282.20483,292.68164,291.39236,286.3263,298.51697,-0.5395558,-2.6089935,1.1503325,0.021743575,-1.9396057,2.3344493,-2677219.0,-1212899.9,7029734.0,93737.52,-0.025693078,-0.03662662,-0.019587666,2139.1618990825364,1670.8313318291046,82.45836189323383,0.4683305672534321,1512.3044655943022,3231.578606948145,1150.6242709966457,2266.633801131874,35.60564080114635,99.78192070952998,0.0037156730813753,2.0809543359515,5,0.00022529004
2021-05-04,288.06784,281.44336,293.8772,292.6081,286.99414,299.90198,-0.105715394,-1.9358501,2.0944672,-0.5289093,-2.6778822,2.1068757,-2795552.5,-1106867.1,7153637.5,93643.98,-0.02682872,-0.03856879,-0.019586891,2316.4788104543773,1710.121464786097,79.19488521529392,0.6063573456682799,1579.4862197168786,3507.486234839421,1092.8877347463126,2440.5923094964064,31.34543269476461,99.6127871632958,0.0071742307447905,2.4080494978196967,5,0.00017692662
2021-05-05,287.9572,281.96655,294.71313,292.6984,286.1891,300.0796,0.11606104,-1.2774973,1.2672195,-0.011127914,-3.064209,3.627776,-2631332.2,-838494.0,7170415.5,93581.66,-0.02525271,-0.03899515,-0.017123446,2331.33155715692,1699.843783181407,77.7988271328993,0.6314877739755128,1498.818007334725,3544.3162799304687,1132.274658941157,2569.0761956062324,32.74723529028339,99.77738120474277,0.0039289283918867,2.3351772158246766,5,0.0003361431
2021-05-06,288.08923,280.88428,294.41968,293.70966,287.88757,300.58948,0.4397072,-1.5161247,3.1873608,-0.571433,-2.7504568,2.5429506,-2791581.8,-955202.56,7104880.0,93431.37,-0.026790611,-0.038679663,-0.017253697,2477.678188695824,1726.0706255346463,75.55375460482615,0.7516075631611772,1673.461245496207,3651.93207487468,1052.1403230734531,2523.3122784501447,28.857498063306444,99.61423091298904,0.0080014051864036,2.598075847094453,5,0.0016647667
2021-05-07,288.16702,283.59692,294.1792,289.4252,287.58252,294.5349,0.29631808,-1.4945402,3.92061,2.844814,1.129076,4.542326,-1763139.9,-864231.7,2430186.2,93732.84,-0.016920729,-0.039162084,-0.0074469373,1852.332039169265,1708.8568510392652,92.54998565565838,0.14347518813,1640.8359386671743,2541.196871317377,1263.1648060648367,2486.344576727845,53.62964522700932,99.52928716396248,0.0079020235573921,1.0921832495077428,5,0.0712979
2021-05-08,287.08264,284.61206,290.85742,289.21707,286.7766,293.79395,-2.0576527,-4.560916,-0.4117508,1.8075296,0.4644127,3.3578835,-2119739.8,-798441.3,3730750.2,94166.38,-0.020342993,-0.03706403,-0.011109314,1833.7197354075004,1591.6510795121656,87.94788567920654,0.2420686558953347,1557.321175712082,2428.110453873836,1351.2419731371483,2022.1505675859996,56.281287218886575,99.27161756268242,0.0119083590972149,1.0496305724426298,5,0.043859
2021-05-09,287.2947,284.42737,291.06335,289.95306,286.66333,295.43372,-2.311902,-4.5124454,-0.68862915,1.1651313,-0.29400635,2.5088959,-2107736.2,-875247.8,4840192.5,94139.24,-0.020227795,-0.034162518,-0.012036611,1929.0494059797309,1614.187184219094,85.60149197041785,0.3148622217606369,1545.887210645291,2684.548481403589,1334.8258682780136,2048.537008026995,51.49911018583215,99.27743531828656,0.0113313138684202,1.2571138049733424,5,0.012654588
2021-05-10,287.1216,282.95483,291.21167,290.90735,287.27014,297.11707,-1.6622843,-4.191696,1.8613739,0.1414804,-1.7538109,1.870378,-2376238.8,-1121768.2,5998743.5,93930.71,-0.022804592,-0.03655701,-0.014133333,2058.254555449222,1598.726053108374,80.65819569459042,0.4595285023408481,1608.008512931164,2972.1845530031987,1210.104732388223,2067.727708951171,40.964829224510936,98.96860931506754,0.0178493598972934,1.743904243839042,5,0.0025007417
2021-05-11,287.02985,281.3518,293.2915,291.04596,285.6947,298.38318,0.8071118,-1.3689451,4.5798035,0.15900813,-2.1336164,3.2060719,-2418440.2,-1162361.6,6463569.5,93562.195,-0.023209598,-0.035775665,-0.01467033,2102.547315042286,1595.7374972045166,80.90163580267175,0.5068098178377691,1451.0975395419011,3205.960675703916,1086.121239432879,2353.9615796287694,35.38964126386232,99.78995437702642,0.0034964325266521,2.013511224409106,5,0.0003423777
2021-05-12,288.72253,287.03174,292.63525,290.41647,287.5813,297.03833,0.15165828,-1.590208,3.9065895,1.3814158,-0.31349182,4.9627686,-1517708.1,-880106.56,4128634.8,93495.69,-0.014565338,-0.022794675,-0.009947587,1982.1862382886968,1767.97965542294,90.68706672152956,0.2142065828657569,1640.7065175145242,2958.1529324142607,1583.345224769291,2260.10945194339,53.57951384970264,99.785044535616,0.003830364688921,1.373188972295977,5,0.0528443
2021-05-13,286.75912,284.8401,290.25897,288.66208,286.47485,293.2766,-1.737425,-3.6805096,-0.17539215,1.9809498,0.4453354,2.9592466,-2516812.5,-905776.56,3855778.0,93833.84,-0.02415367,-0.03454882,-0.019993423,1766.0548467129531,1558.0416237823804,89.01065979764314,0.2080132229305726,1527.0271492881704,2351.79442452346,1371.75506951264,1947.1567521937689,65.42545551219632,99.59994624471086,0.0067187525607146,0.7348042663474923,5,0.20325774
2021-05-14,286.4545,284.10425,289.90198,289.07004,286.16858,294.9712,-1.9854817,-4.3592825,-0.7099762,1.1984911,0.055847168,2.234192,-2137151.2,-680630.2,4314237.5,93871.23,-0.020510089,-0.031220537,-0.016392322,1822.7623925519408,1527.6437203283467,85.55217757097007,0.2951186722235941,1496.8113611878164,2609.918958550495,1306.52817834893,1903.59377290985,53.7760700717582,99.16410754361168,0.0125117332545321,1.1230435188865004,5,0.017658105
2021-05-15,287.72964,286.5913,290.86047,289.6909,286.9823,294.89398,-1.3873959,-2.7996626,0.7447052,0.6147825,-0.96799946,1.9806671,-1846885.9,-758563.94,4039496.0,93717.78,-0.017724432,-0.025314163,-0.015304181,1891.724161609964,1658.3213665182718,88.71284549829585,0.2334027950916921,1578.2725988207014,2597.63973787519,1538.6562553518645,2022.5394041165769,64.44976086202044,98.81533741799012,0.018931707942447,0.866919354113174,5,0.012324157
2021-05-16,288.02335,285.0537,291.71643,290.30414,287.46216,295.7243,-0.7441185,-2.35291,1.4890137,0.61478084,-1.2044411,2.3613412,-1918231.0,-729267.5,4478843.5,93704.586,-0.018409126,-0.026250921,-0.014331722,1970.563780294119,1691.0750632755935,87.65337935064099,0.279488717018525,1628.1181445673635,2732.38613853324,1391.2207839068824,2134.2273861774797,53.9822139356369,99.625073056323,0.0063576875329711,1.20514217854989,5,0.010340544
2021-05-17,287.32657,283.88354,292.1631,290.98657,286.41833,297.58832,0.87567806,-1.4081583,3.8090973,-0.39377823,-1.9874725,2.1204922,-2493513.8,-872108.8,5794492.0,93590.875,-0.023930073,-0.03240763,-0.018740818,2070.699105267496,1620.3128816164635,81.49640833607914,0.4503862236510325,1521.4111939711054,3057.3919026594776,1287.505008591343,2194.630143361664,49.09652242673709,99.50874589463947,0.0081520469732461,1.3899681215055224,5,0.0020077336
2021-05-18,287.17606,283.8396,290.9568,289.64258,286.9828,294.10632,-0.15555339,-1.7545052,1.7411852,1.466557,-1.6859589,2.97081,-1899019.6,-745365.2,4247974.0,93551.79,-0.018224755,-0.026751373,-0.014511392,1882.0222033254029,1601.7112953461765,85.97006531045525,0.2803109079792262,1578.3226288153223,2475.2358328044666,1283.74649424394,2034.844872775224,55.24612518533699,99.61701040949995,0.0063525136558519,1.1077639459809925,5,0.019948494
2021-05-19,286.09116,281.56006,290.2793,289.32938,285.1267,295.74835,-0.17556906,-1.9542894,2.4855194,-0.17684196,-1.8869495,2.2406702,-2209067.5,-950387.2,5499287.0,93522.82,-0.021200264,-0.030243803,-0.01645251,1871.6756484790512,1494.7259208678497,83.56016935542208,0.3769497276112017,1397.9280577907257,2736.378226166102,1101.566686185936,1949.6630535384852,41.04125056092864,99.75287764653754,0.0034844543594458,1.585441061736674,5,0.0026842265
2021-05-20,285.31796,280.5415,291.53003,289.58505,282.42078,297.3451,0.47539303,-2.118515,3.4516754,-0.41078416,-2.6701508,2.1099353,-2601689.5,-864797.0,6536539.5,93415.836,-0.024968227,-0.036792565,-0.020134345,1937.1260276406745,1429.607301845187,79.57118995741268,0.5075187257954872,1167.4797186140102,3013.151094471076,1027.8267506420334,2109.4545007919573,34.473917465001215,99.98644246488944,0.0002028546735446,1.9536352537429016,5,0.00012445071
2021-05-21,285.938,280.8484,292.6538,291.63135,284.73413,299.25098,0.27758622,-2.072235,3.4145508,-0.8693568,-2.4399052,1.4082336,-2544195.8,-486902.88,6457388.0,93313.5,-0.024416465,-0.035322446,-0.017124616,2202.2660893546217,1488.1332332560337,73.90123548257606,0.7141328560985882,1362.1894129990071,3375.337519165982,1049.5710910790062,2262.7172115759568,32.68797035895114,99.87224026265471,0.0020895907909848,2.2074181343309585,5,0.0015268717
2021-05-22,285.46176,280.76538,291.7456,291.7792,286.59045,300.26697,1.3573709,-1.4600525,4.694809,-3.0013793,-5.6553574,0.41579342,-2464005.2,45534.168,4838004.0,93168.19,-0.023646884,-0.040946167,-0.015189963,2183.961657875791,1442.672839424833,67.91206995814375,0.7412888184509582,1538.570643378426,3583.537282273299,1043.649861394426,2138.127765175926,46.92394148054544,93.4488432404218,0.1463677435498857,1.7796291692628723,5,0.0016305328
2021-05-23,289.40982,286.9707,292.9298,291.79825,289.21094,297.62866,2.771498,0.9086151,4.5668793,-3.482,-4.9294453,-0.39783573,-1491239.0,543955.25,3120350.0,93151.72,-0.0143113155,-0.029174943,-0.006315794,2154.558559803748,1847.5306770332063,86.21841669939543,0.307027882770541,1821.695379260825,3064.784914418118,1577.0847965700268,2301.820547365877,69.73374465107011,99.14102140062236,0.0174830465247314,0.8956112686545985,5,0.012604751
2021-05-24,281.61166,276.005,291.1875,289.2264,282.95618,295.5572,2.6097298,-0.77846813,4.182825,-1.3537083,-3.1227894,2.7887487,-2944169.8,317020.88,6265737.5,93414.75,-0.028254986,-0.047108706,-0.01982786,1849.738223868332,1146.4624010146083,63.32943614754617,0.7032758228537238,1210.213610766657,2704.784805574452,749.6727296382313,2064.5896101115613,33.29995782762808,95.30926611458686,0.0881013610373036,1.653238840139437,5,0.0018340502
2021-05-25,281.85947,275.88184,288.01562,288.5783,281.05078,295.46277,-0.5095454,-2.4595947,0.7890253,-0.18468581,-1.7587738,1.7120606,-2303218.0,-662582.6,6486960.5,93743.21,-0.022103818,-0.033403654,-0.01772465,1798.4783739436004,1137.694557232039,67.07202894149151,0.6607838167115613,1064.1329459592662,2689.297997326694,743.156391249465,1687.3254505041057,31.98104226031608,96.69352556161635,0.0514315596145525,1.8292324682958097,5,8.5878105e-07
2021-05-26,283.92972,277.9624,289.4651,287.91388,280.7213,296.33643,-0.106075376,-1.4925098,1.6045532,0.10952827,-2.381836,2.7821822,-2225337.5,-965606.5,6241837.5,93694.22,-0.021356406,-0.032700505,-0.017532496,1745.7568191422718,1304.219837576382,80.75676431110789,0.4415369815658898,1040.5183868303236,2835.605404826081,860.2412497418769,1851.4484881486087,30.337128299931383,99.95062436793484,0.0005662749016275,1.9753641550842045,5,8.7984154e-05
2021-05-27,286.14914,282.62622,291.78967,290.269,283.94568,297.82196,0.047778536,-1.6858826,2.037506,-0.1799377,-2.2904053,1.4475702,-2204734.0,-851740.44,6073018.0,93529.63,-0.021158675,-0.03004815,-0.015844425,2014.1363451384304,1503.0214813196435,80.0946779779438,0.5111148638187862,1292.8356828695546,3100.4239636847806,1183.7175543111473,2144.0309964799767,41.41007126408269,99.67537799549795,0.005205191786043,1.7898227773753568,5,0.00027291378
2021-05-28,286.76932,283.7688,293.14062,292.89,285.69543,301.292,0.14264871,-1.9602518,2.3846436,-2.101385,-4.7607317,0.5852661,-2198310.0,-349294.34,5858456.0,93198.69,-0.021097023,-0.031800468,-0.014751508,2399.595375873153,1563.327223091747,70.97036222316977,0.8362681527814059,1451.1672349664052,3804.8748954483817,1277.711452238728,2332.0866165428106,38.08185145831269,95.36005370236434,0.0769893366087949,2.2660754330903847,5,1.9362718e-05
2021-05-29,288.29172,285.48914,294.02832,296.18356,291.94214,304.03552,3.248546,-0.08177185,6.88116,-4.081388,-6.815568,-0.1955967,-3199496.0,1518079.5,5543930.0,93068.445,-0.030705336,-0.046401802,-0.0191304,2829.484262155835,1724.3519209043045,61.60282256088431,1.1051323412515306,2164.5657265531217,4457.059469496649,1431.6524852961388,2463.393806801958,42.310989053488,79.44790923936085,0.4666450622431141,2.4291006378236912,5,0.0055064885
2021-05-30,289.6164,287.08704,293.1571,291.61533,288.1654,296.54028,-0.71489197,-2.3994703,1.6533364,0.6698291,-2.3913574,3.4538584,-1249889.4,-262769.38,2940672.2,93581.19,-0.011995098,-0.01834623,-0.00858031,2131.47102902418,1874.414257704312,88.74423077944368,0.2570567713198678,1703.6703259879014,2870.730744467554,1589.036045286703,2334.467165440856,64.98769835233323,99.73976046054511,0.0048000653084727,0.9069025289557926,5,0.036542453
2021-05-31,289.11066,286.31177,292.2755,290.63235,288.20667,294.70532,-0.2888632,-2.0613966,2.2475815,0.21233779,-1.9958735,3.117846,-1422764.6,-333380.84,2808304.8,93703.23,-0.013654171,-0.019685384,-0.009856128,2003.6769685139989,1812.715805814688,91.40216596589929,0.190961162699311,1708.1972186581274,2567.8484936150085,1510.8715901362325,2210.068324742636,59.8490486744336,99.53041377086564,0.0086257823672378,1.020101087764077,5,0.15889195
2021-06-01,287.82132,284.9276,291.73132,290.20224,286.91467,295.35278,-0.08209359,-1.8196774,2.1074076,0.3759354,-0.8808621,2.48377,-1816637.4,-755034.06,4175952.0,93572.65,-0.01743414,-0.023506915,-0.013092823,1959.560425520841,1670.0130474105888,87.16680305871118,0.289547378110252,1571.356912527258,2671.356415793045,1379.70123900958,2136.217593499193,52.51400534519951,99.49814943465712,0.0090563122528967,1.2685201648141555,6,0.014223499
2021-06-02,287.36865,283.65405,293.54932,291.4421,284.02832,298.95514,0.5408106,-1.3777542,3.8908844,-0.8911831,-2.7466183,1.1367302,-2287327.0,-569102.3,5896225.5,93472.4,-0.021951314,-0.030896835,-0.015440397,2161.508586624203,1625.3268059567988,80.02917462641938,0.5361817806674039,1299.9559359724433,3316.7375138505363,1267.9836281986795,2391.756870209504,45.03822352158748,99.653097272804,0.0057493318226531,1.6935140137073832,6,0.0017569977
2021-06-03,287.60117,283.58228,294.30713,291.99014,286.66187,298.71375,0.4445159,-1.7776604,1.6517525,0.12438,-2.9415274,3.386211,-2151613.2,-456463.6,5800999.5,93719.94,-0.020648878,-0.031556085,-0.016390866,2212.461622481808,1658.7140490934778,77.00491381961545,0.5537475733883302,1545.7398428945814,3269.5828542897234,1261.9318144289564,2505.9510936767474,44.75530300611713,99.40595414472712,0.0118321616335383,1.7550772941454906,6,0.0011210178
2021-06-04,289.55386,286.4668,293.70947,292.18082,287.9204,298.20813,-1.5287322,-2.8983612,-0.21533775,0.19127892,-1.4594622,1.7410487,-2121792.5,-913853.3,5671644.0,93972.48,-0.02036269,-0.026884485,-0.013913418,2231.3959625407856,1866.8287535842023,86.44784592574486,0.3645672089565834,1677.0069209111757,3172.710698720638,1526.2254891524497,2415.5028285814715,48.53891246384799,99.51129662314978,0.0097439141936697,1.6321176306009548,6,0.0010554986
2021-06-05,287.23547,282.65894,293.5962,292.55325,285.90735,299.86945,-0.36839542,-2.163165,1.2123413,-1.3491288,-3.2484722,0.83658123,-2218783.0,-418747.16,6059796.5,93817.21,-0.021293502,-0.030558374,-0.014749021,2305.596444461516,1619.549446558228,74.79191996985689,0.6860469979032883,1471.4566947342312,3500.776757009979,1186.3215619436742,2398.685622652244,37.2999376261012,99.75618638209448,0.0048850357610479,2.016232218804755,6,0.000516299
2021-06-06,286.34726,281.95312,294.12256,291.91217,285.56445,301.8612,0.4155276,-1.7802105,2.2295227,-1.1212522,-4.020752,4.1255074,-2120488.8,-124822.66,5079923.5,93638.445,-0.020350179,-0.035789873,-0.01375991,2220.511272122127,1528.6556162607974,72.38701299264353,0.6918556558613296,1438.7501446251051,3932.870438376988,1131.2483428075184,2477.7068705963115,35.53803263357697,99.43103221353716,0.0116786267457632,2.072508527235996,6,0.00021802852
2021-06-07,289.52982,287.34473,293.54688,290.73386,288.48596,294.60046,-0.5359251,-2.7837734,2.4904726,1.3637224,-0.22706228,2.6596384,-1172588.9,-359617.47,2643592.2,93654.29,-0.011253252,-0.018213876,-0.008266493,2013.5604653781816,1862.2014720244088,93.08631921430704,0.1513589933537729,1739.11996509303,2551.42012820201,1615.7935812478215,2391.396479085975,66.06031494287258,99.6889586433252,0.0057982389770356,0.8350237465161008,6,0.04054039
2021-06-08,289.02457,287.3844,292.13147,290.3933,288.0923,294.6067,-0.34706947,-2.3269587,1.7106829,1.6984376,0.68278503,2.8014145,-1754227.4,-622892.94,3446733.0,93643.81,-0.016835196,-0.022701815,-0.014314011,1972.654737694046,1802.0249042631067,92.1588134565789,0.1706298334309393,1695.673728408181,2552.392923836598,1619.9480714004685,2190.305765259569,64.9210191439266,99.53283761364337,0.0083926099149362,0.8809077047624132,6,0.03570415
2021-06-09,288.9684,287.354,292.83008,291.05096,287.9734,296.2984,-0.76982856,-2.7484026,1.7302408,0.7553651,-1.1213007,3.3273644,-1846334.5,-826730.94,4407335.5,93688.72,-0.01771914,-0.023409482,-0.013009451,2068.828062187775,1797.1181808680158,88.67538669578437,0.2717098813197592,1682.7413852848072,2829.0953973077208,1616.7642520524057,2287.622903563274,57.25434527309626,99.54022594876922,0.0081765220872168,1.2070637811573652,6,0.0063007795
2021-06-10,289.90952,288.10303,293.4397,291.88666,288.65332,297.60248,-0.878268,-2.7495813,1.4837036,-0.6223654,-2.192524,1.3255873,-1571446.4,-512302.34,4049287.2,93629.56,-0.015081059,-0.021559628,-0.011457805,2173.02275069037,1906.964815526382,89.05822212423472,0.2660579351639882,1757.884203892106,3059.9849472436704,1696.8464480062523,2375.622170995022,62.21676741706976,99.51692858542104,0.0095856619922997,1.0441220990487388,6,0.017483152
2021-06-11,288.68124,287.0807,292.9475,289.9325,287.68042,294.49402,0.6918796,-1.2827139,3.129449,0.30147588,-2.0479832,4.627364,-1259470.9,-143950.81,2187677.8,93527.375,-0.012087052,-0.02271088,-0.0083651235,1911.9355143947623,1763.8526583776147,92.45975037882152,0.1480828560171477,1651.2448060102963,2534.837436747854,1588.381881169854,2304.3483858612444,79.16336808095265,99.11939818295996,0.0152431359063593,0.4703982867875966,6,0.039096348
2021-06-12,286.0593,281.96704,290.21222,288.79684,285.96887,294.50757,-0.259678,-1.3304348,1.2221069,0.74842286,-1.5302372,3.6623592,-1945751.5,-871485.2,4496017.5,93694.914,-0.018673237,-0.027101599,-0.01436446,1786.8061981941007,1492.9832160891972,85.32269575788145,0.2938229821049035,1477.3937777861086,2536.9430455560805,1132.3119950046416,1941.4022478722743,51.23895656521176,99.20174609881424,0.0122030407486524,1.108331250018886,6,0.006638432
2021-06-13,284.8549,282.4414,289.1377,287.68958,284.8025,292.8368,-1.3482069,-3.418912,0.6713629,1.9935404,0.9777037,3.0495481,-2118495.8,-887994.8,4914984.5,93920.94,-0.020331053,-0.034310058,-0.013372278,1663.6751564993592,1376.6868158170685,84.29192338452292,0.2869883406822907,1368.354051676199,2288.576263541262,1169.1013319978215,1813.199387965007,54.57193210689006,99.51514070654292,0.0069379946780554,0.9764090242429008,6,0.013205585
2021-06-14,284.24545,281.83667,288.24036,287.18146,282.03284,293.79974,-1.5746983,-3.3089008,-0.3068695,0.5402103,-1.0712128,2.4491825,-1878892.4,-837578.8,5676491.5,93928.46,-0.018031595,-0.031461667,-0.0125878835,1633.689528872164,1322.5844124497298,83.8646352033155,0.3111051164224342,1137.3529766267425,2428.9779741458515,1122.3817578209057,1711.9015773510343,54.29647141377205,99.3997397892276,0.0068681919002331,1.0910435105583536,6,0.00081010873
2021-06-15,285.46268,283.3391,290.25342,288.19702,283.58667,295.28058,0.20356043,-1.605072,3.487442,-0.08620435,-1.9457064,2.535275,-1863096.6,-978315.7,5281287.0,93705.03,-0.017880006,-0.027597932,-0.013194851,1751.2386255522797,1433.8950517141918,85.82344166630304,0.3173435738380877,1262.3016004551816,2659.6350002510003,1241.618584212081,1946.472339655984,47.30468867435027,99.76483391080332,0.0031228273369283,1.3892777541341548,6,0.00027525442
2021-06-16,285.5799,281.6139,289.88916,288.03024,285.44177,292.7093,-0.2556843,-1.5361624,2.3273945,2.079612,0.47804075,3.8541374,-1841392.9,-1044139.5,4853915.0,93664.664,-0.017671717,-0.02713207,-0.013234463,1697.011056450751,1446.94626669466,86.41448536787033,0.2500647897560913,1427.2049383390488,2270.530512023317,1105.5907226515385,1902.0457626884577,52.16475522312519,99.67445894479526,0.0053086098895155,1.038564792178771,6,0.011031337
2021-06-17,285.33862,282.34424,289.02173,287.37097,285.188,291.81677,-0.79210234,-2.1423416,0.6522999,1.7494098,0.68330574,2.6180744,-1772537.4,-738012.7,3439061.2,93851.16,-0.017010914,-0.029018834,-0.01098885,1626.919615425143,1420.1451816318393,88.32327184882115,0.2067744337933041,1403.580555731026,2147.6683386070804,1161.480760841426,1799.8186284868964,54.16448699181888,99.51166498126982,0.0069538491988205,0.9828777023281016,6,0.050698448
2021-06-18,285.36255,283.14587,289.2644,287.4624,284.73206,292.6172,-1.3567963,-2.7978659,0.23398781,0.9656938,-0.25817156,2.4212837,-1315649.4,-690115.44,3126265.2,93999.19,-0.012626193,-0.022908496,-0.008384392,1640.980125042056,1423.0872166133122,88.11769340764276,0.2178929084287437,1362.0026555177462,2257.572851796218,1225.6822585159066,1827.9195299137948,58.56731356652417,99.5315765696341,0.0066630354215242,0.8670930181300082,6,0.006957628
2021-06-19,287.05167,283.8938,290.68054,288.98434,286.47925,296.37524,-1.4728894,-3.3072605,1.9070587,-0.13527992,-4.093916,1.9711304,-1319013.4,-327170.28,2589317.8,93838.47,-0.012658477,-0.019269094,-0.010563125,1814.684929459072,1588.1625515730404,89.28804205918829,0.2265223778860313,1527.464574669206,2842.264783024605,1288.383389756822,1999.725478868076,45.32946393494644,99.49020915065898,0.0078662782071044,1.553881393267783,6,0.09606258
2021-06-20,286.2842,283.92017,290.61707,289.67316,286.4994,295.94006,2.35815,-2.367157,6.9116344,-0.30112335,-2.0768175,4.461646,-1945536.9,-501741.0,4592243.5,93524.63,-0.01867118,-0.027859371,-0.010556166,1893.459623575293,1511.4868531848508,81.48778228687029,0.3819727703904421,1529.4708526732682,2768.386620451968,1290.644510301467,1991.7312549466392,55.31029128657832,99.46364284035006,0.0088444308837135,1.0554442442413547,6,0.037094098
2021-06-21,285.256,282.63013,288.9496,288.01724,285.2638,293.10608,-0.57156813,-2.7866755,2.907421,1.2255145,-0.13964844,3.2081375,-1686294.5,-727990.0,4320158.5,93867.81,-0.016183248,-0.025465447,-0.010435829,1701.0221309893257,1412.862602241152,84.70727177799873,0.2881595287481736,1410.6008402935604,2327.1031904104657,1184.0282152913792,1791.538257405067,53.93061464816462,99.31347206823942,0.0098409153261375,1.0114376124500708,6,0.0118464185
2021-06-22,286.69492,284.97766,289.04266,288.0986,285.42334,292.29474,-0.72622865,-1.5951157,0.9064522,0.9575122,-0.88153213,3.101309,-1324007.5,-484635.4,2852542.2,93866.24,-0.012706404,-0.018642835,-0.010343773,1706.3998561631795,1550.6305601016668,91.77056233030429,0.1557692960615126,1425.4773555181137,2212.71792544664,1384.2632748473438,1802.227766841897,69.43264093026454,99.51210269657956,0.0072744483427798,0.6584879614368422,6,0.12462201
2021-06-23,286.0083,283.5415,289.2494,288.1755,286.1781,292.53345,-1.6760947,-4.08173,1.2753916,1.578323,0.058547974,2.4408875,-1554348.4,-742347.5,3422792.8,94045.445,-0.01491697,-0.022929307,-0.010023282,1712.791554996982,1483.8098099046897,87.58359592893919,0.2289817450922919,1497.742723975117,2245.847961908162,1258.505572771367,1826.1697672239864,59.34294380981105,99.21464266971988,0.011837318715713,0.8699374884566308,6,0.017287115
2021-06-24,285.31522,282.70837,290.04883,289.08444,283.21973,296.82288,-0.7046419,-3.030942,2.6613312,-1.3669335,-3.5390024,1.5131989,-1781091.0,-373566.03,5394406.0,93705.055,-0.017093003,-0.027736567,-0.011423497,1863.489149706914,1419.5488760713758,80.65488061674596,0.4439402736355385,1231.7514706481534,2920.052345383413,1190.2663107268934,1921.4087085895733,47.81542243638479,99.55805335947824,0.0062037750685312,1.4507078649263487,6,0.00086716947
2021-06-25,286.57968,283.3164,292.92908,291.73618,286.4453,298.8219,0.4804865,-1.5999889,3.084622,-0.9224129,-3.9600677,2.6796522,-1900198.5,260833.61,4738069.0,93547.6,-0.018236069,-0.029689357,-0.01355859,2183.8902023102846,1553.2023514320415,73.18190424447278,0.6306878508782426,1524.0895397561665,3290.637047719378,1239.7366673674985,2301.715999588064,41.85656188099684,99.4398481882342,0.010211415119131,1.913289515561709,6,0.00023278368
2021-06-26,288.15298,284.46313,293.29736,291.25964,285.87842,298.86548,-1.0331953,-2.4799976,1.1122313,-0.47133628,-2.727481,1.209105,-1831293.0,-648205.44,5075296.5,93659.086,-0.017574789,-0.023921968,-0.010281688,2132.678683532717,1710.2312267494992,84.59296141630581,0.4224474567832175,1468.672122028454,3299.1539631312417,1337.991136158706,2354.814710850699,41.04526227902621,99.75417866833256,0.0043686027982359,1.945007565975136,6,0.00025959298
2021-06-27,285.9418,282.65405,292.489,292.29895,286.7494,300.8214,0.68807,-1.8754921,2.6614532,-2.688247,-4.657196,-0.82230854,-2356799.8,95556.6,5743881.5,93520.94,-0.02261804,-0.03529453,-0.01379474,2266.548865183544,1481.7407925450168,68.48743083505512,0.7848080726385271,1554.5668014172452,3701.820756589611,1185.9325835696368,2239.648316944772,39.487605553763785,94.42099870350172,0.1249411275828331,1.9083752881208071,6,1.7969895e-05
2021-06-28,285.29868,280.54126,291.14136,289.10986,283.91772,295.6858,0.59424967,-1.7535353,3.5564356,0.58603525,-3.3576813,4.2816267,-1715655.1,-465189.88,4841356.5,93729.06,-0.016465018,-0.029993981,-0.011280227,1833.6431697883,1427.9483694724152,78.8771007269712,0.4056948003158844,1290.4350004388605,2726.003346607567,1027.809611632114,2058.610305161692,45.22878898689908,98.43644074862809,0.0247050104235484,1.4930650451946232,6,0.0052994364
2021-06-29,283.75882,276.08203,289.48877,285.60007,282.92285,290.56323,0.67241806,-2.1884575,3.8743563,1.0483718,-1.4397354,4.1104393,-1407894.1,-488586.66,1356264.1,93898.34,-0.01351146,-0.028390298,-0.0067248293,1447.7973682491556,1287.504085492892,89.0106613112021,0.1602932827562634,1207.5139994426154,1984.9735502456851,753.7735212207967,1854.2425022539924,57.68959048389805,98.82848991807964,0.0159254870918641,0.5592692816295601,6,0.048586544
2021-06-30,276.85162,273.2196,283.2849,282.5403,278.0736,287.97876,0.7989312,-1.8787394,2.9493675,0.85950637,-1.0854111,3.180417,-1972081.6,-828268.75,4826251.5,94062.71,-0.018925928,-0.047379427,-0.010741465,1188.663378874881,801.9312956536779,68.46154460605185,0.386732083221203,866.9348331694193,1683.323721379768,614.0307157660553,1237.1304307908688,43.631237166518105,88.03211531335904,0.1262890068835395,0.8718627969649162,6,0.0033519503
2021-07-01,281.2152,277.64038,287.23975,283.84277,277.79712,291.18738,-1.4440197,-4.1423206,1.2522402,1.1408721,-1.851471,3.0053139,-1623361.6,-1102034.8,5220601.5,94309.555,-0.015579285,-0.03399243,-0.008949021,1319.4565412496413,1086.6229025655866,84.95037902566098,0.2328336386840546,850.377151738923,2064.5737717474617,841.115555916648,1604.8453530416168,53.70617313814929,99.72153733021057,0.0025547913177236,0.8711586448054546,7,0.00011967742
2021-07-02,283.14148,279.21362,288.75024,287.25174,281.32788,295.58325,-0.88078547,-2.6632528,1.850235,-0.6997974,-2.7304688,1.850235,-1813867.6,-781350.7,5831365.5,94208.93,-0.017407559,-0.030205132,-0.010762739,1668.7246701969034,1231.5750341451374,79.82184348185031,0.4371496360517661,1084.3590349302465,2709.0731799147115,938.2556382128016,1768.8325168598187,35.52346198083637,99.71205370906912,0.0036122418813963,1.715756128498023,7,0.000112570764
2021-07-03,283.83557,279.65674,291.32642,288.28128,282.1548,295.5929,0.09324795,-1.749896,1.973338,0.12812974,-2.3038206,3.3279722,-1697853.0,-680119.9,5772847.5,94061.48,-0.016294174,-0.027747868,-0.010662512,1768.2396028010087,1299.6241023179084,77.25402009644813,0.4686155004831003,1146.7484814132922,2710.6614879453,967.3467400638024,2082.682965666113,37.85977780845072,98.26710773708008,0.0278160249983518,1.6506187479634271,7,0.00055125053
2021-07-04,285.17368,281.71045,289.39258,287.5023,284.23425,292.35156,-1.4228956,-3.592534,0.995738,1.5455061,0.10858154,2.8475308,-1476781.4,-983971.44,4377268.5,94179.68,-0.014172566,-0.022243124,-0.00902479,1645.7847902821163,1406.6194788052087,87.1444542895719,0.2391653114769081,1317.8493184587185,2220.56526991134,1112.840953189913,1842.916616357696,50.94069414935274,99.82395395212605,0.0024332961240752,1.074638832521177,7,0.0047724224
2021-07-05,285.47232,281.8672,289.27466,287.79318,284.7472,293.48584,-1.6802841,-3.4779358,-0.2916031,0.7318227,-0.8061371,2.3764925,-1481973.1,-1001571.44,4459279.5,94236.96,-0.014222391,-0.02232721,-0.0085593285,1680.864712963417,1433.598322344077,87.29740696028806,0.2472663906193405,1363.365404594855,2382.402165384436,1124.699336220826,1829.115336505535,48.6314366297124,99.4588722931872,0.0076957269365445,1.1897269518015636,7,0.006682755
2021-07-06,285.69174,281.2976,289.65527,287.43124,285.1543,292.0581,-1.7699515,-3.6075363,-0.6427002,0.96859735,-0.6584711,2.7715473,-1297070.4,-988721.2,3677529.0,94125.164,-0.012447891,-0.019699953,-0.007370679,1633.1022379788512,1454.8479227004698,90.05960100808896,0.1782543152783817,1400.4703212175089,2180.3000036677163,1082.1329240347625,1873.99185675394,50.97105078325264,99.5926134478979,0.0062245667656711,1.0409014403859032,7,0.012850626
2021-07-07,284.7298,280.19604,289.4071,287.35992,283.68555,293.594,-1.4586354,-2.9589663,0.6841593,0.94307417,-1.4603424,2.7312076,-1557438.4,-1030412.56,5277674.0,93987.414,-0.014946624,-0.02396222,-0.008524099,1640.537092429413,1366.7788066291214,86.0792695298748,0.2737582858002917,1270.647082319595,2398.360444590385,1003.8260322162034,1844.6230899625089,43.223461744030864,99.93252372830534,0.0008573852775462,1.318584047200518,7,0.0018790942
2021-07-08,284.7544,278.19092,290.1582,288.17456,282.28027,294.41626,-0.58466965,-2.3530474,1.4541602,0.3284715,-1.6662569,3.0539036,-1685368.6,-967317.8,5729972.0,93819.945,-0.016174361,-0.02393515,-0.010693762,1736.4463102367763,1375.5024728764693,83.05554786161665,0.360943837360307,1156.4881554731437,2522.7834924514245,874.0456667459023,1934.7723748094825,34.947211109205035,99.97286741869225,0.0003137850890984,1.6399007233173064,7,0.0013084874
2021-07-09,285.6002,280.42896,289.66846,288.31177,283.91113,294.77783,-1.584484,-2.7632923,0.056041718,0.5903162,-1.2438145,2.409195,-1617731.1,-1150602.6,5425105.0,93893.85,-0.015525252,-0.023689434,-0.009899249,1745.3050418741757,1448.2158395672352,85.94130181870041,0.2970892023069403,1289.869473549542,2579.262889216169,1019.95237486455,1875.5634571497628,39.873822915134326,99.77726861688534,0.0029942462771173,1.537997428532459,7,0.001743709
2021-07-10,285.06897,277.94092,291.3452,289.15543,282.78882,296.8235,-0.88524395,-2.6161423,1.709137,-0.19879775,-2.1016407,2.2004051,-1632194.4,-675654.7,5991225.5,93865.24,-0.015664054,-0.02513691,-0.008922303,1868.4250089144816,1407.907289341154,80.62106655793504,0.4605177195733278,1196.709783298119,2920.1596693219453,858.9533680955349,2085.1421150463825,29.46632976963882,99.7234480870899,0.0044275710346148,2.0560800779109423,7,0.00032931316
2021-07-11,284.59027,276.9795,291.37305,288.80786,281.95508,296.55823,-0.46424055,-2.018816,1.1953316,-0.17476846,-3.0383997,2.9710777,-1805272.6,-966296.7,5775647.5,93809.69,-0.017325073,-0.027803637,-0.009936212,1836.690728753416,1367.1956365006552,80.5445310222836,0.469495092252761,1131.397574118324,2873.8407807409585,803.0375795264374,2088.787615069983,28.212838582139657,99.918012766576,0.0011456065839031,2.061787990411747,7,0.00026946727
2021-07-12,285.1456,277.4912,290.98926,289.36633,283.84033,296.89685,-1.353134,-2.6470919,0.5881796,-0.10717853,-2.0559397,2.017477,-1641743.0,-737200.44,5779996.0,93931.53,-0.01575569,-0.02501297,-0.008772489,1885.6880380519824,1415.8454881980158,79.319366664474,0.4698425498539665,1283.809056805179,2933.085188748345,832.3841410297558,2039.0082787043489,28.956278400839164,99.68104242225458,0.0051335711352114,2.042239902527005,7,0.00010318286
2021-07-13,284.1208,277.448,291.34595,290.0252,282.19116,297.7099,-0.47725356,-2.2291193,1.0749636,-1.2331433,-3.3138895,1.0112057,-1680510.1,-569253.3,6093068.5,93963.41,-0.016127735,-0.027441638,-0.006914321,1991.47951655824,1328.0443563928343,73.76022891608274,0.6634351601654057,1149.564373048286,3079.719079507783,829.8697681465586,2085.2379776398843,27.21737006041885,99.85903323061096,0.0022255276038947,2.219174890850107,7,5.144446e-05
2021-07-14,282.69882,277.97974,290.80542,290.63483,283.90784,300.1261,0.5451293,-1.5420046,2.1852875,-1.839539,-3.5126486,0.24662781,-1952005.4,-573617.44,6159584.5,93766.22,-0.018733257,-0.0338602,-0.0076899817,2070.6138061080323,1201.181833756246,63.38270132558503,0.8694319723517859,1289.586792040118,3554.016095451716,861.2815803670411,2015.5348766027955,27.736447140199623,94.1153401517074,0.0899189952407405,2.245213164298533,7,7.113948e-06
2021-07-15,282.3599,278.8579,290.76636,291.3041,284.15796,302.6892,1.4794136,-0.75712585,4.3916245,-2.863243,-5.2914467,-0.97803974,-2228396.5,-251577.94,6088889.5,93486.41,-0.021385761,-0.04085279,-0.007653882,2176.669637993112,1170.236636934704,59.15680911718039,1.0064330010584084,1311.1950224104503,4125.766416945827,915.464848634624,2010.5778538817149,27.99413984115612,87.31523833392872,0.1895174535450624,2.697869836624669,7,8.949635e-06
2021-07-16,285.44012,278.8484,290.44092,289.73682,285.23926,295.3451,-0.631502,-2.8883524,3.491508,0.84803414,-4.130369,3.517167,-1320896.8,-376632.25,3954194.0,93488.85,-0.012676552,-0.023963232,-0.005268151,1899.6818650859725,1444.9027338989483,77.31839806954437,0.4547791311870241,1408.3251964582064,2670.105831162428,914.8615840585728,1969.6941257734147,47.20771013199595,99.99278176629986,0.0001030289035468,1.3194855199485809,7,0.0025768322
2021-07-17,287.73007,284.55823,291.02893,290.45023,287.2079,296.88965,0.18713504,-2.4841757,4.6587524,-0.19276053,-2.963457,2.3105803,-1648254.9,-615921.3,3818457.0,93534.63,-0.015818186,-0.022573553,-0.009734132,2003.2676689668715,1659.5901084989364,85.87276607326476,0.3436775604679349,1601.5356304535337,2931.8140809327383,1346.438836922857,2044.1052994204904,46.44052954266907,99.56981197492549,0.0072301899440094,1.556746968116167,7,0.13595074
2021-07-18,285.16312,272.86426,290.48743,289.65128,284.74023,295.3955,1.6029447,-0.5693564,4.2071834,-0.1533797,-1.8924255,4.283557,-1796328.5,-823827.0,5606115.5,93626.38,-0.017239235,-0.02556339,-0.010545556,1901.9135726745524,1424.434947962876,78.21935537703335,0.4774786247116764,1362.738830491268,2678.3134577580363,598.3959428603206,1975.4917490912187,26.96447082167981,99.07449058882004,0.0157328125980141,1.930413629279713,7,0.010730803
2021-07-19,277.029,267.989,287.41333,285.4059,279.3562,292.29437,1.6402078,-0.30345136,3.440198,0.42681345,-1.3660688,2.973727,-2369879.2,-1019435.7,6541114.0,93847.98,-0.022743562,-0.039889723,-0.01166962,1444.8566228081456,851.6845850410599,62.083859573616216,0.5931720377670859,947.530557610925,2212.667430829784,416.8012451145947,1622.9835765717144,21.893389939349973,99.70116802484428,0.0038008067706809,1.5335288983808475,7,0.0073460913
2021-07-20,277.2468,271.73633,283.5304,284.072,276.97705,290.24695,-1.3138038,-3.2198362,1.0628622,0.9796376,-1.7661839,2.5503616,-1904654.5,-1227402.0,6308059.5,94097.164,-0.018278833,-0.03976535,-0.0091479,1330.571078131183,830.1968432498935,64.2201773354753,0.5003742348812893,802.8997903865317,1945.6753783466336,551.0805516401826,1257.573498681384,36.66097091668899,90.67988298173525,0.1096948679783336,1.1487357598256798,7,0.00033190826
2021-07-21,281.15628,276.7124,286.3379,285.48206,279.35852,294.41052,-1.2361505,-2.3537054,-0.011526108,0.1346432,-1.7212982,1.7210999,-1520020.0,-777271.25,5436228.5,94142.96,-0.014587524,-0.0292636,-0.0077225873,1490.3861795554965,1079.4217588573265,77.88190234141544,0.4109644206981701,947.68210112528,2521.896105754249,788.0869007825858,1513.4492163833995,31.64223180905956,98.29122220994074,0.0169801181327824,1.7025304031363713,7,0.0
2021-07-22,282.9556,277.4143,286.95312,286.13315,280.40906,294.63623,-1.2945393,-3.2909365,0.2410574,0.7479066,-1.8881531,2.585907,-1585908.0,-1249523.1,5927044.5,94393.06,-0.015219848,-0.024858346,-0.008533605,1537.0987038352134,1219.777107923046,83.97321393111679,0.3173215959121674,1018.5658229930852,2557.0133671355,827.914072788689,1575.2858384676088,33.0999482529571,100.00166139643277,-1.7622001497556993e-05,1.7106432657924535,7,0.0007917737
2021-07-23,283.9017,277.38354,288.99268,288.34268,282.1881,297.52466,-1.6167651,-3.198637,-0.11558533,0.074646376,-2.320262,1.9315338,-1763989.4,-885966.75,6389184.0,94289.664,-0.016928881,-0.027424393,-0.009924914,1781.4780660170472,1300.0350311548889,79.00967315220068,0.4814430348621584,1149.327906318748,3045.7581190231654,826.1319994057088,1796.4800252298269,27.124018622682534,99.62119700717636,0.0056572647461198,2.2196261196174563,7,0.00057277177
2021-07-24,283.92905,276.8745,289.67456,289.0652,281.36633,298.3108,-0.42926762,-1.9078684,1.4979067,-0.6942964,-2.9662247,1.6753225,-1802685.6,-859717.2,6375374.5,94059.586,-0.017300244,-0.027650915,-0.0099470755,1888.586381845135,1307.433497994054,76.99537589089648,0.581152883851081,1087.1923821673458,3192.174080081991,797.1315016272722,1876.2914420910645,24.97142955332805,99.99350530490204,8.368948136876498e-05,2.395042578454719,7,0.00019141541
2021-07-25,281.84586,274.85034,289.38794,290.02042,281.74536,298.53125,0.05882764,-2.2573242,1.8424072,-1.7278985,-3.2699661,0.32060242,-1950415.6,-551330.94,6642962.0,93808.44,-0.018718,-0.03412505,-0.009465868,2015.3715298535212,1141.5633513535229,63.88491769804149,0.8738081784999986,1115.4727115710396,3234.323916058863,690.5228317972181,1842.371984379829,21.61138809532137,96.37291943511518,0.0565097332219233,2.5046575460273264,7,1.4329657e-05
2021-07-26,280.72757,277.21533,288.98047,290.68695,282.42822,300.53638,0.7895527,-1.800766,2.5734863,-2.3834116,-4.0766544,0.06149292,-2157357.2,-443244.16,6638492.5,93598.97,-0.020704005,-0.039675526,-0.009484582,2106.274241671317,1051.7118407972164,55.6279230505482,1.054562400874101,1168.0648056873154,3640.593187971685,816.4470438164018,1795.078875926556,25.375922818520845,89.57817015402263,0.1425074979756395,2.4560963095431,7,2.5771137e-06
2021-07-27,281.2531,277.78198,292.03638,292.09457,284.66504,303.53748,1.4954805,-1.3814764,4.6529627,-2.7225208,-5.6329403,5.5170765,-2503773.8,66780.64,6386068.0,93279.875,-0.02402854,-0.04808321,-0.009257337,2289.7847898636896,1093.4487516935294,51.93396320292691,1.1963360381701602,1355.9836032375977,4331.895214816481,849.4788124194739,2177.3442777714736,26.611309849418703,97.34238718529,0.0516833516986153,2.8915585625779348,7,6.743658e-05
2021-07-28,284.59842,280.95892,291.66943,285.8647,282.63147,292.375,-0.06614357,-1.9407415,3.6535645,1.6960754,-1.5555773,4.01296,-1609707.5,-353097.03,1538008.9,93478.625,-0.015448246,-0.026123038,-0.00975797,1476.955301847241,1361.8437351565003,92.15905377533414,0.1151115666907404,1184.135021612252,2223.8090908101017,1057.5019434153055,2127.9574829394646,57.04174076222982,99.39887930854482,0.0095859998872149,0.9553096741833036,7,0.292711
2021-07-29,274.7932,270.8059,283.72925,281.85605,276.4287,286.95282,2.0036833,-1.0632963,4.7042465,0.59987444,-1.6083755,3.697643,-2800778.2,-724366.3,6294436.0,93904.586,-0.02687887,-0.056960292,-0.01634126,1136.020167329248,700.2685049013984,62.55716372734688,0.4357516624278497,772.4771676297462,1575.2546225117192,514.5806116713048,1274.3510530831477,35.15245022550641,91.25402572889124,0.1159296180025151,0.94927356739792,7,0.017461173
2021-07-30,276.52832,273.64905,279.99573,280.34988,274.10254,287.0199,-1.5115108,-3.644884,0.6901121,1.6277819,-0.5246868,3.232236,-1905438.6,-1625552.1,6333128.0,94303.85,-0.01828636,-0.042350877,-0.010864361,1037.5118027668582,780.246439631804,78.17050898453313,0.2572653631350542,654.4572004801727,1582.1289946644188,633.408155515865,990.1369327724376,47.5887819533771,99.46626783753634,0.0038589648436661,0.7763256562935085,7,3.7655523e-06
2021-07-31,279.44272,276.6621,284.60675,283.14877,277.7683,290.4391,-2.322814,-4.964611,-0.2795086,1.2975227,-0.9237366,2.962387,-1827232.1,-1259634.0,6395658.5,94510.16,-0.017535817,-0.035952874,-0.010363264,1259.2258002274818,959.9899176446232,79.00211539582578,0.2992358825828586,848.6681306366819,1969.4661790197972,785.2994125225921,1350.767524151801,48.9425224157074,94.78433833108645,0.0467632548039197,0.9575782296100176,7,0.000112538946
2021-08-01,282.7579,280.22986,287.46643,285.37625,280.77185,292.69714,-1.7062454,-3.6784973,-0.025478363,0.79074115,-1.48913,3.02697,-1497574.0,-976022.8,5417766.5,94534.38,-0.014372111,-0.025103144,-0.008523207,1454.6985519218645,1200.3873661901332,85.78654457984068,0.2543111857317312,1044.1103067950955,2268.817988587361,1006.1531611572066,1628.5680985133306,46.37916118217018,99.849467515164,0.0015717251892474,1.1632546838988789,8,0.00035503853
2021-08-02,284.47885,281.70154,288.4109,287.0787,283.18726,294.52185,-0.80485964,-2.6794128,1.176055,0.5868911,-1.4195404,3.4540927,-1678275.5,-1158294.2,5791684.5,94249.02,-0.01610629,-0.023476817,-0.011820491,1621.043491939255,1342.4060413715022,86.2545332369354,0.2786374505677531,1229.0797669686822,2539.1641305996263,1112.1700891422963,1730.7601306037757,45.48722247971697,99.67152889588225,0.0041298239295613,1.3539217065797031,8,0.0004576387
2021-08-03,284.175,280.70532,288.0412,286.27975,283.93823,290.22223,-0.56892264,-2.8521833,2.1236525,2.3982484,0.10831165,3.8790026,-1510921.4,-1235202.9,4446947.0,94224.03,-0.0145002045,-0.023109462,-0.009062949,1514.8505999106349,1317.0464851346685,87.94860368195602,0.1978041147759666,1292.195815421221,1942.6330241515464,1039.3840878688106,1690.1063979107237,54.10285299012322,99.48349527453932,0.006686287213047,0.8817421197612307,8,0.013491327
2021-08-04,283.43008,280.83618,287.47693,286.06815,283.42688,291.516,-1.3351301,-3.652914,1.1736889,2.266451,0.7174835,3.348219,-1727297.0,-1171816.6,4494181.5,94410.18,-0.016576746,-0.02694621,-0.009286763,1499.4373034866906,1252.187360647882,85.10124051849118,0.2472499428388084,1248.9170164992129,2107.5990925580554,1048.698466020461,1629.6741643683174,52.85874664352021,99.4192632365798,0.0072955244631357,0.9352654616392152,8,0.02119338
2021-08-05,284.18738,280.85376,288.63257,287.0322,283.0243,293.86572,-2.1134138,-4.1083975,0.39966583,0.9450178,-1.0189667,2.94067,-1670501.6,-1316250.4,5933374.0,94491.875,-0.016031684,-0.024297658,-0.01026838,1613.560290788636,1318.1553755348682,84.95902579226387,0.2954049152537678,1215.7480619465164,2438.868600510238,1049.9552491641075,1755.5478664035588,44.67790373025555,99.50419036737668,0.0062106419230099,1.3378939318761955,8,0.0014489879
2021-08-06,286.00607,283.16602,290.77563,288.5267,284.65063,295.0138,-1.9409238,-3.5383902,-0.27427292,0.5427779,-1.8357906,2.8828087,-1398635.5,-1000386.3,4870427.5,94482.09,-0.013422605,-0.020022167,-0.008920209,1773.5310011817735,1486.0465391797952,86.55045260464186,0.2874844620019782,1354.692955287123,2616.716123317924,1227.3348771305036,2011.7541762059489,47.25389382131611,99.67737172648778,0.0044325576530522,1.3699852120276432,8,0.0006081205
2021-08-07,286.1797,282.26294,290.6693,289.5021,284.23047,296.01855,-1.3920857,-3.1672516,0.18153763,0.0641079,-1.8985662,2.35604,-1607398.4,-897238.8,5807964.5,94191.26,-0.015426087,-0.022194188,-0.009541608,1891.331142021768,1505.9764442604285,83.02795654609352,0.3853546977613398,1317.5185652083276,2781.585939557144,1155.1384624593588,1998.3090675767487,41.52805225364594,99.59042242541474,0.0069169938409809,1.6264474770977846,8,0.0009031567
2021-08-08,285.46042,280.44067,291.22607,289.8584,284.44287,296.66382,-0.7541352,-2.003294,1.4488001,-0.007454671,-1.6560631,2.5021904,-1696051.5,-909121.25,6069430.5,94017.43,-0.016276887,-0.024088183,-0.00986389,1940.3967679054008,1444.947551375355,78.52983981836961,0.4954492165300457,1336.1970332902397,2892.2011594874903,1020.7697740963104,2069.5998802052864,35.7293412322624,99.95857875090152,0.0006252637349437,1.8528863063955636,8,0.0004039339
2021-08-09,284.69504,278.30225,291.85522,291.21777,284.5387,298.76,-0.14309472,-2.1184387,2.2673187,-1.0175282,-2.8474245,1.3636885,-2041266.0,-732860.25,6903606.5,93910.805,-0.019589888,-0.03093475,-0.011715848,2145.2017629433963,1380.03498888098,70.96697988667093,0.7651667740624166,1344.6999256042711,3278.574642560693,880.8415710732427,2152.8387276740204,27.244240745447847,99.61554012377871,0.0062828252777476,2.3717675558369398,8,7.803867e-05
2021-08-10,282.38443,276.48438,290.65845,292.02127,284.10718,302.63672,0.7880242,-2.3754902,3.334549,-1.6657244,-3.7318573,0.6885185,-2409580.2,-503613.75,7258939.5,93685.0,-0.023124568,-0.039395567,-0.012612851,2285.534069060158,1180.0259538357566,58.30671750311395,1.1055081152244013,1306.7823554542952,4113.297431410595,775.5182484241112,1996.9396822517533,22.1091011660446,87.2216562088345,0.2173362277049345,2.7461341838801507,8,2.7603264e-06
2021-08-11,284.82947,279.01685,289.29968,288.40128,284.58557,293.66284,0.058534727,-2.2934237,4.4328527,2.2821279,-2.887474,4.8493557,-1441850.4,-1155306.5,4590151.0,93789.4,-0.013837334,-0.02661687,-0.0069369334,1743.482711293311,1382.2933886549288,80.57900928880868,0.3611893226383826,1348.8766416799149,2408.567749477137,925.5867764565664,1832.0365612607293,41.96935450100927,99.62397775328922,0.0058024514072938,1.2993961209401008,8,0.0135572655
2021-08-12,285.71103,284.47107,288.70007,287.14258,285.27625,290.68542,-1.2062992,-3.1952152,0.31356812,2.83691,1.6519356,4.1573696,-1368588.2,-807084.7,2402674.2,94027.34,-0.013134244,-0.023760375,-0.005357828,1599.2648942652063,1454.2571567941793,91.36806244150428,0.145007737471027,1411.756883045888,2000.3415848601423,1338.6942244679733,1763.1578554777914,69.01884135532528,99.47920097262217,0.0075466010702762,0.6197289998409212,8,0.05723863
2021-08-13,286.52396,284.93933,289.6421,287.5017,285.42664,292.32837,-1.7473936,-5.749115,0.390872,2.1795666,1.0215311,3.7716188,-1125622.0,-679568.06,2053560.4,94025.85,-0.010802514,-0.01974485,-0.005784615,1638.4753039215814,1533.8888595449023,94.07279489534773,0.104586444376679,1425.786125759327,2217.359327243984,1380.7682336720443,1872.4214137909669,68.25729456453692,99.47665609205175,0.0078598111224021,0.7038498396928234,8,0.0772729
2021-08-14,286.1736,284.70746,289.9546,288.4047,285.34155,296.7245,-2.1679971,-5.6723633,0.77575684,1.1997749,-0.89206374,2.8005533,-1598000.6,-848064.0,3527963.0,93939.555,-0.015335897,-0.026888967,-0.008530261,1752.765011458446,1500.5750268868337,87.47500085724819,0.2521899845716123,1417.8341195463263,2902.79680653304,1359.790747968484,1909.9595909832497,47.131561547444,99.24969488540872,0.0122173004786884,1.5346633430646812,8,0.018270038
2021-08-15,287.28384,282.63672,291.26953,290.4681,286.0775,299.10156,-1.6157173,-3.569703,0.89575195,0.4019399,-1.2340536,2.4503937,-1959277.1,-1417870.6,6311108.5,93702.195,-0.018803041,-0.027023895,-0.010554761,2020.3917004446885,1615.1603114296197,83.84520566493391,0.405231389015069,1487.9294397395654,3345.6291513403867,1184.5526187793932,2075.2571480077822,35.405974936128715,99.41069692614356,0.0093985499312941,2.161076532560993,8,0.0017769573
2021-08-16,288.40442,281.24707,292.86743,291.11728,286.99432,300.9336,-0.9955368,-3.6364012,2.5325966,0.25922814,-3.0913715,4.0787253,-1815979.4,-1293772.4,6043924.5,93562.65,-0.017427823,-0.024205916,-0.00933315,2094.395353152235,1736.6545419764989,86.46421737706503,0.3577408111757363,1579.5049934968906,3726.164022616125,1078.4257422012215,2292.931478420521,28.94198257660335,99.51099503016648,0.0082092639884081,2.647738280414904,8,0.017158229
2021-08-17,287.36182,281.54736,293.55518,292.43857,285.3673,301.9402,-0.6015902,-2.794404,2.3284912,-0.7248235,-3.5295572,2.0800776,-2247904.8,-523099.12,6911628.5,93672.625,-0.02157298,-0.03345455,-0.012122385,2336.440027801041,1634.399157341078,76.3391208888392,0.7020408704599631,1420.23726500755,3950.923737592264,1100.619592910835,2392.622003250025,27.85806107299113,99.67720729295452,0.0064887001275815,2.850192310426919,8,0.0029019995
2021-08-18,287.61185,282.28467,294.29492,294.5071,286.90125,302.90686,-0.6812105,-2.6391258,0.9826832,-0.74911165,-2.6666927,1.3704116,-2340247.8,-644149.3,7375418.5,93814.47,-0.02245919,-0.03350859,-0.0117110405,2643.3561511968887,1659.2598658426086,69.00647080047666,0.9840962853542802,1569.9869397339417,4177.821879531282,1156.8305521676955,2504.0744114602203,27.97106290161473,99.33134253572304,0.0128379519692168,2.999548601302302,8,1.8377197e-05
2021-08-19,285.86972,277.6057,293.82837,294.38043,286.42554,302.58093,-0.5392734,-2.5934753,1.9142017,-0.9704091,-3.123972,1.4307785,-2447298.2,-647666.1,7533063.5,93634.94,-0.023486545,-0.036753885,-0.0127444,2603.879318576011,1491.0900329333035,62.259056177332575,1.1127892856427075,1522.125821714702,4100.081573329544,839.0791306039389,2433.2647689420323,20.774896106108404,95.99699050021876,0.0837842593984414,3.2073705480608066,8,0.00012144187
2021-08-20,283.7447,277.61646,293.4685,294.07053,286.73767,303.4099,0.45254806,-1.997139,2.358551,-1.8971983,-4.2725296,1.2345762,-2817773.0,-561602.06,7818158.0,93482.1,-0.027041966,-0.04680021,-0.012048732,2570.1936257585967,1301.4695842870983,55.50631133944014,1.2687240414714984,1553.3823826830485,4300.334803284254,839.7096688685264,2379.853195865636,21.555037299654785,93.71735401134195,0.1278510918645549,3.0559443130523247,8,1.4505417e-05
2021-08-21,286.2949,278.84717,292.80273,293.56235,286.32397,301.4613,-0.8219138,-2.8175955,2.9519863,0.16336921,-3.3898926,2.9480395,-2129028.2,-1094777.9,7587216.0,93645.586,-0.020432131,-0.034450028,-0.009573773,2445.7872489975584,1527.0752321362531,65.68486570885297,0.9187120168613052,1512.0756069335505,3842.561150475971,914.7842678629776,2283.743726662774,25.044193818345786,98.06145910423032,0.0371538927459457,2.880222688362311,8,2.9282426e-05
2021-08-22,283.66135,276.02026,293.08154,293.49277,285.95215,302.0221,-0.35309136,-2.545782,1.3675232,-1.8364209,-4.7938137,1.0397167,-2444436.2,-845804.06,7857880.5,93425.09,-0.023459079,-0.043059353,-0.0091043245,2486.2628828365628,1300.934221626624,59.12496829962611,1.1853286612099387,1475.7778439352091,3969.7230986924255,750.4835171416815,2323.569401085448,19.101261880299223,97.96134387930832,0.0374735315949262,3.178489981283152,8,2.305368e-06
2021-08-23,283.12817,277.10815,292.0625,294.41904,286.40735,304.3612,0.31278935,-1.9416656,2.6101084,-1.6595697,-3.9197206,1.2756386,-2554770.0,-862466.2,7964483.5,93215.24,-0.024517944,-0.047168486,-0.008866147,2660.9399855074007,1248.1847467599907,53.1294670765064,1.41275523874741,1520.3216527681218,4540.602245796797,810.3287365428848,2180.8982188872683,20.431530083231177,90.83474617031722,0.175832210947432,3.336683360910844,8,3.036856e-06
2021-08-24,284.5059,278.46484,294.28955,295.1734,286.8838,304.1421,-0.8270867,-2.3279018,2.3270092,-1.0685829,-3.52359,1.5432692,-2337351.2,-908904.75,7789420.0,93136.62,-0.022431392,-0.04157918,-0.009190999,2771.677314607192,1369.5203539865631,55.2344018697117,1.402156960620629,1568.2075467001555,4484.24682079407,890.8511104902647,2503.249061682214,20.24111625030743,91.14283389637782,0.2314848035890813,3.551384625713749,8,1.903514e-05
2021-08-25,283.63522,278.71582,292.2456,296.77164,288.68457,305.37646,0.49702933,-2.172862,2.3777618,-2.4670293,-4.787079,-0.35045624,-2645608.2,-662671.94,7986615.5,92995.23,-0.025389716,-0.04920038,-0.009203466,3043.7573944108644,1286.5693751234955,47.07471205558681,1.7571880192873692,1761.4076116729098,4809.857811305462,906.4987116185964,2205.9522579335257,19.71636296115937,87.86648606969933,0.3046207222852045,3.8211138500597337,8,3.0210582e-05
2021-08-26,283.73447,279.3152,293.3706,296.29474,289.75635,305.7323,0.7570343,-2.6645098,4.4136505,-1.7771473,-5.431671,4.05719,-2804236.0,-451939.97,7950028.0,93020.82,-0.026912052,-0.05653544,-0.009030957,2921.193467847821,1305.2328689751944,48.52620206812255,1.6159605988726262,1886.07042568875,4907.466830594397,944.854165498798,2365.5017563546226,20.880638809678032,93.74863046840856,0.1190532433854164,3.866142514799972,8,1.9387633e-05
2021-08-27,287.5494,286.0636,292.0066,289.73224,287.7157,294.42175,-1.7134012,-4.398837,0.68949604,2.9317563,1.8012638,5.2058325,-1485658.1,-1491190.6,3779512.8,93706.71,-0.014257757,-0.037325554,-0.004157237,1889.219668341296,1639.5520175280908,87.36132070542111,0.2496676508132051,1655.009844729498,2523.633374491717,1486.5762444547058,2173.2983235021493,59.59949512548212,97.5751497968636,0.0444736852974592,1.0195606244764863,8,0.026117317
2021-08-28,288.1772,286.893,290.65808,289.05374,287.6089,293.08862,-2.0679357,-4.432829,-0.18467712,1.1121361,-1.2924299,3.2305956,-1445455.0,-447152.5,1642157.5,94070.51,-0.013871927,-0.025360497,-0.010170868,1806.8413242854888,1706.4994200667704,94.68616483898388,0.1003419042187185,1643.6336286805988,2324.5886179749477,1569.146795148338,1996.8935375594572,80.37427387529907,99.55980624532172,0.0076017915060035,0.4139214021855827,8,0.4143862
2021-08-29,287.92422,286.95056,290.6729,289.0939,287.8235,292.06213,-1.8137976,-3.7929935,0.105267525,2.128349,0.9743803,3.4515648,-1414717.1,-553486.3,1969745.9,94134.04,-0.01357694,-0.024365487,-0.010115005,1810.8939858470355,1678.7211725418915,92.91534941734432,0.132172813305144,1666.560236216718,2180.848362117289,1575.0236413575162,1998.7631469281816,75.74235031459597,99.28817900907433,0.0122521041782652,0.5128798385003219,8,0.074260995
2021-08-30,287.55978,285.64172,291.32324,289.57236,286.90247,294.44434,-1.9037553,-4.7925787,2.3187685,2.0529754,0.46687508,3.298603,-2459815.5,-1223159.5,5287704.5,94027.23,-0.023606677,-0.032920897,-0.0173057,1878.9308200860492,1640.8018251901312,88.67236200567835,0.238128994895918,1570.1114392624445,2527.1299713833005,1446.064048805362,2082.268035958716,57.70527325658488,99.19810491305309,0.0131327913080749,1.0607668267927497,8,0.03299062
2021-08-31,286.78934,282.78662,290.55493,289.73782,286.63855,295.26868,-3.2921216,-5.7728996,-1.1469612,1.3016336,-0.12585449,2.8024397,-2682963.8,-1457465.9,6692014.5,94096.336,-0.025748214,-0.035726085,-0.01941113,1905.6217620995865,1563.3644199657465,84.375130326636,0.3422573421338401,1543.3959037212128,2657.707231335151,1196.5333776948348,1983.9333400788348,45.41425946470813,99.51624173529572,0.0076613231748494,1.4381751737562196,8,0.0067007295
2021-09-01,286.74176,282.52393,291.37988,290.32388,286.36926,296.81787,-2.8938208,-4.837042,-0.8653412,0.56004494,-1.1960201,2.826538,-2861608.2,-1388107.5,7489522.5,94012.79,-0.027462652,-0.037151877,-0.020698542,1990.0972832427087,1560.3309886231273,81.77820217024687,0.4297662946195817,1516.5498927699014,2919.17241933636,1175.6076735224703,2089.6838566050483,40.334129943867154,99.25220291980084,0.0124743016643919,1.7417496224357014,9,0.0010687637
2021-09-02,287.17288,282.29956,292.5686,291.13715,284.97656,299.10052,-1.0002567,-2.8887787,0.44389343,-0.06751867,-1.8596611,2.6386013,-2756275.5,-1069160.4,8091518.5,93755.414,-0.026451781,-0.036360025,-0.01806322,2123.7535359223057,1609.6421026114376,80.81595649485078,0.5141114333108682,1384.162990115394,3345.423645255675,1157.9915617313522,2250.7638411260427,34.8960229938331,99.73674570656034,0.0041987659898459,2.160413982464888,9,0.0003440414
2021-09-03,287.13168,281.60107,293.66284,293.52213,286.65845,301.3075,0.6294813,-1.8552074,3.452896,-1.1713306,-3.2762766,1.3967438,-3257643.0,-973439.7,8330576.5,93474.375,-0.031263366,-0.04357814,-0.021382013,2480.719068391026,1608.3390454225312,72.02250211648794,0.8723800229684949,1545.3960328971923,3808.312141430706,1104.6314438232514,2408.567749477137,31.034992413861666,99.82296013046692,0.002945717455623,2.5179298355373296,9,0.000117963864
2021-09-04,288.1459,283.56934,291.90625,292.3677,286.45422,301.39062,-0.59603626,-2.2429485,2.954731,1.0381953,-2.6982422,3.754331,-2567729.8,-1354327.6,7421439.5,93418.02,-0.024642318,-0.035152044,-0.020195171,2264.5415795176064,1712.364077415329,78.4090106587653,0.5521775021022776,1524.9751537206782,3826.789657455036,1260.8435545777345,2159.716619640952,32.98435721893476,99.54218634062757,0.0081131612857868,2.561706468782866,9,0.0011995729
2021-09-05,288.23438,282.05127,292.3855,292.56107,287.43683,302.67053,-0.1551065,-2.3252192,4.198242,0.3557429,-3.465147,3.1461678,-2343666.8,-1062537.4,6043054.5,93347.97,-0.022492003,-0.033156462,-0.016818613,2341.4821272936456,1719.223093728814,80.32385005619666,0.6222590335648318,1625.4528062285633,4121.326002593894,1138.7687458462494,2225.2634001846245,28.260659562796423,99.82681944423082,0.0028177257896229,2.9315375721868797,9,0.005440205
2021-09-06,289.68005,286.3059,292.57202,292.04782,288.55164,298.83423,-1.0969056,-3.0839443,0.8343353,1.973391,-1.1543884,4.2503166,-2131878.5,-1529975.4,6326569.5,93512.22,-0.020459486,-0.028891977,-0.015582864,2202.565172971142,1879.868913398644,87.19772953992525,0.3226962595724986,1746.4622175882362,3293.0446425329264,1510.2939619352303,2251.24227703739,52.29952074055545,99.93924506289989,0.0011041605549919,1.5707980767156682,9,0.007459963
2021-09-07,288.87762,285.87793,292.21265,292.2186,288.55798,300.8623,-2.7056034,-5.41683,-0.85374165,1.205176,-0.15143144,2.8467407,-2701400.8,-1750182.6,7541949.5,93554.96,-0.025925152,-0.037697427,-0.01730904,2241.9439995519783,1789.5488387859396,83.12140630582847,0.452395160766039,1747.1733201581817,3710.678385355295,1468.625164867329,2201.423978076387,40.665215990429445,99.63711456738442,0.0067712283013788,2.1980821000271207,9,0.016706
2021-09-08,288.81805,282.49658,294.24268,295.82516,289.18658,306.20337,-0.42164376,-4.3344574,3.7151031,-0.8293968,-5.3344917,2.0277405,-2899796.8,-913319.3,7577704.0,93183.06,-0.027829144,-0.03966321,-0.017568365,2908.0262074395846,1791.100019397046,70.93643741928425,1.116926188042538,1818.866587125968,5039.337903225824,1173.4481963805902,2496.056125804794,23.743453370324104,99.35460201143655,0.0122973256513698,3.817923314531543,9,0.0034145948
2021-09-09,291.15295,284.84082,295.56396,295.7878,290.99,304.90332,0.2660625,-2.0351286,4.303421,0.05263737,-3.1457586,3.1773033,-2630044.2,-1196032.6,7329082.0,93138.07,-0.025240349,-0.036597494,-0.01802425,2810.909341283408,2073.030818031073,78.24031792535165,0.737878523252334,2039.10227632672,4682.692644077181,1371.8213969964902,2705.899009609822,31.284526164194396,99.72896402459916,0.0058974292892271,3.202050500210242,9,0.01686298
2021-09-10,291.2338,288.34155,294.4419,293.7088,290.5398,298.07776,0.8441135,-1.1184673,3.0348053,-0.06463154,-1.5638151,4.4139404,-2764648.8,-892249.56,5949088.0,93432.54,-0.02653214,-0.034782317,-0.02251814,2423.881605900655,2075.9124795809016,86.3183736994997,0.3479691263197533,1982.03771888172,3148.143510476231,1723.0705898656804,2526.751756283604,58.33747886768944,97.92074666388712,0.0435831336778096,1.3115959553276233,9,0.19970126
2021-09-11,289.07098,285.93323,292.29773,292.35257,288.38702,297.6975,0.02624011,-3.0768738,1.8168335,0.32433942,-1.5844402,2.8805544,-2533095.0,-979065.5,5899329.5,93681.38,-0.024309931,-0.03498272,-0.02009447,2237.3946680437007,1809.108730308578,82.08284867486297,0.4282859377351224,1728.110067532292,3077.4372596159565,1473.9514742787296,2213.1303360045126,52.55266642484256,96.14358503242794,0.068333056038884,1.4601619221361666,9,0.025001172
2021-09-12,290.7191,288.6056,293.4762,293.36905,288.73737,302.00464,-1.3003665,-3.1135254,0.020008087,0.8126187,-1.0540276,3.0555267,-2930219.2,-1385361.4,7511238.0,93715.51,-0.028121104,-0.03757316,-0.021984123,2415.7214473098807,2008.8862350200848,86.30357814298681,0.4068352122897956,1767.3743525521736,3965.71014252484,1752.514709767587,2380.9837813716927,46.40807196862626,99.79607618066952,0.0037683158030354,2.1253005255148008,9,0.0029300493
2021-09-13,289.54202,283.38623,294.5005,296.7344,289.63367,305.75464,-0.17565781,-2.299079,2.3754272,-1.4656976,-4.2068615,1.1060944,-3553421.0,-670304.75,8431634.0,93393.22,-0.03410193,-0.04691363,-0.021804076,3052.7602032211694,1874.7649049618572,69.6814511017562,1.1779952982593125,1871.4186808519407,4913.651764010742,1245.5321075087184,2535.842626355388,25.869863531084565,99.40006007050678,0.0123075556689755,3.588620114147343,9,0.00018400267
2021-09-14,286.9249,280.6206,295.6892,298.22043,292.15894,307.86597,1.2927979,-1.2599907,4.7574787,-2.161464,-4.8848953,2.325776,-4756800.0,79245.2,8817891.0,93136.5,-0.04565067,-0.07422309,-0.029214436,3274.539298378151,1600.2318542664027,52.81053149218718,1.6743074441117485,2194.0620374610007,5529.760689900803,1033.393095770031,2726.56927811683,20.90826658399704,94.4224549509098,0.1610587543616438,4.023285895581078,9,3.30667e-05
2021-09-15,291.3021,289.2843,295.4917,293.87744,290.01514,299.09167,-0.39409086,-2.7798872,1.8041698,1.3684187,-2.4332228,5.1130085,-2032794.6,-1039649.5,5069938.5,93630.18,-0.019508585,-0.033684965,-0.01421626,2454.0653534723047,2083.750944446341,85.70319850255089,0.370314409025964,1917.3085942269383,3343.6712477725914,1830.2405915260283,2694.034871161138,59.420027770166016,99.10978739539644,0.0181881494682174,1.3568608638030613,9,0.015701234
2021-09-16,288.77304,287.235,291.72333,290.25763,288.14636,293.47266,-2.4821503,-4.567006,-1.3652916,2.818203,1.9317665,4.522296,-2139965.8,-1024301.06,2919423.8,94136.26,-0.020537099,-0.044943485,-0.011128059,1950.2965176899816,1772.885966200838,91.1621992062042,0.1774105514891432,1701.5845520354687,2380.46329462515,1604.35041463446,2135.1488781047856,73.28266831580888,98.40232931669252,0.0283266787339252,0.635996274045425,9,0.056456376
2021-09-17,288.17218,286.5774,290.4806,290.4005,287.38837,298.6814,-2.8680704,-5.0893097,-1.309372,1.4300383,-0.41348267,3.3394136,-2338494.0,-1043185.5,3769178.8,93987.82,-0.02244236,-0.03934531,-0.01479999,1985.5633878914389,1707.229600588865,87.41270994823589,0.2783337873025736,1620.3640368910385,3263.308539549576,1537.2625250226088,1974.638666384548,54.75692578123739,98.72033418962306,0.021261509839187,1.4764211045356328,9,0.049433157
2021-09-18,290.0142,286.84155,294.12036,293.5397,288.69385,303.72095,-0.5921274,-3.4323425,3.3092241,0.41941702,-2.8763638,3.40584,-2956901.0,-1483951.5,7894130.5,93499.25,-0.028377168,-0.037877336,-0.018218184,2471.464093385565,1927.27056118789,82.81793993569673,0.5441935321976751,1762.4548180126249,4377.642085391485,1563.9095031125896,2477.3723179347094,35.797374644868874,99.38590024083491,0.0134874840114616,2.8048731761411174,9,0.0037077027
2021-09-19,291.46024,289.19305,293.7943,294.29947,289.71307,302.70435,-1.4416317,-2.9982224,0.32121468,0.98786855,-1.1219091,2.9652843,-2896148.8,-1744181.0,8508716.0,93434.52,-0.027794132,-0.037572943,-0.020429498,2553.4714864595376,2103.016502886395,85.54013131180083,0.4504549835731426,1880.8907567144995,4129.368246792554,1819.617718913193,2428.1652365888394,46.65579047656962,99.68920534345506,0.0062643674852188,2.202778849563024,9,0.0021291613
2021-09-20,290.6691,283.83276,296.28198,295.89963,288.9256,306.26855,-0.9128731,-3.2838287,2.8390808,0.15118468,-2.3251276,2.1652274,-3224372.8,-1319920.6,8978292.0,93383.54,-0.030944072,-0.043473255,-0.020478196,2894.209975981468,2016.831263071883,76.94130032159178,0.8773787129095844,1788.7925678681904,5057.826871640312,1283.1627065961427,2826.2885433320744,25.74713255177596,99.70132671212151,0.0059310996897713,3.720856644434414,9,0.00043128137
2021-09-21,291.24255,283.73193,295.5337,295.7709,288.2563,306.63843,0.28132227,-2.8556108,4.428811,1.4134878,-3.0476532,6.4164915,-2722428.0,-1352587.0,7818552.5,93244.77,-0.026126947,-0.0397311,-0.01617409,2830.215039569435,2092.575631345464,78.90825076374001,0.7376394082239709,1713.6555534389415,5163.859187273529,1274.578981522803,2700.923338109165,25.5037240142302,99.58711135520488,0.0102479503410777,3.8043166002084496,9,0.0073474664
2021-09-22,284.11325,281.38623,289.80078,288.0708,285.0658,292.91553,-2.2009516,-4.1787157,1.0764046,4.0543637,1.7284756,5.242526,-3643168.0,-2232336.8,5788594.5,93785.195,-0.034963224,-0.084575795,-0.013096544,1701.7509227070525,1313.8378538385905,78.06504487449568,0.3879130688684618,1392.3292232956176,2299.7826169654086,1088.6610909825158,1891.401940048386,51.79935325603066,95.86084728241204,0.0694482885625081,1.0148662560070485,9,0.053268284
2021-09-23,282.82144,280.12158,286.15027,287.71768,283.2898,294.85767,-3.1830006,-5.1878567,-1.5801086,2.1758387,0.5518799,3.5207214,-3053441.0,-2588035.2,8938715.0,93835.52,-0.029303657,-0.06344132,-0.013266884,1683.116259679371,1202.5809646744874,73.68054836339097,0.4805352950048838,1237.5341817497217,2591.8816645234674,998.7180622251695,1495.0217120165144,44.53907931392804,91.33966338193513,0.1148976173834557,1.42241063395044,9,0.0029570884
2021-09-24,285.7161,283.23505,289.84558,289.79752,283.91772,301.73633,-1.2416898,-3.880005,1.6339588,1.1172717,-1.3222542,4.822876,-2814951.2,-2030672.5,9207393.0,93670.22,-0.027014889,-0.04689113,-0.015208773,1971.0589015488144,1463.3361040604252,79.24987770860345,0.5077227974883891,1290.4350004388605,3904.472540975595,1233.0137696435645,1896.790798808752,33.985030485554866,97.73066779695054,0.0296742265408167,2.57753635762492,9,0.00033249566
2021-09-25,288.0137,285.69836,291.29187,290.9907,286.4209,300.67847,-0.8130982,-2.5379133,1.2106743,1.3244777,-0.28547585,3.745634,-2674179.8,-1878466.0,7993116.0,93620.73,-0.025663912,-0.039334275,-0.015961535,2091.2157517358314,1693.0968637688766,84.43386393595752,0.3981188879669548,1521.6655191361244,3671.00367857469,1451.4460461450713,2078.170518419676,42.17301665352037,99.56118990702107,0.0070517530288318,2.122830685858041,9,0.02123286
2021-09-26,289.53323,285.05493,292.15173,292.99094,287.61743,302.16577,-0.6470133,-2.4674902,2.4822621,0.8575576,-1.2093191,3.4748044,-2583777.8,-1934843.4,8347061.5,93595.78,-0.02479633,-0.03758292,-0.014080724,2369.536247856309,1863.5599770826605,82.6936259839665,0.5059762707736485,1644.541187429318,4002.887716433652,1391.3327121739123,2193.0765129416395,36.66110656500764,99.50407538160194,0.0089068236358443,2.4037865369049314,9,0.0049143652
2021-09-27,289.56235,285.68445,292.735,293.0952,287.89258,300.87903,-1.0373684,-3.184948,0.85861015,0.8249366,-1.1015205,2.6034546,-2499036.8,-1977465.6,8584700.0,93758.59,-0.02398308,-0.03778771,-0.01326631,2373.591158657126,1866.2334338663825,82.24766366261868,0.5073577247907436,1674.0012381113916,3714.306089630711,1450.122113074757,2274.157226881175,41.02160820688305,99.71305969731893,0.0051272801998582,2.084898029873807,9,0.0029312677
2021-09-28,287.6352,283.18262,293.6931,294.35526,286.12195,304.12512,-0.8553937,-2.7638044,1.1190567,0.24746184,-1.9724674,2.861655,-3008767.2,-1662265.4,9816247.0,93518.53,-0.028874924,-0.048337854,-0.016685808,2613.487880984276,1659.4458200269826,68.80813178880305,0.9540420609572936,1492.2574315686336,4479.908365546324,1228.6985124807163,2413.06811321191,28.367390243944516,96.70229366681797,0.0640341435118689,3.209075276920682,9,0.0003425323
2021-09-29,288.82065,285.70215,293.11768,293.5621,289.02722,302.59497,-0.6847988,-2.4972534,2.3824787,1.3644595,-2.4534903,4.439108,-2491124.2,-1953862.6,8145152.5,93297.32,-0.023907144,-0.04577425,-0.010920664,2432.373141068152,1785.299072185613,75.67900283900408,0.6470740688825384,1800.4504897847578,4103.403732470896,1451.8062470712252,2328.775029381633,36.86339277331101,97.40826761825772,0.050435271738962,2.5907498974954457,9,0.0023158665
2021-09-30,288.5165,285.7312,291.77118,291.7844,287.91504,299.53223,-1.6931039,-3.7809296,1.216672,2.2666297,0.24806213,4.087846,-2190632.8,-2708649.5,7460321.5,93446.24,-0.021023346,-0.043063056,-0.008570251,2170.802340001804,1746.8166175287552,82.93022544981847,0.423985722473049,1676.4265074814805,3431.885376566036,1454.5742839021011,2141.551861683116,42.84829828226938,99.63869223406824,0.0062819514997772,1.9613808937094368,9,0.009141807
2021-10-01,289.43094,284.98267,293.5005,293.4784,288.38525,306.4038,-1.0022855,-4.027192,3.4955292,0.29438272,-2.783661,4.951538,-2168532.5,-1749825.5,7299357.5,93168.99,-0.02081125,-0.037676916,-0.010522776,2454.4599768665817,1857.5815966400132,79.88058014596568,0.596878380226568,1727.9136577613194,5096.378337708376,1384.720208522154,2384.558090488112,28.12103130722309,97.14474544436182,0.0518841348523431,3.647567494572494,10,0.017004658
2021-10-02,290.68146,288.41406,294.4226,293.90744,289.7672,299.72925,0.4964205,-1.0331268,2.5675545,-0.16813739,-4.6425934,3.7888114,-3117413.2,-1090052.1,7009025.5,93145.29,-0.029917592,-0.041789148,-0.023560105,2469.9546862076377,2003.9869422974496,82.76909812506354,0.4659677439101879,1887.3727889712488,3471.9899790561726,1731.1128377670314,2523.765600919141,54.24161744678607,99.53820144159188,0.009770873637985,1.5887264568257755,10,0.10684565
2021-10-03,291.3215,289.3573,294.4309,294.39496,290.38226,301.9713,-0.36658144,-2.3529434,3.0444336,-0.4856533,-2.5365105,3.7307808,-3416044.0,-939883.8,7156094.5,93083.945,-0.03278353,-0.043976996,-0.026147762,2569.860858436474,2084.651427642693,84.4686639610808,0.4852094307937807,1962.4037398717423,3958.058878169552,1838.778098830908,2525.050402295266,50.35440482944153,99.66760343291244,0.0068078550768925,1.949291841564473,10,0.11966558
2021-10-04,291.4785,289.34363,294.45685,294.1075,289.84595,301.06287,0.22332406,-2.6718407,3.5280676,-0.17583172,-3.9253597,4.5990095,-3554130.8,-942003.8,7351865.5,93117.52,-0.034108743,-0.045931414,-0.027873315,2513.9154740246263,2105.8270249439024,85.95873741651666,0.4080884490807237,1896.8349049607168,3754.3890455889496,1837.1764419251244,2529.0691027674243,58.533826109946695,99.13177202415646,0.0169629905305778,1.5368814831237685,10,0.11989813
2021-10-05,288.4762,286.76477,291.62335,289.90976,287.78516,292.5144,-1.5907393,-3.0938845,0.54154205,2.197123,1.1468964,3.3019505,-2540766.8,-709370.0,2705934.8,93562.4,-0.024383558,-0.04822063,-0.018870812,1906.5151229898956,1740.7739178536194,91.3748808762191,0.165741205136276,1662.444750286851,2243.1891297185925,1556.1225572595529,2121.825427290151,80.32707623794279,98.3780858630977,0.0306914277313114,0.4050478908048556,10,0.10726574
2021-10-06,289.45444,286.7674,293.2729,292.37057,287.56384,301.4325,-1.6740657,-3.955597,1.7456512,0.8761732,-1.9448795,3.2605896,-3323569.0,-1537571.5,6903093.5,93520.19,-0.031896055,-0.04508988,-0.024562078,2287.6518209485835,1863.2500825460995,84.42928785270415,0.4244017384024841,1638.8567772551382,3836.125860883253,1556.3881603562836,2351.252909265932,54.2175110380506,98.72800668148878,0.0269248521064464,1.741285477968478,10,0.0072743427
2021-10-07,289.57648,286.03442,292.70526,291.4838,287.48438,297.42114,-0.38529193,-3.0120525,2.1498632,1.8008524,-1.8149471,5.4714785,-2408492.0,-1078843.6,5334848.0,93377.78,-0.023114128,-0.036776915,-0.019500215,2120.45354313057,1872.9818818204376,89.15169618145022,0.2474716613101323,1630.45910006072,3026.92337879196,1483.7427991248182,2269.9624137719647,61.62541971408292,98.88742202276084,0.0232409932874497,1.1615691421877146,10,0.033073317
2021-10-08,286.64783,285.08624,289.0891,289.24722,286.4845,293.9607,-2.5610838,-4.1666107,-1.1589632,1.9200951,0.2059784,3.3797274,-3054770.8,-1390696.9,5018752.0,93518.56,-0.029316416,-0.04830204,-0.019826442,1838.3905465227,1546.2641798876657,85.01851759099688,0.2921263666350341,1527.9871995441722,2453.1672428343195,1394.206384972948,1807.5829476667327,63.543310750686615,96.43916383186728,0.0597436621771755,0.894343558486057,10,0.026017213
2021-10-09,287.6259,286.0432,290.5591,289.71915,287.28345,294.31763,-2.9767888,-5.1332397,-1.2050781,1.4144198,-0.4655609,3.4321375,-2396279.0,-1452713.6,4588427.0,93505.76,-0.02299692,-0.042234514,-0.015016163,1893.7816675674692,1649.4699647855448,87.78609579816992,0.2443117027819245,1609.3949148523222,2507.5660264098,1484.5958884289932,1984.4572095985648,69.56732201721245,99.57553951226782,0.0075616570240092,0.763119494023076,10,0.021105573
2021-10-10,288.36722,287.22083,291.31555,289.39297,287.73987,293.12866,-2.5969517,-5.3170347,-0.71961975,1.5608279,-1.8421936,3.3125286,-1966477.5,-423603.4,2269853.2,93444.79,-0.018872144,-0.032210927,-0.013899215,1847.0855032873312,1727.384225382537,93.76958993664852,0.1197012779047944,1657.5937098052898,2330.359848606908,1602.8790839333387,2081.262930365086,83.92865120540168,99.5591795661838,0.0076228498777056,0.3334586203304422,10,0.20518702
2021-10-11,288.66577,287.30048,291.62878,290.3142,287.92004,294.53314,-3.0529463,-6.3730927,-0.81185913,1.3267208,-0.3143797,2.6309795,-2721137.5,-811767.2,4538324.0,93466.945,-0.026114564,-0.037472777,-0.02159002,1965.2045968656364,1761.1094124804113,90.5120587027048,0.204095184385225,1676.9673416538703,2540.921322928775,1611.1707893129462,2122.5474713949297,69.60496570620127,99.5305751360216,0.0079822175789322,0.7316717587398238,10,0.07441408
2021-10-12,289.07422,287.19336,292.58337,291.17654,287.67896,296.09503,-1.5261394,-4.7746277,0.47547913,0.32574627,-2.4507132,2.3815155,-3052795.0,-1064695.6,6592385.5,93370.23,-0.029297454,-0.036484804,-0.020563385,2082.2627839148176,1809.142809261885,88.2192408650646,0.2731199746529326,1651.088635291581,2794.499534418236,1600.0285944804723,2252.8320082258747,64.51789137139305,99.52572750095352,0.0081619946731586,0.9598713783940014,10,0.08184994
2021-10-13,289.44827,286.41833,293.31714,292.3902,288.5537,298.44458,-0.71958417,-2.88515,1.6617842,0.19855674,-2.4314241,2.8717885,-3396658.2,-1189969.4,7827898.0,93230.15,-0.032597486,-0.040488347,-0.021885466,2258.95726280211,1854.2261558028783,84.87645360452903,0.4047311069992318,1746.6946654229594,3217.695668977635,1521.4111939711054,2357.696031285649,47.46207388272254,99.6936659230854,0.0056601645643543,1.6905105732463062,10,0.020457232
2021-10-14,290.1711,287.51892,294.5028,294.80624,288.83215,302.2093,0.103653215,-2.7510576,3.7492065,-1.5839548,-4.882862,1.3764267,-3635849.8,-646537.44,8212609.5,93029.34,-0.03489299,-0.04747004,-0.022747276,2668.5983283607525,1942.0411600316063,77.54005097057791,0.726557168329146,1778.131501539517,4012.980511741076,1634.1050399540768,2536.203062417736,43.77234118436027,99.55940228311798,0.0084730560891562,2.220875312970604,10,0.00156619
2021-10-15,292.3165,291.06708,295.47815,296.2383,292.0606,301.7068,1.3717384,-1.2551947,3.7074738,-1.9468101,-4.244013,1.3962526,-3907217.8,-858931.25,8476039.0,93088.445,-0.03749729,-0.049938157,-0.02450438,2853.6751665056213,2217.85146166562,79.66043854842879,0.6358237048400016,2180.640636343311,3897.781005715451,2049.016829284377,2691.815426052461,57.03893814561594,97.1203852470865,0.0634741209873182,1.5738702036268823,10,0.02519591
2021-10-16,292.03336,289.04437,295.1045,294.11215,289.5299,298.6969,1.0263977,-1.6040487,4.7563543,-0.4845271,-5.095558,4.3279963,-3785521.2,-256395.2,6208561.5,93315.75,-0.036329377,-0.0483188,-0.029752146,2492.5655625627974,2181.5988905665995,88.21087435963456,0.3109666719961981,1859.104832403229,3266.314160001873,1802.4245562939589,2631.2385669402806,70.98430509542159,99.12233552340732,0.0172947763721176,0.93910541091813,10,0.21601151
2021-10-17,288.5969,287.23663,291.2704,290.038,288.18506,292.7599,-1.8130776,-3.829939,0.7540903,2.3556416,1.3916433,3.410596,-2557674.8,-666316.56,2989316.8,93592.72,-0.024545822,-0.043416306,-0.019645125,1922.9640210319428,1752.7624302377587,91.33913703629337,0.1702015907941839,1705.8253092681368,2277.676801533681,1604.5217242656477,2075.36852240555,79.41261245597485,98.1597186886934,0.0338144764523601,0.4612216818312186,10,0.07496835
2021-10-18,288.63736,287.30145,291.09827,289.3349,287.86987,292.07208,-1.6359271,-3.9020653,-0.274292,1.9765085,1.0481317,3.4221792,-1725793.5,-540895.1,1936856.4,93521.43,-0.016562318,-0.031944044,-0.012229193,1838.9587610421397,1758.8010252830334,95.68313354643672,0.0801577357591062,1671.5527444760166,2182.203159984955,1611.2726838320243,2053.0401933999738,87.69935010170427,99.66339636222524,0.0060973044766788,0.266166309243468,10,0.31719154
2021-10-19,287.0849,284.6327,290.27856,288.14316,285.5172,291.83362,-1.962277,-3.3852253,-0.5905962,2.869005,1.1996541,4.9291315,-1964810.9,-376058.88,1884192.9,93658.29,-0.01885615,-0.035857286,-0.013824455,1704.608618143836,1591.7683077425415,93.46481611551788,0.1128403104012947,1434.2946766434554,2149.9321182452027,1353.0866284767949,1949.5726871716377,83.9907991013118,99.41326942291684,0.0099789351243766,0.3400084970348609,10,0.12394297
2021-10-20,284.29434,283.12427,287.594,286.90408,284.10413,292.1859,-2.8943434,-4.970561,-1.2866526,2.5433426,0.268507,3.8479538,-3247464.2,-993462.2,4635904.5,93704.52,-0.031165682,-0.049892183,-0.023439245,1579.4016532600342,1324.4983876596175,84.90763581677804,0.2549032656004167,1306.517588581933,2197.7570340933853,1223.911631385608,1642.0529365945283,67.01919864090074,97.97489042574634,0.0272576140152368,0.7087409807019621,10,0.13096853
2021-10-21,285.60144,283.5255,289.8861,288.4777,284.99634,293.79944,-2.2375383,-4.6640625,-1.0673733,1.5328135,-0.33624172,3.132493,-3385627.2,-1553067.9,7660048.0,93534.445,-0.032491624,-0.043192044,-0.027623994,1757.9758638634655,1445.9701212280504,83.70058114188599,0.3120057426354152,1385.9690949468354,2428.9323084091807,1257.1639883853684,1901.677351907243,57.24065774140671,98.38014541581153,0.0230070708713494,1.0385954789822325,10,0.019769616
2021-10-22,286.5386,283.31885,290.76392,290.40622,284.3982,297.30212,-1.1548296,-3.123352,2.0257416,0.58311146,-1.4470339,3.0182061,-4044434.8,-1501867.6,9997396.0,93323.13,-0.03881415,-0.0484918,-0.026075374,2015.1928259239344,1538.8980674056884,80.40001437084743,0.4762947585182461,1332.2488489591017,3005.3939168094257,1239.9389032594931,2010.268395800412,41.663063400198986,99.23115823665944,0.0102428855424211,1.736171833843845,10,0.004202612
2021-10-23,287.78918,284.9308,293.46265,293.38666,285.4502,302.82153,-0.14587489,-2.6354208,3.1824646,-1.3997693,-4.255638,1.4122162,-4774052.5,-1235810.6,11213588.0,92990.01,-0.045816243,-0.0594253,-0.025724037,2503.038400042857,1670.6749138981334,74.52370242082655,0.8323634861447236,1427.994977280409,4157.346368818652,1379.9901449779295,2378.992113437562,34.79042827581881,99.14184456093815,0.0130326053140795,2.686888894708258,10,0.00037082058
2021-10-24,289.09726,284.29346,293.38367,291.89703,288.14185,296.25598,0.98553544,-1.9937534,4.3677793,-0.04493612,-3.591834,4.3362837,-2254320.0,195518.89,3041496.2,93048.414,-0.021634549,-0.036479846,-0.014369538,2168.1867729069177,1815.710804349069,84.62345225986566,0.3524759685578489,1701.0901788803496,2821.8484773047826,1323.0335437318986,2367.412075799856,49.461428098768,98.97370142261072,0.0200649241133799,1.4261219216464978,10,0.34073862
2021-10-25,287.4246,285.0221,291.18304,290.1315,286.64246,294.84668,-2.558201,-4.577677,-0.047180176,1.8968964,0.267807,4.080965,-3854746.0,-1264616.9,7277144.5,93741.555,-0.036993723,-0.047945064,-0.03214132,1950.378187548805,1628.3770257637132,85.00001291834191,0.3220011617850917,1543.788387262472,2590.1419316716306,1388.324603740705,2064.011578940625,60.7878593094165,98.81480024185944,0.019078465951183,0.994808166251344,10,0.07111411
2021-10-26,289.82254,287.69928,293.02728,291.65384,287.81104,297.8369,-1.1223543,-2.806076,0.7524452,1.4882613,0.10081482,3.6134796,-3094398.2,-1325099.2,7467308.5,93768.76,-0.029696718,-0.03725521,-0.020936552,2156.6805336371976,1900.5061275934493,89.7029703616417,0.2561744060437479,1665.2223769237598,3103.196060444804,1653.256665063709,2315.771339148645,69.3658850491702,99.6824455294272,0.0054122057011311,0.9506366483062828,10,0.020056507
2021-10-27,290.99695,288.81647,294.51862,291.81696,289.01,295.74353,-1.4272362,-3.115302,-0.050491333,1.5626559,0.6236989,3.171136,-1964007.5,-866505.5,4074236.2,93877.664,-0.01884844,-0.026494922,-0.01556482,2160.799649700551,2048.0026705833607,95.13359686444504,0.1127969791171903,1798.4713092238678,2735.5773729412167,1776.3473774002423,2538.660915075533,78.17942404401688,99.65727320044331,0.007551764102267,0.5969187384973257,10,0.04971014
2021-10-28,291.78406,290.54285,293.79187,292.58395,290.8188,295.57556,-1.5668634,-3.125351,-0.45845318,1.3417125,0.020080566,3.1605682,-1885616.4,-501326.4,3316332.2,93972.125,-0.018096127,-0.02444617,-0.014983316,2257.9247634522885,2144.427472066702,95.30000692651448,0.1134972913855866,2017.233570995812,2707.807138926288,1982.4197724750643,2427.800038960254,82.10413087148385,99.66645275460353,0.0071880830788286,0.4730490329667582,10,0.20305564
2021-10-29,290.82947,289.17615,294.30768,292.55368,289.63342,297.26062,-1.9458014,-4.5728464,-0.49088192,1.5566267,-0.20561302,3.4147491,-3307779.2,-1367721.9,7345282.5,93781.97,-0.03174452,-0.03980596,-0.021633897,2267.8279446952606,2022.1625597762727,90.27611545935456,0.2456653849189875,1871.3896231681504,2997.917789470697,1817.6554301549663,2506.0355733592896,71.62914881142758,99.56352716079302,0.0084984492119301,0.8418564193139492,10,0.038057107
2021-10-30,290.00552,288.5686,292.95422,292.0638,289.22302,297.08105,-2.3225985,-4.611725,-0.71230507,1.2681639,-0.15065002,3.2263184,-3292690.8,-1456814.6,7038125.5,93562.164,-0.03159972,-0.04032475,-0.025071777,2198.9818884610327,1919.0485719447008,88.38619748593364,0.279933316516332,1823.1005759303123,2965.7597771567284,1748.363618787033,2305.3078580371,69.03731174695749,99.37730130291374,0.011921507531892,0.888090996258044,10,0.024013264
2021-10-31,290.04184,288.36652,292.99518,291.36768,289.29358,295.1209,-1.9439436,-3.9654675,-0.72724915,0.87539905,-0.35267162,2.1419373,-2238125.8,-693981.3,3980789.2,93518.97,-0.021479135,-0.030861316,-0.018331228,2094.953775794468,1924.0898600746584,92.12347183816811,0.1708639157198093,1831.3236895546863,2633.8749974700827,1725.8356269002977,2311.1682314126606,77.91925395959156,99.57884778999892,0.0084383441177401,0.5562451901405425,10,0.07118012
2021-11-01,290.58966,288.42444,294.83398,291.9416,289.36462,296.2397,-1.6276418,-3.3532104,-0.36235046,1.594309,-0.21972656,3.564866,-3101580.2,-1005332.7,6089660.0,93293.96,-0.029765645,-0.03754822,-0.02309512,2175.555510790148,1992.9119299608064,92.10422750474844,0.1826435808293418,1839.636634070405,2819.068734170868,1732.2663600232763,2588.132848369994,77.65505927302806,99.53869968431104,0.0088271073814053,0.6000145056208176,11,0.09144698
2021-11-02,289.69598,288.14612,293.40515,291.95267,289.11377,296.5609,-1.9984041,-4.53951,-0.18400574,2.1670372,0.94844055,4.323929,-3940563.8,-1601310.4,8443618.0,93266.625,-0.037817307,-0.048791695,-0.030940926,2183.25065932516,1881.2665622924071,87.56349720159277,0.3019840970327524,1810.431588589116,2874.306482051624,1701.557825931898,2370.557226832308,60.48464058255376,99.37806193401592,0.0116040514483224,1.1240095054672845,11,0.036925483
2021-11-03,289.30344,286.8329,292.7649,292.21344,288.77466,298.11206,-1.8948774,-4.255744,-0.32517147,1.4662026,0.21594524,2.9391632,-4237855.5,-1733161.1,9140201.0,93170.805,-0.0406704,-0.0506186,-0.030990038,2230.52112734729,1836.320255666923,84.77982436772216,0.3942008716803669,1771.5997129783182,3154.591160543884,1563.0288177836917,2278.3847435097277,49.54774607034051,99.4322108121086,0.0106042835679816,1.5915623427601926,11,0.011417113
2021-11-04,289.42477,287.49463,292.9032,292.7735,287.865,299.93042,-1.2674404,-3.0154266,0.31256104,0.7318205,-1.264966,2.8830414,-4705663.0,-1702351.6,10951307.0,93066.73,-0.04515991,-0.05696466,-0.031575385,2331.1237997534377,1850.9329363873435,82.5907815877992,0.4801908633660939,1671.0265984866887,3513.361513536155,1631.5405395141934,2298.024651082183,48.77595763104459,99.34595568588084,0.0123140817593387,1.7996857902683332,11,0.0012924207
2021-11-05,289.84445,287.43726,292.57446,292.9208,287.69946,298.6117,-1.1722442,-3.4598846,0.43418884,1.4698747,-0.8526764,3.6051636,-4512487.5,-1785723.9,10958615.0,93118.73,-0.043306023,-0.055596784,-0.033482347,2337.1585977980126,1898.934640007263,83.95670826519371,0.4382239577907493,1653.2762082408424,3249.824946955462,1625.4977318913332,2251.584071606508,55.5212749328001,99.71973398863238,0.0050741430560569,1.4454807033215948,11,0.0012300402
2021-11-06,288.3532,284.97876,291.62695,292.0894,286.42505,299.114,-1.0823431,-2.7987385,0.6057358,1.3111383,-1.0739641,3.4606476,-4854142.5,-1954413.4,11749805.0,93188.47,-0.04658486,-0.059767395,-0.037719376,2234.1672736940504,1730.884524782851,81.17503020141267,0.5032827489111993,1522.0773630400306,3348.096085501403,1384.363565980411,2122.3040616449425,47.06568668706813,99.83077128866022,0.0028086401845821,1.7551679031597622,11,0.00021684277
2021-11-07,288.02756,286.02148,290.7591,291.6472,287.7318,298.80115,-1.4920101,-2.6524954,-0.43288898,2.0363777,0.25027466,4.42801,-4759839.5,-2183795.2,11174041.0,93254.49,-0.045679834,-0.060669173,-0.04068233,2162.0872517428547,1691.7354562211365,80.75980884209397,0.4703517955217184,1656.7320274162837,3286.588136410996,1482.4876475927974,2009.6573389870548,54.08976774907922,99.35717570667026,0.0110651170598514,1.5088802465574973,11,0.00021944632
2021-11-08,288.0483,285.38,291.33356,291.44717,286.7959,298.65967,-1.6359783,-3.1356096,0.17906284,1.6573625,-0.87854004,4.7461004,-4125957.2,-1967184.0,9914198.0,93308.71,-0.039596517,-0.054099124,-0.03475009,2133.253770007265,1697.1322042561342,81.41950548906631,0.436121565751131,1559.2753044043263,3259.100008784282,1421.4230732059305,2083.6168229549626,55.69690670236735,95.9905888245901,0.0653609734815527,1.4417702659073306,11,0.0018473134
2021-11-09,289.1738,287.38855,291.62445,291.032,288.1173,295.6278,-2.0788732,-3.176134,-0.85156155,1.7741655,0.47805786,3.6001892,-2796659.0,-1293239.6,5799058.5,93373.34,-0.026839336,-0.048721246,-0.021545144,2057.0559906827234,1820.100528283382,89.22009908647432,0.2369554623993411,1698.4067366967242,2716.418389829301,1620.3832375669526,2121.97144128418,69.56470648307109,98.43321933418623,0.0282480793525253,0.8267499100923817,11,0.018838504
2021-11-10,288.8299,287.46613,291.93726,291.44504,288.5891,297.35107,-2.6883366,-4.3153076,-1.3436279,1.9252263,-0.2111206,4.519821,-3428884.0,-1800604.1,7428617.5,93442.53,-0.032906756,-0.05165211,-0.025670389,2118.3625676389133,1780.410602639871,85.32995626274575,0.3379519649990423,1750.6641445711089,3014.2323171330468,1628.535955317782,2163.9054229746966,57.81319245099078,97.89905651982238,0.0372945640874695,1.2716083867089596,11,0.014010985
2021-11-11,288.274,286.65295,290.79382,289.75363,287.9331,293.91125,-2.8183384,-4.502741,-1.4397545,1.9469056,0.42800236,2.9461327,-2448765.0,-692169.2,3615221.8,93650.086,-0.023500625,-0.049586333,-0.016441131,1889.501511499684,1717.0318567468614,91.07997724074336,0.1724696547528224,1678.3795099200463,2445.7147166727723,1544.8436221344348,2014.0621414191755,79.05640128181031,98.12732645613562,0.0343134051794197,0.5065696111127731,11,0.062727526
2021-11-12,286.5704,284.1737,290.3385,288.8122,286.47852,293.349,-3.0000095,-4.803999,-1.17589,2.6254642,1.0827141,4.045081,-3212940.8,-1061804.8,5170750.5,93722.9,-0.03083436,-0.052258637,-0.022331662,1782.3461743418643,1539.3974015886977,86.90359977589152,0.2429487727531668,1527.391662779915,2362.3446631854126,1312.5660385175863,1956.9798501971452,68.78449506272803,98.70714228272873,0.0212272375564757,0.6762627003401135,11,0.052535433
2021-11-13,283.99353,281.10962,288.31006,287.87424,283.23242,294.20288,-2.4866202,-4.2974854,-0.8215637,1.8142953,-0.31626987,4.0724335,-4135581.0,-2162614.2,10335592.0,93667.76,-0.039688878,-0.057060227,-0.03182842,1695.2698045174768,1300.3755069540048,78.86782627759932,0.3948942975634721,1232.7974382805312,2489.9638505647004,1068.399573732095,1719.587739787197,51.518334324578205,96.57801709117412,0.0432344303283016,1.1294130401414573,11,0.004429525
2021-11-14,286.34082,284.09375,290.26807,289.816,284.94397,297.35864,-2.2897463,-4.674589,-0.5135193,1.1781234,-0.7876396,4.2646484,-4072057.0,-1822053.4,10239678.0,93514.664,-0.039079238,-0.05445375,-0.033831887,1941.322064746618,1519.3799739440628,81.51540056584383,0.4219420908025553,1381.190786519781,3015.600881432288,1305.6177348556464,1948.2778402087904,46.81436743989992,98.39288168298955,0.0226461829108611,1.583110252357341,11,0.001833232
2021-11-15,287.48517,284.23633,291.40845,291.29056,285.22803,299.33655,-1.5990039,-3.513774,-0.033291817,0.8146205,-1.2175608,3.6706696,-4134131.8,-1668700.0,10933987.0,93490.96,-0.039674968,-0.051362496,-0.030890604,2140.4834834667927,1639.6513801131116,80.20713316286039,0.5008321033536809,1407.284687514005,3392.4555340087727,1318.0307303412967,2093.4325200537046,40.64349902150551,97.34248309777084,0.0387134420353766,2.013642902238908,11,0.0009708714
2021-11-16,288.74002,284.3911,293.05493,293.07532,287.26978,300.4657,-1.1287596,-2.7409353,0.59327507,0.6132994,-1.450427,2.855419,-4254057.0,-1547892.9,11241463.0,93453.03,-0.04082588,-0.052448083,-0.028492728,2392.23625404586,1777.3130284503395,78.70617152809241,0.6149232255955198,1607.970369944861,3625.548465910365,1331.6241250320638,2319.742056230966,36.72890150422239,98.52881959437516,0.0257530090734931,2.293924340878301,11,0.00061286753
2021-11-17,289.0408,283.45996,294.16138,294.785,287.70288,302.27344,-0.39158776,-2.3956861,1.8013916,-0.5084153,-3.989872,2.0751038,-4307961.5,-1315854.0,10664183.0,93179.46,-0.041343197,-0.055068877,-0.030601619,2671.111914900529,1816.1056400026264,73.60206445604332,0.8550062748979025,1653.6410515209648,4027.8983362619774,1251.6776858408232,2483.6238357432503,31.96242744299918,99.46896112251255,0.0101050643150454,2.733267437480306,11,0.00053640053
2021-11-18,291.40375,288.42175,294.05286,294.75537,291.45593,299.74268,0.1588614,-1.884614,2.6915483,-1.0019547,-4.9792633,2.234848,-3097337.0,-1024064.2,7263424.0,92973.71,-0.029724926,-0.041504446,-0.02395713,2595.6481980786552,2098.0825736739475,81.97898183456323,0.4975656244047079,2099.6773395490627,3474.7381041020662,1731.967736506133,2467.1133967436035,59.61056310263697,98.35442865548178,0.0375076526595112,1.3448863360630734,11,0.03603029
2021-11-19,291.7347,289.76074,293.99347,293.01852,290.43768,296.49414,-0.06311977,-1.6282616,2.4300137,2.5134857,-0.15096974,5.70994,-3198016.0,-1143319.6,5723998.5,92969.6,-0.03069113,-0.042133044,-0.025051162,2320.1038449511666,2138.6086825193274,92.55797892154676,0.181495162431839,1969.291435535769,2862.7470364725627,1886.597129173483,2458.118960840082,74.65859718731011,99.6655113752128,0.0070816785356496,0.7254602580208548,11,0.32562363
2021-11-20,289.01627,286.3064,292.57904,291.278,288.35754,295.01587,-1.963838,-3.8280125,-0.23457336,2.9556553,1.5088196,4.435665,-3713330.8,-1389246.5,6543795.5,93399.6,-0.035636574,-0.049684655,-0.02931171,2084.903015711061,1802.927037760059,87.07978667079188,0.2819759779510029,1724.8413872177418,2617.04761315537,1510.3420901917789,2252.225059153003,65.65564398166637,99.13658292560282,0.0163529227049741,0.8988081494313829,11,0.06961212
2021-11-21,286.74564,285.39526,289.35315,289.97937,285.71594,296.0326,-1.8578118,-3.1775913,-0.5513401,1.8370458,0.18632507,3.2535858,-4454236.5,-2186082.2,10488760.0,93482.84,-0.042746983,-0.057636134,-0.036963012,1937.8886541464935,1555.4067482903038,82.29137931796829,0.3824819058561899,1453.1199041133884,2783.952428022962,1422.84947736653,1838.291751869535,53.86890547967148,99.38088111603687,0.0093234347163665,1.2842677259722537,11,0.0061351713
2021-11-22,287.69107,283.73145,290.45618,291.2747,284.04407,299.7411,-1.1243093,-2.9943275,0.7154083,0.7576565,-1.0160294,2.8836517,-4612170.0,-1790829.6,11770005.0,93261.68,-0.044262666,-0.058252115,-0.03479012,2151.767180154974,1661.194309260732,81.52154814900231,0.490572870894242,1301.316589218063,3474.413226645016,1274.537537315335,1971.594583515878,45.25413796316556,99.36028202086582,0.0093379883150894,1.8931141389412944,11,0.00022145265
2021-11-23,287.46066,282.7168,294.41553,294.77438,285.37952,304.11853,0.43899545,-1.9106836,2.8362274,0.01759105,-3.0077972,3.3657074,-5482497.0,-1110859.4,12251440.0,93219.875,-0.052615132,-0.072506376,-0.04011643,2755.9644518005803,1642.5219323252074,69.83723231616631,1.1134425194753728,1421.3774490778164,4478.223909999221,1190.939531299425,2522.670193804652,28.437415936466888,99.99447561930964,9.022859882907142e-05,3.1829913813223865,11,2.9961735e-05
2021-11-24,289.84045,286.96375,293.54626,293.41177,290.08887,299.12903,-0.9875358,-2.8617077,2.986333,2.9380045,1.1346378,4.530596,-4678384.0,-1919597.0,10342556.0,93493.414,-0.04489812,-0.06335791,-0.038945496,2394.132436669551,1900.627075995312,80.7326682628125,0.493505360674239,1926.2913244417243,3351.0730332204607,1576.372492911522,2391.3063887467856,57.43489561424051,97.00353118020746,0.060482288722947,1.4237233669489475,11,0.007539286
2021-11-25,290.77734,287.44678,293.70898,294.30438,288.873,302.75977,-1.5365496,-3.5324106,1.1419449,0.7149487,-1.3777761,2.4834862,-4511169.5,-2000290.6,10577912.0,93340.88,-0.04329337,-0.057299323,-0.03327812,2581.7003860468626,2019.8050843822127,82.30346794783564,0.5618953016646492,1782.7831685032322,4142.579019230882,1626.4992158895757,2415.430119329931,40.6911801041376,99.69746768290652,0.0058191381350436,2.370679562722915,11,0.0045681368
2021-11-26,291.71402,287.58594,295.2738,295.32758,292.2898,301.38562,1.6511164,-1.8965387,4.1900787,-3.535387,-6.9588137,0.426239,-3599029.8,-641283.2,6646472.5,92794.586,-0.034539632,-0.053754542,-0.02635083,2683.86425927643,2140.039011177341,80.53116221217387,0.5438252480990892,2212.0363334370586,3825.674997018641,1641.198365678294,2658.5375047117886,62.44774060967953,97.73291135304906,0.0536767967493215,1.344285432051111,11,0.05199276
2021-11-27,291.13803,285.4563,294.73706,295.19943,291.37378,301.34583,1.852348,-1.988491,5.6105194,-0.9514806,-5.2056103,3.3743334,-4865853.5,-1061673.4,8832367.0,92513.195,-0.04669725,-0.061740514,-0.037758235,2683.493372830311,2069.1111777766014,80.21170651971191,0.6143821950537093,2088.883624802866,3816.822173243912,1428.56770993722,2572.8392338181075,38.62765089895573,98.7462494192715,0.0275555215080139,2.327526569320095,11,0.041436728
2021-11-28,291.45718,286.16846,294.84082,295.10043,290.23608,301.66736,-0.10439494,-2.3456879,4.14624,0.7987116,-0.8983536,3.1958818,-4228059.5,-1506972.6,9690041.0,92720.164,-0.040576383,-0.051665973,-0.033126656,2671.443880956652,2107.13823088434,81.86614752262007,0.5643056500723121,1944.3377297042791,3888.865345215727,1496.7994239506531,2589.214492678901,39.52349449545851,99.6280780797262,0.0073466068606719,2.337347205221383,11,0.010236509
2021-11-29,290.59244,286.50342,295.65442,297.93344,291.2461,305.2547,1.1408666,-2.3749676,4.7419434,-2.0164773,-3.90802,0.78479004,-5515866.0,-1024931.94,11439049.0,92609.0,-0.052935373,-0.074192196,-0.043269545,3227.5907009884304,2003.485516171652,68.32430001297057,1.224105184816778,2072.2043527899204,4776.847240035551,1529.8723865248758,2720.813708646919,34.16542098589812,98.21719556817716,0.0412925452627,3.144817270624149,11,0.0027570308
2021-11-30,292.75223,290.5876,295.64624,296.10178,292.703,300.6029,2.1768887,-2.3088226,4.15588,-2.1218417,-3.8349228,3.3531275,-4235192.5,-390611.0,7008413.5,92660.96,-0.040644836,-0.06538055,-0.02946783,2808.965556177333,2279.190106990452,81.77918887058539,0.5297754491868816,2269.643989007526,3654.804262749473,1988.0281083764528,2719.462191120398,65.52181251713016,97.69486372458182,0.0523183869134604,1.168205706483771,11,0.11058519
2021-12-01,291.98505,290.3246,294.8656,294.03067,291.10822,299.5421,-0.37110242,-3.1049747,1.5502495,1.1913276,-1.7891502,4.2740927,-3750545.0,-1269422.5,7141512.5,92923.31,-0.03599371,-0.04915446,-0.029895302,2480.5564228027665,2172.821929951921,88.54940496765408,0.3077344928508452,2054.3250342585006,3433.8883659932294,1955.257860668587,2593.138775063852,63.76135239017718,99.51054798915422,0.0104480143374566,1.2058323841479,12,0.14052583
2021-12-02,290.39444,288.78943,294.21277,293.1771,290.04883,299.38184,-1.8852496,-3.3980398,-0.5874224,1.6566449,-0.09358406,4.2524357,-4195667.5,-1670881.4,8808729.0,93156.414,-0.040265523,-0.056545217,-0.035615727,2361.575975777041,1966.52418145318,85.10376092916508,0.3950517943238619,1921.4087085895733,3401.54581709965,1773.275713969977,2491.476356969092,54.41565939912432,98.88963691157336,0.0214758564709957,1.5505722309615444,12,0.016919192
2021-12-03,289.70938,288.5097,292.33057,291.87302,289.15088,296.3344,-2.2635472,-3.8748732,-0.867218,2.1912687,1.153244,3.9943876,-3788015.2,-1635538.0,6969142.5,93237.06,-0.03635331,-0.06072167,-0.028521257,2166.692229250762,1881.7253993418965,87.71903064486516,0.2849668299088655,1814.726090841956,2835.2602442322923,1741.7712279856332,2217.662873850718,69.2913035356343,99.32245686301908,0.0125217563714304,0.8279952384536625,12,0.031347245
2021-12-04,289.23438,287.24658,292.69873,292.29633,288.2943,298.5465,-2.1262186,-4.4801483,-0.56564426,1.5416898,-0.5271838,4.298874,-4027502.2,-1743834.4,8958929.0,93493.055,-0.038651653,-0.054274656,-0.03354819,2244.752813074996,1828.24042145196,83.63063720313048,0.416512391623036,1717.848637607824,3237.2591923219206,1605.5562688002008,2269.0416709868814,50.43378888831603,99.0200123145962,0.0184888497320273,1.592609544748441,12,0.009730899
2021-12-05,290.31958,288.17822,294.98364,293.1997,288.40027,299.10962,-1.1061629,-3.48213,2.447403,0.91139364,-2.2862816,3.5582657,-3929159.0,-1534907.0,9209313.0,93511.79,-0.03770786,-0.05058498,-0.032991186,2379.2282680220464,1960.8306518544264,84.6581077421343,0.4183976161676202,1729.580377655562,3347.225221297389,1705.0754781068008,2611.9039203725138,53.092267228630135,99.38817298204218,0.0108417519978024,1.570107462062073,12,0.015452548
2021-12-06,290.5943,288.2782,294.37073,292.80798,290.12,297.7812,-0.7002341,-2.8444948,0.84840393,1.7347722,-0.37660867,4.73462,-3569464.2,-1678561.4,8146377.5,93354.21,-0.034255896,-0.046794876,-0.029243918,2300.2063276894364,1992.411502766611,87.85042020374732,0.3077948249228254,1930.0947892534275,3092.87676191597,1716.070692571668,2515.748567908463,59.39600193065678,99.57178650572278,0.0088094309300981,1.22184826995275,12,0.03353187
2021-12-07,289.3701,286.3075,292.97595,290.7107,288.1255,294.9828,-1.5658363,-3.4909792,-0.36145973,2.725505,0.63899326,5.2807302,-3480004.2,-1649997.6,6475861.5,93425.27,-0.033397358,-0.05498476,-0.025512664,2010.1302043176224,1844.2216273076465,92.01535067351614,0.1659085770099755,1699.3008034441057,2611.767655234707,1510.450383705847,2308.415461892281,77.8099682803633,99.52961284324904,0.0085493515846849,0.5284008044163606,12,0.119721346
2021-12-08,287.52936,285.21875,292.74304,289.82608,287.03467,295.1671,-1.6405245,-3.3397207,-0.5434818,2.8280115,0.7336426,4.7216997,-3873227.2,-1801131.9,7779286.0,93441.72,-0.037171084,-0.060047753,-0.028676236,1908.858251400957,1639.9853579525522,86.95048170406551,0.2688728934484048,1583.646274626333,2641.306673007226,1406.425647478556,2275.295390266786,60.413481194274205,99.62355539154534,0.0061723087791087,0.958444714454682,12,0.05474834
2021-12-09,286.82776,285.01453,290.58118,290.21683,286.8894,295.84863,-0.6846575,-1.9962912,1.8489208,2.3226476,0.055444717,4.111371,-4056661.0,-1652426.4,8275632.0,93394.69,-0.038931485,-0.058702935,-0.028945383,1963.3937995498925,1564.8293021639809,81.61450550199683,0.3985644973859115,1568.7797451175877,2753.080562542252,1387.6320980889832,1987.2238772569356,52.811119367817454,98.60261896067036,0.022655810133476,1.2595064668795732,12,0.028330714
2021-12-10,287.61343,283.35107,292.26587,291.0927,285.73547,298.67908,-0.40420735,-1.9100637,1.7610369,1.1868856,-0.84100056,3.6010845,-4439235.5,-2022241.6,10784944.0,93199.43,-0.042603023,-0.057447724,-0.033727355,2101.179413009632,1651.8121494086963,82.6619215175135,0.4493672636009355,1454.9817398924245,3262.859087874275,1242.611144675965,2208.740367551716,38.08350625051098,99.72810651632518,0.0044456986784716,2.0202479431983096,12,0.0062703392
2021-12-11,288.1334,281.61084,295.17163,294.4153,287.3413,303.0039,-0.851989,-3.2473593,2.3444214,-0.48093352,-2.3376484,1.8669634,-5329277.0,-1494234.1,12511051.0,92895.96,-0.051144693,-0.069425166,-0.038138397,2626.4841076253933,1716.755903724095,72.13766041853599,0.9097282039012984,1615.4360949696263,4201.21638726747,1105.362256267916,2642.034136091236,26.31052900816801,98.12960605317394,0.0345624070949916,3.0958541309995544,12,0.00081647414
2021-12-12,290.47546,286.5752,296.56482,296.84338,290.4496,303.99524,-0.12767804,-2.6369457,3.2890732,-0.92211175,-3.4540844,3.1785011,-5070697.5,-775339.2,10952006.0,92774.12,-0.04866312,-0.06850991,-0.03303108,3009.795101236737,1987.8624307659657,70.59603608639654,1.0219326704707707,1970.773388240922,4446.819967467731,1537.0425639549371,2874.9839837329428,35.67913643575292,97.9800453345724,0.0482420133865721,2.800939327033366,12,0.0008481512
2021-12-13,293.0612,290.36694,296.44873,296.20477,291.5708,300.6927,-0.03803349,-2.2958002,2.2501526,-0.46336305,-3.372264,2.2651129,-3026179.2,-910511.8,7177050.5,93030.31,-0.029042028,-0.042573873,-0.017748617,2844.703782075828,2325.147433684456,83.43157446238352,0.5195563483913713,2114.8513848200846,3674.059522665777,1960.5034998511323,2854.909042072593,60.51199097902672,99.6966747039015,0.0069503544847029,1.4382351957925747,12,0.0051271426
2021-12-14,293.71957,291.85718,297.1073,295.77765,293.1941,299.82202,-0.8061301,-2.5151854,1.1012497,-0.21427043,-3.2493382,2.0336208,-2951578.0,-719953.94,5981484.0,93053.555,-0.028326083,-0.038084596,-0.022969242,2754.6643420741543,2420.0222263484247,88.69680781491041,0.3346421157257295,2339.817937694216,3491.0158706180346,2153.10164194585,2970.4410381025514,65.27081283075614,99.6439819020548,0.0088487174533697,1.1574586006277754,12,0.119712986
2021-12-15,293.86124,292.1399,297.0365,295.8503,293.36816,300.26746,-0.29312417,-2.3928452,1.2070618,-1.1272644,-3.7617626,0.89001083,-2801616.0,-363352.28,4937787.0,92964.125,-0.02688691,-0.03638892,-0.02307841,2765.394743033479,2440.962779359445,89.01373776791952,0.3244319636740339,2365.144837312587,3583.639980264493,2191.457088246624,2957.827306802661,71.43969191849945,99.7633870149762,0.0067008025545669,0.9492013162324484,12,0.11405644
2021-12-16,293.1075,291.00208,297.20227,296.1477,291.82983,301.44775,0.4253547,-1.6986237,2.8213348,-1.1761113,-4.0436096,1.9539862,-3550467.8,-549772.9,6651678.0,92953.4,-0.034073588,-0.050943777,-0.026883416,2829.454597387889,2331.9663701679306,83.8677320217804,0.4974882272199583,2149.4234057061867,3839.533209547204,2040.6537866023157,2987.434764374977,61.64173197926463,97.89812205287896,0.0478906813954213,1.386795805766159,12,0.12985024
2021-12-17,293.52036,291.6593,297.735,295.00797,292.31293,299.2682,-0.7600756,-2.5037336,1.5658069,1.6974497,-1.1328888,4.4072847,-3458771.2,-1133978.5,6756093.5,93175.664,-0.03319358,-0.046125736,-0.027629599,2625.9825447856256,2391.521810677811,91.53895188133764,0.2344607341078144,2215.22709749133,3378.774577172578,2126.607910282257,3084.343455314844,74.03740768012351,99.83473841059693,0.0038802496635844,0.8269384133378016,12,0.16016749
2021-12-18,291.49734,289.86487,295.12256,293.6067,290.5984,297.7704,-2.1453915,-4.129837,-0.6198559,2.1305587,-0.05923462,4.42955,-4003460.0,-1692955.5,8047822.0,93400.164,-0.038420923,-0.052577678,-0.03216533,2412.778936136548,2107.841652859022,88.29656873317633,0.304937283277526,1989.3844594382208,3090.879675551517,1899.114949338724,2634.139748393438,62.91974156615105,99.33820669404572,0.0143661944042755,1.146106171573814,12,0.049566746
2021-12-19,289.1486,286.73755,292.7838,291.90692,289.2422,296.19812,-2.6375754,-4.1027718,-1.1725922,2.3651998,0.62867737,4.298813,-4277497.5,-1717036.4,8080753.5,93459.31,-0.04105084,-0.061525997,-0.030608542,2170.5417374765007,1817.25649632214,84.7033620616134,0.3532852411543603,1825.3309727761168,2811.989682899277,1553.3700491690342,2281.062854339014,56.07593646475458,98.13085954765202,0.0353883348992903,1.2231686765306164,12,0.037979655
2021-12-20,288.95023,286.6903,293.21973,292.5798,288.21082,298.83984,-2.0317223,-3.9319916,-0.49307823,1.3144065,-0.2300415,3.0208588,-4195567.5,-1451885.6,8976413.0,93296.09,-0.04026456,-0.057601947,-0.030007353,2291.6841206220056,1796.878612782548,81.1609209467392,0.4948055078394575,1708.6531716303336,3294.141681348685,1548.603445407674,2343.532702563994,49.65026080345452,99.68646154928636,0.0053580837159108,1.6585917453237609,12,0.008722591
2021-12-21,290.5795,286.6543,295.57544,295.04318,289.92786,302.20654,-0.43965256,-2.7698364,2.3724365,0.15668999,-3.1385145,2.5006905,-4628233.5,-1379675.2,10059300.0,92996.54,-0.044416822,-0.058580592,-0.034548074,2685.932123453955,1994.70708337405,78.53746632991044,0.6912250400799046,1906.722653707964,4012.3428629080327,1544.9786398233214,2707.787047217324,38.50564851039586,99.06350227151457,0.018160751780714,2.4673642230847115,12,0.00565751
2021-12-22,291.996,287.5957,296.07544,296.757,291.2998,305.14355,0.78725404,-1.8973694,4.157593,-0.13259314,-2.6073198,2.8868861,-5034697.0,-1383382.6,11000574.0,92814.914,-0.04831763,-0.06539799,-0.035897397,2987.3109913457265,2181.173690320369,78.20433313307309,0.8061373010253577,2079.2061860935914,4746.888333632796,1642.234259532824,2791.186270524922,34.623311530162006,99.94039033316388,0.0012670438774421,3.103358397890197,12,0.016894609
2021-12-23,290.14902,287.44617,295.01123,292.84683,289.73816,297.20386,0.2176233,-1.4152069,3.3892176,3.354831,-0.19654846,5.8318872,-4722370.0,-1823672.9,8232711.5,92998.93,-0.04532025,-0.06985678,-0.036194492,2299.3701490188423,1944.55980691113,85.33879582820875,0.3548103421077124,1883.8918324406304,2987.719442562836,1626.435001916408,2616.30668667223,59.30422928806787,99.8027457427767,0.004569391750419,1.1589698564897182,12,0.22519132
2021-12-24,288.58115,287.3424,292.21326,291.3288,288.53296,295.89575,-1.3863093,-3.2284594,2.2673626,3.016269,1.526909,4.2064915,-4475032.0,-1738329.4,8286040.0,93059.695,-0.042946562,-0.06714559,-0.031426165,2096.8153602671778,1751.9043770734654,84.59934364157341,0.3449109831937123,1744.3714108226775,2760.959315123708,1615.55099368303,2201.507760916085,61.50513490558188,98.46901996882588,0.0273680818526229,1.0265784720532325,12,0.07001759
2021-12-25,288.1903,286.1985,291.2821,291.75296,287.4336,297.72546,-2.0214417,-4.2893105,-0.28416443,1.4918693,-0.23738098,3.2403493,-4261422.0,-1602903.9,9470757.0,93135.555,-0.04089656,-0.058411013,-0.032985464,2174.253988399264,1709.8149981294098,81.24730094870512,0.4644389902698538,1625.112690230233,3082.587502835581,1499.7385114359288,2076.8964723551358,49.89723829572007,99.43448193992126,0.0096344120737883,1.5443348100773682,12,0.009982549
2021-12-26,288.91336,283.76172,294.77124,294.15073,286.84875,301.97217,-0.17801976,-2.9234114,3.549859,0.25686595,-2.9089956,2.78379,-5056833.5,-1446974.1,11764556.0,93029.03,-0.048530065,-0.0653381,-0.037538912,2579.32565391782,1803.3987981662187,75.83083029980133,0.7759268557516007,1564.6416724412252,3958.254903320189,1277.1093258971453,2578.2233825608823,32.26445383357965,99.27539478882711,0.012371469138234,2.6811455774230435,12,0.0010599012
2021-12-27,291.8776,289.26538,295.98914,295.6898,290.92017,301.83398,0.14768155,-2.672247,3.1126404,-0.74420977,-3.5204725,1.6396799,-4389276.0,-1500592.4,10385580.0,92988.56,-0.042123567,-0.05724028,-0.033457153,2770.4512395168063,2159.92328569772,80.68038767129643,0.6105279538190864,2030.158262043925,3926.664761984458,1828.033386641852,2776.63231715193,47.42525286529441,99.64433613726214,0.007626970215726,2.0460293770998903,12,0.047432795
2021-12-28,292.33627,289.64307,296.1161,295.49753,290.7196,300.64465,-0.22107251,-2.5790796,1.6945953,-0.17374451,-2.8839855,2.50449,-4304740.5,-1531016.0,9770132.0,93159.35,-0.04131229,-0.05541675,-0.034088265,2724.3677047949645,2222.7478785103617,83.09661265838334,0.5016198262846028,2004.658997095253,3663.74676703588,1872.5377032228555,2798.064358990606,57.53635073270188,97.62787409739262,0.0520300634918216,1.5557605771960905,12,0.12422806
2021-12-29,292.76312,290.58466,296.0056,294.38818,290.79395,299.64832,-1.4965062,-3.1458168,0.113391876,1.5412321,-0.17934471,4.051811,-4060444.8,-1758271.5,9006681.0,93394.23,-0.038967796,-0.05409094,-0.032672945,2534.609972849605,2282.4265008371094,90.82831706752394,0.2521834720124959,2014.0776389713967,3455.4664788763675,1987.660424397936,2779.40621517001,70.34269180736129,99.83051320842956,0.0037536464669778,1.0247983431336851,12,0.082363114
2021-12-30,291.36917,288.36975,295.7544,293.39056,289.8457,299.11536,-1.9358406,-3.7059631,-0.33909225,0.9252768,-0.44425607,3.3394604,-3597281.8,-1365990.6,8108116.0,93176.07,-0.034522854,-0.04973706,-0.029868366,2390.454587414391,2095.8994124621954,88.82164156068241,0.2945551749521956,1896.805500759272,3348.362222410912,1726.1942178637112,2737.382116984857,62.82414564096401,99.66499340353477,0.0064946070316023,1.1724986428529127,12,0.09557332
2021-12-31,291.87088,290.43176,295.09314,293.64694,290.8883,299.32935,-0.3958427,-2.6913605,1.4024582,-0.6519693,-3.7968817,2.0119057,-2903461.2,-596899.44,5209669.5,92777.125,-0.02786431,-0.04258383,-0.023532253,2422.9532918982586,2157.383648445968,90.14654952716587,0.2655696434522907,2026.0886246942196,3391.0118686239102,1968.554623720695,2629.4169600938994,67.93335489127183,99.74106176889984,0.0054878562071689,0.9761512319294496,12,0.20605226
2022-01-01,292.28125,290.2683,295.66174,294.7772,291.4453,300.16815,0.7475465,-2.6948853,3.206665,-1.2627914,-3.7209082,1.6244488,-3750570.2,-852455.5,7020954.5,92840.49,-0.035993956,-0.048846718,-0.031328164,2602.8924860123198,2213.886488034728,86.35477935446669,0.3890059979775914,2098.279265154318,3562.8066272018123,1948.3079443457136,2722.024522212545,64.8773906246341,98.7862723160944,0.0261599285434554,1.1756328393900088,1,0.12386686
2022-01-02,292.4177,290.06555,296.912,295.47464,290.9275,301.5199,0.19181629,-1.9555178,1.6654053,-1.393972,-3.635397,1.3787947,-4172664.2,-1030897.44,8594621.0,93054.97,-0.040044762,-0.055061348,-0.033801276,2720.029948874864,2234.218135361067,83.58875787034087,0.4858118135137963,2031.094825079449,3855.678969038682,1923.4467698587111,2935.7582421876573,63.01320708394355,96.91535355387454,0.0678358838013778,1.2887231392152776,1,0.10004512
2022-01-03,293.38068,290.63452,298.2506,295.61493,291.76025,300.67847,-0.26601413,-2.4089785,1.7193983,-0.4497021,-2.0663376,2.5488968,-3517933.2,-769623.06,7101163.5,93024.76,-0.033761356,-0.047134303,-0.028839983,2729.661669988514,2373.323746958231,87.55400396962095,0.3563379230302828,2140.0884730089115,3671.00367857469,1993.926863257063,3180.7518837110097,70.30510693389265,97.27312955168702,0.068894543936653,0.9657882436551376,1,0.19503899
2022-01-04,293.44055,291.27136,297.39368,295.98605,292.91614,301.20532,0.24907522,-1.9873657,2.2859497,-1.9655017,-5.426777,2.0212116,-3939919.2,-825231.2,7511216.5,92772.34,-0.037811123,-0.049893428,-0.03182583,2797.6756825442803,2379.722682336845,86.16552541201953,0.4179530002074352,2299.869675619967,3785.7086668611214,2075.495813858128,3021.943097628088,65.11452927472412,98.2793076371625,0.0412764873372611,1.238497622956958,1,0.2072769
2022-01-05,293.39377,292.02527,296.9447,295.63004,292.74194,302.42725,1.7703056,-1.7575378,4.1864805,-3.0970871,-5.380887,0.64586353,-3582446.0,-29048.588,4772402.0,92615.29,-0.034380477,-0.05951594,-0.023526777,2735.011865696575,2371.8668959490005,87.6307157590896,0.3631449697475749,2275.14015674579,4063.864394213906,2175.8345634495317,2941.542773303105,69.17972825235393,99.54187761694168,0.010774747447539,1.211417759793836,1,0.12141702
2022-01-06,292.85562,291.2826,297.00256,294.43393,291.81165,298.9419,1.755963,-1.3772659,4.963608,0.3422791,-3.4540424,5.9317207,-3494637.0,-455586.4,5235346.5,92764.625,-0.033537783,-0.050757803,-0.026659498,2533.6212512455004,2295.1033821315623,90.841066214903,0.2385178691139383,2146.979777639497,3314.134932273413,2076.9601583662075,2951.79805565652,78.39668889646371,99.18370977575955,0.0176590333691347,0.6437150268472083,1,0.1453142
2022-01-07,291.1555,290.0913,294.74915,292.24042,290.57703,295.7981,-0.8949838,-1.9008074,0.052850723,3.1925485,1.7329563,5.492488,-3136204.2,-642145.3,4090108.2,93078.48,-0.03009793,-0.050142433,-0.023422863,2208.89645226332,2062.2628206391323,93.5917852793578,0.1466336316241871,1986.7031943435252,2744.652188981056,1926.58939722953,2574.7417877229213,79.97790193129833,99.36135022020052,0.0132056397474211,0.489712835137165,1,0.13264589
2022-01-08,290.53055,288.2008,293.74988,291.60123,289.39417,294.9148,-1.6511151,-3.4981842,-0.56829834,2.819908,1.2986662,5.0408373,-2512733.2,-635070.56,3458040.0,93211.99,-0.024114523,-0.040336467,-0.019684307,2122.8130652633567,1983.350312674596,93.6131854432838,0.1394627525887605,1843.10297030773,2600.944793888226,1707.5537025194258,2421.5261739361217,79.30603338743116,99.53019936572085,0.0093585360159415,0.5016831272474178,1,0.09759916
2022-01-09,289.51443,287.08838,292.76727,291.44897,289.30066,297.08276,-1.9726591,-3.9827824,0.71682453,2.8026898,0.30763245,4.79867,-3045548.8,-883417.5,5039088.5,93322.21,-0.029227914,-0.044874944,-0.020276435,2107.58488692234,1859.3858232105315,88.84694873566612,0.2481990637118083,1832.1506433661127,2966.064406766386,1589.174456534908,2278.7215153598613,69.6705687829559,98.76792323119128,0.0229797403962652,0.8691743707387709,1,0.059971664
2022-01-10,289.277,286.31873,293.4718,292.46976,287.56042,298.56097,-0.33936584,-2.4912405,1.681633,0.7406146,-1.3185387,2.8055992,-3538942.0,-1023912.2,7421812.0,93037.53,-0.033962976,-0.04425501,-0.0265667,2276.680149473113,1837.024878958013,82.64690931942606,0.4396552705151002,1638.4948052241268,3240.0439853665875,1511.5577762316373,2380.337674844719,61.68449939219848,99.11387711110692,0.0154398548712906,1.176574171327121,1,0.045183387
2022-01-11,291.54147,289.4491,294.80566,293.91006,289.4652,299.86865,-0.37808505,-1.963563,1.6962891,0.23751535,-2.1599684,2.5813646,-3465690.8,-1065563.0,7484373.5,92965.72,-0.033259984,-0.042733554,-0.025916621,2470.567408854069,2113.542683783442,87.22732545715589,0.3570247250706279,1851.4628807902204,3500.613251449806,1849.5639020899769,2583.655968056514,61.992773082966224,99.89743360669304,0.0018989787002435,1.2701128040768137,1,0.04358494
2022-01-12,292.39645,290.4502,296.31946,294.26904,290.48303,299.2749,-0.1906656,-1.8483105,2.2021084,0.3773903,-2.3184738,2.9723263,-3681492.0,-1238125.9,7963621.5,93201.48,-0.035331015,-0.046029232,-0.026804997,2526.115351529329,2230.34949477712,89.86621344758511,0.2957658567522088,1974.943301623822,3380.116102951441,1970.8494122160464,2832.6988386521,62.88737723329515,99.83910661981994,0.0032093570300341,1.2342449293073554,1,0.14192668
2022-01-13,292.91403,291.44727,295.74426,294.51544,291.50903,299.42944,-0.8950336,-2.968011,1.2406464,0.75825477,-1.5857592,3.6494389,-3166463.2,-944041.5,6512814.0,93553.12,-0.030388324,-0.04088364,-0.024749145,2557.0652741015488,2301.955237829513,91.13950607862915,0.2551100362720355,2106.679986624453,3411.1245927784803,2098.536320932993,2735.6990083058126,64.7732629103023,99.82652684534617,0.0038078189261532,1.1921628023028912,1,0.120262384
2022-01-14,293.84338,291.5498,298.29126,296.0248,291.95288,301.45312,-1.2626208,-2.6781206,-0.008404732,0.71245986,-0.96087015,2.2581215,-3854198.8,-1233074.5,8735015.0,93795.47,-0.03698847,-0.047008764,-0.024863163,2815.923492666237,2442.283906930286,88.1840982769553,0.3736395857359507,2166.019016992963,3840.733225043012,2112.0706391731464,3188.4631527548245,61.77223915688295,99.3442825720313,0.0152788432417037,1.4682263118915793,1,0.047327675
2022-01-15,294.13446,292.8767,296.86774,296.39188,293.6394,300.25677,-1.1350689,-2.612525,0.31094837,0.3481516,-1.0745106,1.7173179,-2804581.0,-796564.06,5882801.5,93731.56,-0.026915362,-0.035797168,-0.022177972,2861.547682219991,2481.7569710107605,87.85496789673702,0.3797907112092309,2405.088653581721,3581.3940488294134,2294.2516222463346,2927.9498619126016,67.63114653507628,99.74823723255518,0.0062421094542019,1.1189860411946866,1,0.009935818
2022-01-16,293.29355,290.17432,297.40808,296.68454,292.25818,302.52686,0.26809797,-1.929596,3.0587158,-0.57882875,-2.184618,1.6104546,-3995367.2,-1168614.0,8789164.0,93403.22,-0.038343254,-0.049253717,-0.029023074,2921.45696614303,2360.2777529024165,82.39613087369186,0.5611792132406133,2207.6818656523324,4087.305967303923,1936.7480145954523,3024.554083369517,58.31132074608332,99.6485758237182,0.008096995384742,1.4602924067896232,1,0.090344414
2022-01-17,292.02103,289.94788,297.3048,296.59726,291.17358,303.9225,0.8784732,-1.6909027,2.151764,-1.8143034,-3.2557564,0.81485367,-5320252.5,-1160762.4,10530580.0,93295.445,-0.051058084,-0.06898926,-0.041349467,2930.1355945055093,2180.724192946291,76.61229780537711,0.7494114015592186,2062.7847236618877,4428.3787839095785,1909.146207818892,3005.8782278203257,55.10431771419352,94.36325650769876,0.1175551334235335,1.8353097823358888,1,0.018796697
2022-01-18,293.4734,290.6903,298.0746,297.28482,291.69373,304.4557,0.35817865,-1.6894922,1.4522603,-0.6981626,-2.504486,2.1975956,-5057593.5,-1330757.6,10592527.0,93407.9,-0.048537362,-0.06448784,-0.03821687,3048.535546541027,2386.2418162667823,80.44765053852441,0.6622937302742448,2131.196268127212,4565.092498023817,2000.9578575714236,3147.547513918546,55.897614757971,96.6994502612343,0.0783193551712206,1.8152369948793248,1,0.038990907
2022-01-19,293.82715,290.8423,298.4685,296.76447,291.61707,302.7558,-0.48408857,-2.3570976,1.673645,-0.16458584,-2.1711273,2.8216963,-4900766.5,-1455794.5,10563557.0,93580.79,-0.04703231,-0.0617503,-0.035937235,2951.481272966857,2438.6513363521303,84.80871946187412,0.5128299366147264,2120.9900724017757,4141.632090003141,2020.222908646277,3222.278512813004,54.85006368615416,99.77029815776574,0.0053243408855923,1.862343023782861,1,0.035684466
2022-01-20,293.82498,290.6167,298.0155,296.66104,290.91187,302.1507,-0.44901624,-2.168785,0.7590418,0.43672737,-1.5250101,2.889227,-4652114.0,-1529534.0,10195638.0,93538.75,-0.044646006,-0.05783252,-0.03659075,2929.035927567731,2440.984701364532,85.48951023410835,0.4880512262031994,2029.097282453736,3999.3965060163623,1991.6852159861064,3136.470817232986,53.13587959802712,99.81157218770332,0.0043206842361596,1.836252675416661,1,0.046056785
2022-01-21,293.0006,289.80957,296.8474,296.49384,291.92493,301.90967,-1.1364456,-3.3838959,0.7383919,1.2698938,-0.6605755,3.1736145,-5291182.5,-1548445.4,10996187.0,93397.84,-0.0507791,-0.06618523,-0.04382067,2898.6497465689567,2318.5826886236096,82.61992418356007,0.5800670579453474,2162.238943204611,3943.939406147907,1892.4580927816176,2924.3694896342104,48.12699864608471,99.72030171505678,0.0066636384592611,2.0458397415487024,1,0.00830667
2022-01-22,292.27686,289.33667,296.15942,295.79547,289.95215,302.82837,-1.202737,-3.811432,0.2667694,1.2544107,-0.761721,3.1739492,-4884935.5,-1313018.5,10549250.0,93346.07,-0.04688038,-0.063631326,-0.040386725,2801.630379837592,2217.8296643890203,82.66898665318412,0.5838007154485712,1909.6637800631304,4158.983519965027,1836.3617839073213,2805.4131988457525,44.15410099828343,99.9438281433907,0.0011288922489377,2.3226217360577057,1,0.0010725509
2022-01-23,293.9857,290.6792,298.8894,296.9028,292.5304,302.81787,-0.6927174,-2.7244434,2.1216278,0.9010766,-1.5998411,2.553461,-4494435.5,-1346704.1,9686562.0,93271.31,-0.043132775,-0.0570637,-0.037260406,2974.753047810296,2462.466765123559,85.20512458862909,0.5122862826867369,2245.421681023906,4156.469554925731,1999.556078943112,3303.838108926697,48.27580602309808,99.61286961474477,0.0090156683459777,2.1447964263278814,1,0.014515368
2022-01-24,294.59848,292.22742,298.74133,296.92953,293.92468,302.15796,-0.498767,-2.5404892,2.0655212,0.9595415,-1.85003,2.7757607,-4165035.8,-1366535.9,8754326.0,93217.6,-0.039971553,-0.05347292,-0.035383232,2962.781438799051,2554.930047152211,87.75535551539203,0.40785139164684,2447.7368932780496,4001.078174202843,2203.45230853502,3274.942112512217,56.90155385974679,99.79623188570072,0.005144862514322,1.7244025219382388,1,0.022744358
2022-01-25,294.1766,290.66138,298.0747,296.56192,293.31042,301.45984,-0.7771476,-2.5307236,1.448761,0.80719453,-2.6371355,2.8464785,-4092988.0,-1382292.6,8491084.0,93183.59,-0.039280113,-0.054275654,-0.03446685,2900.003402610357,2491.115860009176,87.52609153194216,0.4088875426011812,2356.717458695344,3842.233705005898,1997.3088735091508,3147.57043503758,53.27588006363946,99.76546260848632,0.0056677305225407,1.775172003146813,1,0.043791167
2022-01-26,293.77948,290.5481,297.7954,297.492,292.52942,302.34357,0.25408062,-2.4024057,2.589859,-0.8461198,-3.474,2.0454588,-4855294.5,-1391345.8,9981454.0,93064.31,-0.046595916,-0.06279633,-0.039945304,3078.2023846307784,2431.458962622184,81.37385642906538,0.6467434220085952,2245.285286136572,4044.2625345900506,1983.0770559780235,3095.507416214361,50.68720397928531,99.60731881101108,0.0099805186179996,1.9825006227230328,1,0.032227658
2022-01-27,292.72586,290.54163,297.72266,298.31552,293.7699,306.30896,1.7760034,-1.5507078,4.426874,-2.4050171,-5.3183384,2.3661149,-6212023.5,-843918.2,10557140.0,92917.74,-0.059616346,-0.09051148,-0.04646358,3237.5632485783385,2278.028305156799,72.2166095060909,0.9595349434215392,2424.5154270695707,5069.316902258183,1982.26694327574,3082.069889008403,48.52923757048162,91.56975389119457,0.2333541758357228,2.417006311902217,1,0.015583212
2022-01-28,292.8269,290.92358,297.30786,294.45392,291.5807,299.45862,1.4454275,-1.2067661,5.75215,0.6253252,-2.216301,4.975957,-3023582.8,-545139.94,4298819.5,92931.125,-0.029017111,-0.060696278,-0.021803506,2534.8724110097587,2291.1384861355277,90.57598840931516,0.2437339248742316,2116.1620348848032,3417.0063096471613,2030.5952775848984,3006.4286641569806,78.7551766379864,99.46656579717536,0.0116795693856843,0.6018285076524712,1,0.06486195
2022-01-29,292.3138,291.28735,294.80804,292.73685,291.4342,295.6712,0.725759,-0.85177803,4.0345716,0.83556175,-1.307971,3.0857944,-1806766.5,-429849.12,1723442.6,92950.88,-0.01733941,-0.04291186,-0.011024773,2278.0164246997583,2217.1651853941617,97.4390198543092,0.0608512393055968,2096.817786095956,2723.5891883350937,2077.5811868426217,2584.031996135146,89.58207138447318,99.62556237408955,0.0082782238794493,0.2679463033561342,1,0.3540375
2022-01-30,292.25244,291.19324,295.48816,293.44543,291.49133,298.5443,0.9645645,-1.6935272,2.805979,-0.3705372,-2.5443745,1.7857227,-1909591.5,-206199.12,2325449.0,92997.69,-0.018326215,-0.031679578,-0.01335004,2384.425148804032,2208.6075306155835,93.12094049850144,0.1758176181884489,2104.343496130874,3236.8363689901253,2065.33413358435,2693.4548614742957,74.97494778172819,99.49322428997742,0.0109822172859703,0.7305359995263275,1,0.7894419
2022-01-31,292.35495,290.463,296.4026,294.15225,292.0802,299.9491,1.3618513,-1.4468689,4.0637665,-2.4509487,-5.101322,-0.45544243,-2360770.2,140133.95,2938158.0,93008.19,-0.022656145,-0.039062977,-0.016428959,2490.820660132584,2224.119473752961,89.65679105461584,0.2667011863796235,2183.3091557662538,3517.2242061534525,1972.4465109085013,2846.963883082808,72.40550698197102,97.88604186351782,0.0491174274009667,0.8919888954129278,1,0.3671465
2022-02-01,292.73975,291.46423,296.50085,294.97815,292.22668,300.57166,1.5487256,-1.0382538,3.0062451,-1.5839235,-3.3115644,2.9531183,-3484590.8,-385830.72,5952230.5,93154.31,-0.033441365,-0.050943628,-0.024401804,2628.287918343892,2277.447793041796,87.62238079676662,0.3508401253020958,2203.35169153079,3648.1229441967103,2100.7706567314094,2863.907477121932,64.23553353394446,97.802098108196,0.0490919517620327,1.2084727204328414,2,0.15672734
2022-02-02,292.55783,291.04504,296.7356,294.60953,291.17407,299.99268,-0.87853813,-2.5031967,0.7399747,0.31505942,-0.68434143,2.1710443,-3180762.8,-880093.7,6510146.5,93401.94,-0.030525554,-0.04688138,-0.02210401,2572.0231379360025,2251.766276380877,88.82904117422254,0.3202568615551253,2062.848029548621,3526.251593265535,2046.178666971272,2904.7405312013198,67.10939013584073,99.66940329401312,0.007282489703934,1.058850155110927,2,0.06428975
2022-02-03,292.70343,290.54407,296.30396,295.0977,290.8324,300.80096,-0.8015136,-3.5462952,2.1406097,0.0815734,-1.6591759,2.3428993,-3632908.8,-1038433.25,7837215.5,93347.445,-0.034864765,-0.04725498,-0.028280022,2657.283592014325,2273.167614051204,87.048804657487,0.3841159779631214,2018.964583694161,3697.398873061264,1982.5726120244,2830.04548025808,66.24275529587385,99.63349651691355,0.0078942043965712,1.1746937656910408,2,0.095781185
2022-02-04,293.00638,291.21118,297.0608,295.78195,291.83325,302.26062,0.966425,-2.5251617,3.6855164,-1.3797129,-2.9016304,0.3503418,-3319157.2,-651963.8,6087277.5,93187.664,-0.031853717,-0.04623706,-0.026299948,2765.3021619912656,2316.084981600965,84.98936407965624,0.4492171803903009,2149.882883380954,4024.913746279688,2067.664271587148,2962.1498273756392,65.6570942291494,98.54661083849216,0.0341283723645933,1.2503838292754546,2,0.038934473
2022-02-05,293.30798,291.05798,298.47913,297.18765,293.05408,303.95715,1.8095235,-1.2747803,4.278137,-2.1634352,-4.540699,-0.038142204,-4207108.0,-734793.8,7740961.5,92982.414,-0.04037532,-0.05714744,-0.033553604,3014.4956662500863,2362.650558474133,79.396712034527,0.6518451077759532,2319.619251532751,4437.157857551381,2047.844980716156,3224.314563200148,62.11082644420926,90.79488764115854,0.2241336834050626,1.6430404013776885,2,0.03481633
2022-02-06,293.73834,292.05347,298.2495,296.7462,293.1095,303.27417,1.6960831,-0.90186596,3.7052164,-1.6544633,-4.2162933,1.8814096,-4140686.8,-640577.56,7244798.5,92986.164,-0.039737877,-0.05755644,-0.032090813,2930.933621376937,2423.3444872189043,83.7473134976773,0.5075891341580319,2327.5958334887123,4266.971380629234,2179.6687105182823,3180.5436976634305,63.97265684357506,96.56412687888184,0.0808290792122875,1.3867198618058387,2,0.07057086
2022-02-07,293.01102,290.47388,296.3689,293.7721,291.81506,297.2704,-0.27488944,-2.604123,1.8736632,1.8109776,-0.3471278,5.6569443,-2163073.0,-361054.1,2476236.8,93142.47,-0.020758858,-0.04315253,-0.012998819,2427.5499166698505,2316.682637310069,95.44899047079072,0.1108672793597821,2147.438796749236,2999.6754122581337,1973.8011323037972,2841.1748923744512,84.27310093603549,99.41191797275548,0.0140397079161166,0.3919598707961031,2,0.5278204
2022-02-08,291.11572,289.80444,294.1869,293.07812,290.6692,297.41846,-2.0456226,-3.7504644,-0.46323967,1.8616182,-0.25003052,4.0989094,-3065479.2,-714335.3,4767121.0,93207.41,-0.029419186,-0.044987164,-0.022284115,2332.974901512428,2057.37087208684,88.82698587307773,0.2756040294255882,1998.2936766442824,3026.436101327306,1891.841940724507,2487.5194019019764,70.86722670833801,99.28852560117087,0.0155727860588281,0.8092271731780152,2,0.07873699
2022-02-09,289.83566,288.0448,293.22607,292.71173,288.6798,298.22876,-2.011092,-4.051265,-0.0039024353,1.8245493,-0.54151917,3.7839222,-3896098.2,-1353190.2,8012892.5,93246.07,-0.03739058,-0.050099764,-0.031917647,2292.470008315925,1898.325286801236,84.53288344531423,0.3941447215146896,1760.8704419128564,3176.613533006395,1690.4983107871635,2344.4533477947284,60.14243555371882,99.71432533868658,0.0052949193457022,1.1727483025212273,2,0.012406843
2022-02-10,289.29807,287.27612,292.87427,292.88324,287.8026,299.20782,-1.8978647,-4.0819006,-0.2429781,1.5500404,-0.26409233,3.899294,-4215618.5,-1300704.6,9121856.0,93224.48,-0.040456988,-0.05364857,-0.03326606,2331.84084144448,1835.413953469296,81.36340716564817,0.4964268879751832,1664.3178902691918,3366.7339339385567,1608.6316277516432,2293.904151342784,50.70599446722392,99.70630705220296,0.0050580770421843,1.5638367256527137,2,0.002061767
2022-02-11,290.31586,288.12964,293.8578,293.0456,288.47974,298.45972,-2.0773365,-3.433937,-0.51017284,1.7739491,-0.53012085,4.0033712,-3996833.2,-1417395.5,9089323.0,93255.23,-0.038357325,-0.051879168,-0.031118942,2347.5196971650407,1957.714396330173,85.13897950031843,0.3898053008348676,1738.4253628774952,3220.5943561614863,1699.7546672701951,2437.677298458401,63.20652082683887,99.41391789421697,0.0108653565269937,1.1241112703389389,2,0.011284987
2022-02-12,291.045,289.68237,295.04456,293.40005,290.1399,298.02258,-1.7109219,-3.2520638,0.13207912,1.8014687,0.07325745,3.8865051,-3574157.8,-1248096.8,7684477.5,93279.66,-0.03430094,-0.046581425,-0.029780306,2390.4035167919715,2048.9899124218578,87.06610198149639,0.3414136043701137,1932.5294790453224,3137.7963888438394,1877.2236251539955,2621.633744511645,62.49166181902512,99.60494057171772,0.007791133755586,1.1563202089297375,2,0.01989714
2022-02-13,291.3285,289.81152,296.40515,294.10693,290.29297,299.65234,-1.0674998,-3.06563,1.8215322,0.91448504,-0.278862,2.384685,-3934804.8,-1237428.2,8243698.0,93142.04,-0.03776204,-0.050380196,-0.031149581,2509.3024288682795,2087.8854328661328,85.32428804876027,0.4214169960021469,1951.350567976363,3456.287286966651,1892.6928637552517,2847.4047723021986,54.98484911980879,99.71463881246528,0.0055811845915995,1.5495151154485902,2,0.01966797
2022-02-14,291.96628,288.66968,297.3103,295.92596,289.7827,302.5111,0.22308995,-2.1118317,2.6625519,0.080196366,-2.0100622,2.9062455,-4597808.0,-1090127.5,10056932.0,93040.69,-0.044124834,-0.05943227,-0.033771172,2834.167625925578,2177.9432543423945,81.261652313571,0.656224371583183,1889.2325859062648,4083.592294985941,1759.727713926413,3006.869076743505,46.23864637304408,99.99536986345896,9.105116297837412e-05,2.1609689375461274,2,0.0036408452
2022-02-15,293.16238,290.63245,297.04846,294.978,292.0415,298.9867,-0.9497416,-2.4909115,1.0847559,1.8631959,-0.08446717,4.365099,-3694614.0,-1406244.5,7980849.5,93296.6,-0.035456948,-0.04841544,-0.029731177,2621.882439313845,2340.4886742368503,89.86994746618296,0.281393765076995,2178.0413790415023,3322.945337205713,1993.6657355889404,2959.955294743105,66.89740523157096,99.67631769280617,0.0072834995508624,1.0599268381628295,2,0.069243476
2022-02-16,291.34427,289.61755,294.34192,294.12744,290.2771,299.25098,-1.5804578,-3.391859,0.026582718,1.6423535,-0.062805176,3.2031422,-3973433.2,-1266579.9,8181661.5,93441.68,-0.038132757,-0.05143999,-0.032228496,2504.1707512417397,2087.6184823470644,85.2589115624322,0.4165522688946747,1949.3919654769013,3375.337519165982,1869.501724028485,2511.306404175473,55.91092731153139,99.81099892957862,0.0038281810237883,1.488155012306243,2,0.018348273
2022-02-17,291.47598,289.98035,295.4618,293.84088,290.01392,299.55237,-0.5751141,-3.0177155,2.3932343,0.43462574,-2.6799555,3.0489302,-3878703.2,-1312017.1,8221516.5,93238.445,-0.037223637,-0.05006405,-0.03220404,2461.7139205674703,2104.73041966024,87.25290436571042,0.3569835009072304,1917.160183783568,3435.9666195835266,1913.0828500986909,2689.138230243981,60.47570062893577,99.78732430814256,0.0040773336848769,1.304590655058117,2,0.0886118
2022-02-18,291.54324,289.47986,295.30432,292.96823,290.6023,297.41064,-0.50923926,-1.9976406,1.6074333,1.6549554,-0.42456055,4.4737024,-3762158.0,-1410061.5,7136183.5,93002.04,-0.036105163,-0.049770832,-0.031225424,2318.049648509464,2115.285617057598,91.76366157237202,0.2027640314518659,1989.875091511463,3025.0189572168133,1853.1907118671663,2663.484312281588,69.18914491309812,99.42295690045376,0.0119645742191009,0.9075932161061376,2,0.10871665
2022-02-19,290.28595,287.89978,294.1892,293.0953,287.93762,298.93683,-0.6721991,-2.920578,2.0020294,0.23885523,-1.485836,2.5801084,-4126886.0,-1351158.9,8700187.0,93021.75,-0.039605428,-0.0533022,-0.03378074,2363.909986611135,1954.459615113623,85.24756536516438,0.4094503714975119,1678.868073124395,3313.139947077088,1674.7785696342974,2487.8738097625974,55.68555284374042,99.8325650451418,0.0029208246987866,1.4384819656873848,2,0.026324065
2022-02-20,291.65952,288.99463,296.90686,295.40067,290.10437,302.17432,-0.07822698,-2.6423187,1.8224945,-1.1297659,-3.120552,1.7770958,-4550126.5,-1147379.6,9560027.0,93254.99,-0.043667242,-0.05792878,-0.035287187,2726.1575656648297,2131.705677239163,80.73751425440207,0.5944518884256667,1928.1847751120308,4004.867721253432,1796.7042983200647,2934.852614381423,56.54916569173978,97.1437725484199,0.0604380733537279,1.5505332446294295,2,0.019508917
2022-02-21,292.14627,288.573,297.75122,296.18588,289.86597,303.60608,0.23596078,-2.0103912,2.2878418,-0.7312612,-2.8067398,2.4333732,-4765138.0,-1122380.5,9872962.0,93409.125,-0.045730695,-0.061692927,-0.03795349,2862.274889448809,2200.2369632819573,79.31082257037296,0.662037926166852,1899.247412958315,4348.951778639253,1748.856364688971,3087.339598097058,54.34043283256861,96.37424770733628,0.0761087028970314,1.6923714385756243,2,0.026378725
2022-02-22,292.98798,290.66406,297.7671,296.78134,291.33545,302.23566,-0.35679173,-2.145815,1.5735474,0.4647114,-1.5372458,3.1592278,-4673766.5,-1153700.8,10114729.0,93412.13,-0.044853803,-0.058552563,-0.03623735,2956.517984042729,2317.331935509786,81.06493144834843,0.6391860485329436,2083.8643168325048,4019.106442917474,1997.647351493356,3090.27061964669,52.05481519496436,99.65318681758542,0.0078653381997078,1.9115971891147616,2,0.008707123
2022-02-23,292.87024,289.27075,297.17676,296.0292,291.4619,301.75952,-0.39981404,-2.2986984,1.7072551,0.60150284,-1.6146717,3.5704136,-4212658.0,-1143161.5,9211493.0,93281.46,-0.04042858,-0.0554299,-0.034845762,2818.6602641867444,2299.8250724703107,83.56910877440045,0.5188351917164334,2100.465120741665,3909.733252839897,1828.6597100814352,2982.8612730870864,59.4942690759233,99.39855758586376,0.0149248009444704,1.5285044326707844,2,0.030977812
2022-02-24,292.28732,289.4817,296.12964,295.58572,291.21802,301.0119,-1.0641195,-2.706131,1.0008574,1.4601802,-0.7794342,3.5170984,-4685823.5,-1312456.1,9707401.0,93396.0,-0.044969514,-0.05934549,-0.039146677,2744.0610861069545,2216.9815806172123,83.12349342628913,0.5270795054897419,2068.5525502190626,3743.239396130648,1853.406790366188,2800.3603514764927,59.06674924890098,99.70998095988485,0.0064518726329301,1.4806926346363969,2,0.006732656
2022-02-25,292.35428,289.92017,296.27173,295.86172,290.4048,301.75012,-1.6864818,-3.6653595,-0.13819218,1.0011188,-0.8862598,3.2089386,-4753066.5,-1249338.6,10383033.0,93603.28,-0.04561484,-0.06009019,-0.038001627,2805.9511938311275,2226.9205208664875,82.34394935032668,0.57903067296464,1965.2002576043192,3907.6005347533614,1905.7923732200163,2824.5368012952704,50.32823519008109,99.4776431849512,0.0119369765821802,1.940974147333824,2,0.00028794562
2022-02-26,292.426,289.26,295.8697,295.5552,291.1029,301.44275,-1.1025558,-3.142333,0.82974243,0.8585334,-1.9360847,3.2344656,-4387262.5,-1291096.1,9482445.0,93579.88,-0.042104244,-0.057862803,-0.036026232,2752.2464873852277,2235.1364508292177,84.26161267416991,0.5171100365560092,2053.639172470744,3838.415308014221,1827.4072517718275,2756.599070402357,47.74520698897475,99.71554221836688,0.006101751080529,2.000007827178002,2,0.0015244761
2022-02-27,292.46237,290.20984,296.40503,295.51157,291.04028,301.55103,-1.2962267,-3.436554,0.8149414,0.69401217,-1.5213242,2.71104,-4074067.0,-1210559.4,8707806.0,93431.29,-0.03909853,-0.05405686,-0.033495884,2745.482618715027,2240.969028932718,84.61672540571655,0.5045135897823086,2045.5658889711624,3862.663703379321,1941.10966411718,2847.3837762218027,50.25313651869215,99.79221913712328,0.0042772997798492,1.9215540392621409,2,0.0061126254
2022-02-28,292.54694,288.29565,298.20752,297.60934,292.11133,303.68622,0.06173742,-2.543067,3.1133728,-0.5499653,-3.7370615,2.0796576,-4541763.0,-939309.0,9364725.0,93219.4,-0.043586977,-0.058829308,-0.036653414,3130.335574246156,2260.762133793022,76.87545050535569,0.8695734404531336,2187.554753927407,4368.950556870753,1717.996872792604,3172.595294169309,40.3442965024059,99.52302989668274,0.0114263722904233,2.578153231784857,2,0.0032464531
2022-03-01,292.68588,290.10767,298.4663,297.69943,293.46118,304.91016,0.7168135,-1.9107952,3.570343,-1.2197238,-3.8442287,2.5478382,-4504460.5,-784935.25,8293659.5,93211.82,-0.04322898,-0.063666016,-0.036797866,3117.7663767725026,2277.572846585644,75.1727844004031,0.8401935301868583,2378.776885530532,4684.508835745573,1928.5875304565157,3221.857401445894,49.20640755710872,96.53086640730004,0.0863607458193228,2.24017789542484,3,0.027302451
2022-03-02,292.4493,288.69067,297.54297,297.2847,291.96533,303.41528,0.059373137,-2.1130514,2.0288696,-0.9391825,-3.8392687,2.461257,-4887394.5,-753997.06,9002166.0,93269.87,-0.04690398,-0.063268036,-0.040530093,3060.3872193042357,2243.5483652994862,76.993079378458,0.816838854004749,2167.7045843409915,4301.659606131592,1762.0965016244943,3049.1003898004096,44.19437016611111,97.94847646345713,0.0507396747672869,2.354344882562013,3,0.021790415
2022-03-03,293.209,287.99194,298.19946,297.14575,292.307,302.7461,-0.13276358,-1.7736921,1.6968689,-0.23573978,-2.6937027,2.6088724,-4239632.5,-978394.3,8342972.0,93298.79,-0.040687453,-0.05642966,-0.03583596,3022.247258615131,2354.758121566882,81.25527638635992,0.6674891370482493,2214.410079600749,4139.31655158269,1684.7538433907696,3171.072298222538,42.38250021148833,99.87781578048072,0.002743530123761,2.2990526954436583,3,0.008178476
2022-03-04,294.05734,290.91968,298.1034,296.27963,293.14612,301.43042,-0.8180806,-2.094983,1.1723843,0.9772163,-0.48404783,3.1697407,-3449877.2,-1098069.1,7313795.5,93371.53,-0.033108227,-0.046820555,-0.029046265,2842.558487408045,2472.5320890524995,88.15637408411929,0.3700263983555453,2332.879896130601,3835.662665519357,2030.0958379956644,3152.960949211577,53.13226771215557,99.84725302972936,0.0038225772506357,1.7976881095404105,3,0.047058553
2022-03-05,293.6483,290.37524,297.93896,296.59326,292.66333,302.7328,-0.6278047,-2.3714447,1.2553558,0.1607889,-2.4813862,2.3144877,-4093028.8,-1273643.4,8668863.0,93298.41,-0.039280504,-0.053370774,-0.031845044,2919.24383876546,2411.6523990167307,85.14914119420168,0.5075914397487297,2264.0564287163834,4136.143624680392,1961.5329112329823,3122.1721772903497,47.92807268102845,99.77735609797122,0.0052020845176721,2.153769702051849,3,0.051744007
2022-03-06,293.26187,290.81775,298.1057,297.3313,291.90857,303.6427,0.15592395,-2.025772,2.1539001,-0.92929405,-3.3343277,1.8596182,-4567172.5,-979798.0,8981403.0,93249.15,-0.043830827,-0.060937397,-0.03829327,3057.9401853127274,2356.030370437933,79.88652552781876,0.7019098148747939,2160.029708848213,4358.080665906135,2017.101663874236,3153.3971307048714,51.90844577382716,99.39550522027406,0.0159122151126916,1.981165867324305,3,0.025865538
2022-03-07,293.5277,290.7849,298.9214,297.70255,292.67786,303.636,-0.12938488,-1.7356339,1.3616486,-0.39812586,-2.0835934,1.9356346,-4419438.0,-995335.8,8936909.0,93211.69,-0.04241303,-0.059543435,-0.036600668,3117.802270768021,2397.763514181945,79.025086314721,0.7200387565860753,2266.100933228073,4356.405786353281,2012.931102953882,3310.108651928452,51.38802840507017,95.53661545710614,0.1184289365214635,1.930729020979887,3,0.040571593
2022-03-08,293.5826,289.4629,298.76514,297.68753,292.80713,303.14752,-0.19989423,-2.1829758,1.9909331,0.23199864,-1.5339975,3.5347002,-4331881.5,-964884.75,8758154.0,93283.055,-0.04157276,-0.05678605,-0.036048114,3113.5154110629646,2406.4706931975797,79.83811276267544,0.7070447178653853,2284.366776310126,4236.047058615643,1851.1894374143812,3279.572423887521,44.90613133698353,98.8359170988036,0.0281432223739102,2.282523780846241,3,0.015159525
2022-03-09,293.11682,289.74866,297.36462,296.27036,291.7246,301.53333,-0.91383046,-2.1016064,0.97070503,0.9299121,-0.71782905,2.7905161,-4220649.5,-1228842.9,8755195.0,93337.99,-0.04050527,-0.055832006,-0.036409006,2854.88444058584,2335.216128884817,83.9567163880177,0.5196683117010235,2135.3201672974164,3858.690637777738,1885.149005519897,3016.682873419211,49.03264199661821,99.6917834195572,0.0074266234909796,1.966672671599156,3,0.01869307
2022-03-10,292.2695,287.7339,298.01562,297.34424,292.05518,303.19098,-0.44626507,-2.204258,1.943161,-0.59973615,-3.3598976,1.5283384,-4208502.5,-784914.8,8363443.5,93235.445,-0.0403887,-0.057322346,-0.03421216,3074.567302887301,2222.7776486016232,76.57609314425184,0.8517896542856782,2179.9012735371766,4246.636088538429,1656.953938224033,3136.4936677644278,41.173855805335336,99.7964619057933,0.0046692163143607,2.437845299622626,3,0.0076027974
2022-03-11,292.4852,290.33826,298.2461,296.53986,293.31396,303.396,1.2297727,-1.5206127,3.2729256,-1.9468566,-4.0722084,-0.008378029,-3183079.8,-349041.62,4856647.0,93148.5,-0.030547788,-0.060430624,-0.021004412,2887.6225882814665,2246.5997974299903,78.57376936460379,0.641022790851476,2357.2333889260062,4296.904015206116,1956.9496283766173,3179.8960839663464,55.67673175820499,95.70405957641512,0.1168516030861787,1.8174521711362996,3,0.024071801
2022-03-12,292.9337,290.60364,297.74207,294.90213,292.63232,299.62512,1.2875887,-0.5589609,3.3928487,-0.29075167,-2.4671593,2.9677687,-2216017.2,-79737.336,2670156.8,93217.24,-0.021266961,-0.04541183,-0.01412336,2607.55594682845,2305.9752692986444,88.8946933915701,0.3015806775298057,2259.6979415733763,3450.7439281210736,1990.043770832283,3085.649730907039,59.486198290805135,99.08831446024452,0.0209612303945159,1.3553436097895624,3,0.2532708
2022-03-13,292.81223,291.5127,296.25232,294.5107,292.07288,299.4463,1.002763,-1.3424149,2.8147905,0.6190895,-1.216629,2.902748,-2598277.2,-483854.97,3941484.0,93353.29,-0.024935482,-0.03928059,-0.019552272,2550.380033541506,2287.7723701084565,90.38549834504512,0.2626076634330497,2182.311243148169,3414.5196497151974,2107.1636827147354,2821.2236069181918,70.07765993705354,99.51249846134044,0.011454996590457,0.9553815087590324,3,0.13414487
2022-03-14,293.0281,291.23328,295.90808,294.9412,292.32117,300.61633,-0.0927443,-1.3851995,2.558144,0.09744529,-2.680109,4.2154903,-3221563.8,-798345.44,5885378.0,93161.82,-0.030917114,-0.04175964,-0.02581379,2624.883081233856,2318.198172379733,89.71482217478605,0.3066849088541236,2216.364624532326,3657.6784240724255,2070.5365238767595,2763.0241110096867,58.80215209643364,99.6126587468592,0.0091241300095166,1.4506552183593853,3,0.17186067
2022-03-15,293.28302,292.036,296.3523,294.5283,292.73804,298.6676,0.88078254,-1.101717,3.7307692,1.2505609,-0.44405264,4.0859737,-2959971.2,-734609.0,4829137.5,93154.805,-0.028406635,-0.040766746,-0.022704342,2547.9093549265567,2354.6510059938723,92.86006429218249,0.1932583489326846,2274.588290590711,3260.636281262067,2177.294492317886,2838.326139202452,73.80901353507319,99.47087379711982,0.0123795609725011,0.8119338709911071,3,0.3743295
2022-03-16,293.54666,291.96143,296.87854,295.4628,292.31055,301.11346,-0.5859656,-2.4062347,1.5414886,0.11967847,-2.4200869,2.297185,-3403731.2,-851773.7,6628853.5,93248.4,-0.03266537,-0.043023337,-0.025226295,2713.959624334468,2394.5368876501734,89.59323040707113,0.3194227366842941,2214.8985739689256,3765.4872640021617,2167.175655001219,2929.854504213404,64.52282179536037,99.54349514796284,0.0113492623336192,1.2829609417972545,3,0.18109147
2022-03-17,293.62357,291.7362,297.4292,296.8399,292.49292,302.133,0.32425356,-1.8791199,2.9008026,-0.6135747,-3.7503138,1.969903,-4270446.5,-947261.0,7729481.5,93313.695,-0.04098317,-0.053793676,-0.031260252,2966.604136588481,2405.597444868183,83.73334278712694,0.5610066917202983,2240.192737944357,3995.300906884508,2136.870475045229,3028.385623190359,56.178764321040966,99.66683532096256,0.0082909544305266,1.7437510167838064,3,0.05360277
2022-03-18,293.6674,291.15137,299.20972,298.0263,292.6239,304.50574,0.4029912,-1.9461517,2.6495209,-0.77442175,-2.420004,1.7142429,-4299831.5,-767463.5,8379738.5,93373.44,-0.041265175,-0.055174157,-0.032853685,3182.481721506776,2416.202175936276,78.09490028487018,0.7662795455705007,2258.515215440937,4578.111972015044,2059.9061099040487,3367.11077507913,53.73913023738774,95.40199713224204,0.1356823892623756,1.8796985934950896,3,0.011934333
2022-03-19,294.1744,292.40552,298.7301,296.9479,293.3468,301.97668,0.05690691,-1.6095266,2.3540976,0.33606634,-1.7696905,3.2374468,-3439595.0,-724850.3,6736678.5,93334.04,-0.033009548,-0.045440733,-0.027598206,2961.34781950181,2489.7022767928715,85.17729088707493,0.4716455427089379,2362.023809986415,3959.291177070583,2228.039047849562,3272.759541117269,60.74816795006156,99.78630925809809,0.0051283176863944,1.5004209151943857,3,0.06141749
2022-03-20,291.83273,289.13873,296.55664,292.4575,290.03027,297.1355,-0.8159279,-3.3094692,1.1589248,2.9953816,1.2129259,5.7691355,-2581255.8,-343213.97,2057475.1,93590.68,-0.024772128,-0.055901572,-0.017157063,2241.7255440057297,2156.6124722162253,96.19593107108824,0.0851130717895042,1919.149722556313,2975.477878602017,1813.319504188716,2873.565624658252,84.22813057478011,99.66921220433473,0.0080341886957221,0.394472081711931,3,0.33679777
2022-03-21,288.43417,286.50403,291.55347,291.4855,288.9348,297.5746,-3.795806,-5.8246975,-1.851203,2.411664,0.97882366,3.8457966,-4110672.8,-684220.25,5752304.0,93846.21,-0.03944983,-0.06643902,-0.028681764,2117.074001936526,1735.4976655619337,83.19605895785197,0.3815763363745926,1789.8470895032417,3054.8789334806297,1529.9332330816796,2112.555421708152,60.74460888440057,97.25600215354122,0.0495053761858057,1.070196078411006,3,0.05232265
2022-03-22,288.03012,286.2744,291.8053,291.91977,288.32788,298.33752,-3.4806478,-5.918543,-1.7123346,1.160483,-0.6683731,3.1742706,-4161774.0,-905487.0,7601828.5,93789.47,-0.03994025,-0.060040466,-0.032923624,2188.3539897769856,1691.6506535155052,79.34815594908348,0.49670333626148,1721.5578936974584,3197.259536451568,1507.1925400678797,2146.1275420757675,55.42989839751009,97.18440787983768,0.0488596194687768,1.3073895633182628,3,0.008605137
2022-03-23,289.69125,287.3817,295.07666,293.5589,288.21814,300.02075,-1.4931264,-4.457902,0.7704773,-0.41801152,-2.0234547,1.8622131,-3900234.8,-833852.75,8712776.0,93563.07,-0.037430275,-0.050697044,-0.028361544,2451.5683185308594,1884.399855742464,80.19748391686016,0.5671684627883954,1709.4580556387343,3532.0782769092143,1619.6665480904717,2626.7746584736688,53.83047963028892,97.32925282345572,0.048210144745796,1.5561791790013784,3,0.0027028578
2022-03-24,291.0878,288.07336,297.4978,296.2582,290.58582,304.2495,0.5790174,-2.6478453,3.2696686,-2.071634,-4.741235,0.6734772,-4491890.5,-653721.3,9177347.0,93264.72,-0.04310835,-0.05806583,-0.033461813,2898.0014689202835,2059.269193126948,74.82162529230808,0.8387322757933359,1987.805958829637,4511.798421158434,1693.609876265418,3040.861921611252,48.01024448385305,98.43209287159972,0.035588878394587,2.0937477723265183,3,0.0010139773
2022-03-25,291.5182,288.62292,297.1371,297.23666,293.3114,303.7292,1.5247217,-0.77568054,4.033737,-1.9858441,-4.0399218,1.800107,-4497428.0,-324334.28,8039150.0,93102.82,-0.043161497,-0.059795402,-0.035601836,3034.3748208368943,2117.4363133144584,71.4152760689738,0.9169385075224356,2356.859774382498,4379.706435354056,1754.463086155604,2975.761559223729,49.10866123190204,93.15598541078236,0.1802084398876991,2.0501263407404866,3,0.006377735
2022-03-26,293.35825,291.79797,296.95886,296.09256,292.68652,302.29285,1.1154286,-1.2455139,3.7454834,-1.1354061,-2.8585205,2.4342422,-3165224.0,-608703.0,5901716.5,93066.586,-0.03037643,-0.04439196,-0.025740627,2816.83033673637,2366.6986620970843,85.27700985908847,0.450131674639286,2267.3215350707737,4032.4215359914906,2145.1445623610257,2944.0496179593056,64.97154337835092,97.29562853487364,0.0639675878047969,1.2671694564764795,3,0.049262315
2022-03-27,292.9296,290.83484,296.58044,294.4305,291.7058,299.57568,0.2863577,-1.3244028,1.4523053,-0.6275385,-1.9082336,1.4286817,-1564938.1,-103438.945,2584296.5,93320.5,-0.015018601,-0.032070443,-0.00939356,2533.0576799105133,2305.213474350233,91.2986608649334,0.2278442055602805,2132.809134390132,3440.696265443621,2019.2752171968816,2877.6953889275514,78.89935194158541,98.93624540334716,0.0246545361688226,0.6772111489149952,3,0.1371527
2022-03-28,292.8939,291.31738,296.0968,293.97354,291.86682,297.75134,-0.85983896,-2.652791,0.55047035,1.4123039,-0.21343344,3.536581,-2521173.8,-757956.2,4628115.5,93556.28,-0.024195526,-0.033692718,-0.0187826,2464.62937196849,2300.4123167279254,93.75328549036912,0.1642170552405643,2154.400194337916,3087.3621351292363,2081.5022025738385,2794.79903313709,73.54231512999206,99.74858281085628,0.0057185325297623,0.7727543139724881,3,0.22371688
2022-03-29,292.30338,290.7766,296.34766,294.40042,291.66968,298.92212,-1.3259875,-3.2652578,0.61408806,0.915759,-1.2175283,2.3879547,-3201429.8,-930634.2,5909615.5,93467.07,-0.030723894,-0.04114874,-0.025324319,2539.470473634198,2216.832955178721,88.60569051169908,0.322637518455477,2127.990012037264,3310.252373964377,2011.8780347642924,2837.530611269969,61.08374605110401,99.51142176791264,0.0108558821916481,1.288226220201335,3,0.03619449
2022-03-30,292.05838,289.39526,297.25806,296.26306,290.34314,303.40137,0.8498059,-2.5629282,4.4579163,-1.1947724,-3.1149044,0.92009735,-4059098.0,-642210.7,8260172.5,93127.87,-0.038954873,-0.05248703,-0.030234244,2892.172205570534,2185.843554028472,79.46700092523162,0.706328651542062,1957.554142695903,4298.227895967598,1843.231994283043,2997.456562880804,48.027728810303856,98.62461161237012,0.029340910056755,2.0612299971454013,3,0.0044051716
2022-03-31,291.83347,288.57812,295.6814,293.02414,289.5901,297.33167,-0.2100317,-2.8545551,2.053421,2.1561954,-1.1645279,6.575509,-2515073.2,-521628.62,3713254.0,93372.305,-0.02413698,-0.038593322,-0.018865688,2322.6723104117086,2156.589025088545,92.91978128016773,0.1660832853231637,1866.2381614874848,3010.7250961956543,1749.4313892421642,2725.2758715835184,78.7830080796377,98.94535946723444,0.0239026632362874,0.597682344265017,3,0.13404429
2022-04-01,289.2424,288.22583,292.526,290.38086,288.68738,294.18872,-2.2518778,-5.0063934,-0.83393097,2.5727785,1.2674751,4.269472,-2637344.8,-333619.16,2109566.2,93799.75,-0.025310408,-0.052099377,-0.017479742,1965.957438190168,1827.162492305125,93.1716305740661,0.1387949458850433,1761.7244716337168,2487.7991939028366,1710.3035427152963,2244.807961280334,75.71632524801487,99.57153520233544,0.0083926127675479,0.5633484388985999,4,0.1532402
2022-04-02,289.9948,288.9203,292.67407,291.1978,289.2433,294.92114,-2.0732038,-4.2875757,-0.9540558,2.4008949,1.3963718,3.613411,-2334025.8,-577793.1,2886999.2,93876.31,-0.02239948,-0.0349777,-0.017533181,2072.269760349061,1916.2170596614185,92.90781009777936,0.1560527006876428,1825.4589025775836,2601.9535205950583,1788.1852438467258,2265.568175242954,74.51134439757433,99.52065049355669,0.0088236416503903,0.6390826312301003,4,0.06272594
2022-04-03,291.36386,289.98785,295.47424,293.73914,290.3911,299.33777,-2.6232076,-5.22262,-0.9328613,0.8469164,-1.7110271,2.7014313,-3037909.8,-664901.56,5372091.0,93705.74,-0.0291546,-0.03840782,-0.021146283,2449.627826936193,2091.83085988672,87.17061697972025,0.3577969670494729,1963.502225266492,3392.7002763067853,1913.9940281278432,2691.175883568918,64.1309209395526,99.14020777253096,0.0171736323810787,1.141393112855733,4,0.024674036
2022-04-04,292.6231,291.083,296.71912,295.92593,291.57324,302.12372,-0.102327175,-3.435257,2.540619,-0.7506446,-3.9543476,2.1408823,-3741731.8,-797278.06,7775564.0,93471.03,-0.03590913,-0.04570573,-0.022059172,2819.2443327537094,2262.1934087972554,83.35675124499942,0.5570509239564538,2115.174935843784,3993.1557108778015,2051.0709497125736,2901.857392099684,55.11803681040583,99.26123019783108,0.0160260746031012,1.705845632583806,4,0.00893117
2022-04-05,292.7418,291.27283,295.81458,294.3779,291.54504,298.31567,-0.559958,-1.9095087,1.6200829,1.4415954,-2.5547028,4.4087,-2937328.2,-805240.94,5568547.0,93516.195,-0.02818933,-0.037736624,-0.022931512,2527.2967940314934,2277.132631791164,90.80552960410536,0.2501641622403295,2111.440567891331,3193.102402039024,2075.68676389077,2747.398084767005,72.56369167444318,99.59580505868712,0.009039557934559,0.849291485182709,4,0.05326982
2022-04-06,291.25452,290.02075,294.83582,293.2747,290.4546,297.5511,-1.1056312,-2.5613928,0.72058964,1.7647023,0.06253052,3.5691376,-2948233.0,-1009967.94,5615189.5,93544.836,-0.028293982,-0.036785025,-0.02416359,2365.841408634263,2075.7686148783155,88.8969621912965,0.2900727937559479,1971.39686089066,3050.5831564545206,1917.991412291988,2588.422535686589,65.69787929475508,99.43816815493636,0.0113198225224846,1.014485807304876,4,0.013710053
2022-04-07,290.23483,288.27747,293.5091,292.73553,289.4519,298.02722,-1.5345339,-3.3644495,-0.50454426,1.2896826,-0.4400215,3.5254345,-3371183.0,-1268373.0,6982100.5,93491.66,-0.032353003,-0.04201587,-0.02719184,2297.9918856408103,1947.6651744231249,86.8036747276795,0.3503267112176858,1849.894661535939,3138.665132537467,1715.9899153547055,2385.825494235695,55.62300008200859,99.51977292633482,0.0092447056442479,1.3928454232921768,4,0.0036928672
2022-04-08,291.41214,289.1952,295.6455,294.07657,289.57178,301.24292,-0.56099445,-2.4608917,2.5197601,0.018050395,-2.822112,2.8887653,-3516749.2,-1034217.94,7333042.5,93377.945,-0.033749994,-0.04460724,-0.026162118,2530.539425468471,2103.5541094970613,86.16248391672464,0.4269853159714099,1864.065235752512,3794.012649811094,1819.8657939989528,2719.341188396629,56.53939291683617,99.06682546008824,0.019194186330671,1.617556894537975,4,0.019121226
2022-04-09,293.04636,290.13464,296.101,295.0221,291.72266,300.25867,0.29228714,-1.8567352,3.3998413,-0.009328405,-2.1920748,3.0371008,-3238561.0,-940858.06,6454119.5,93275.23,-0.03108024,-0.04101489,-0.024433335,2641.642647256488,2321.3628388223374,89.33261229401431,0.3202798084341506,2135.0591600083053,3581.7918098709856,1931.8869370368027,2795.511746557194,54.63348545015172,99.31948426787814,0.0149644286065145,1.6041988922289887,4,0.04934567
2022-04-10,291.40695,288.1881,295.44452,293.96133,290.98633,298.7771,-0.61139834,-2.1891356,1.6391935,1.3516015,-0.4383666,3.3729067,-3545242.8,-1113421.4,7210540.5,93285.16,-0.034023438,-0.043358892,-0.027900655,2471.7539512019453,2098.554223554915,86.65024837706511,0.3731997276470304,2038.6323262665123,3281.901613150148,1706.1601489471625,2686.313723938424,54.01638393949842,99.61562782148184,0.0082134101063034,1.4649132827753388,4,0.01589059
2022-04-11,290.70993,287.6001,295.38696,293.98355,289.80017,300.26917,-1.1123686,-3.5913782,1.021225,0.12056672,-2.4163227,3.5555115,-3555829.2,-1073597.0,7225880.0,93242.68,-0.03412504,-0.0450642,-0.028536584,2501.0077207225545,2008.8979749348891,83.68567698835501,0.4921097457876652,1891.328615345885,3583.9994434877403,1642.700599406492,2676.920780825257,48.06733359468889,99.62429530277645,0.0078149091671907,1.7970966681132985,4,0.0016651206
2022-04-12,292.1983,289.72656,297.05066,295.72263,291.46448,302.2708,-0.061701592,-2.4239016,2.6746063,-0.95287544,-3.366334,2.3755798,-3527944.2,-515336.16,6902638.5,93096.43,-0.03385743,-0.04616576,-0.0277419,2778.0522136664736,2205.599167680268,82.35182994420069,0.5724530459862052,2100.802820684307,4027.287048689404,1882.50395123678,2960.346295318049,52.34992404199505,99.48977140490511,0.012393573196136,1.8934832428161408,4,0.02947962
2022-04-13,292.63303,290.28674,296.19006,295.05026,292.2621,300.69824,1.2976542,-1.5272942,4.119705,-0.19002227,-2.142293,2.8316064,-3117771.0,-414336.53,5495834.5,93092.19,-0.029921029,-0.04098365,-0.025738891,2636.193111003812,2263.1303688831345,86.80871371002364,0.3730627421206769,2208.2194617638447,3675.253610185872,1950.5819871713331,2810.619334698717,64.33130536536659,99.10732379048645,0.0200076944711936,1.0815063189699703,4,0.12123408
2022-04-14,291.21118,288.45807,295.0681,292.61636,288.95142,297.037,0.5191489,-1.0663128,2.6222458,2.1330693,0.09858239,6.562518,-2601168.8,-739189.3,4566802.5,93120.12,-0.024963232,-0.035281993,-0.021512663,2269.499171465394,2072.3933223759527,91.89080299691076,0.1971058490894408,1791.7480041569602,2957.9141372309814,1736.009776468418,2625.405492398556,68.513537658906,99.5817205987832,0.0087341576602038,0.9313425209011288,4,0.056682505
2022-04-15,285.48276,282.58545,291.10156,289.2673,286.7069,294.7096,-0.58752316,-2.1215572,1.7050352,3.6835444,1.7836151,5.595586,-4129136.8,-1033311.75,5830017.5,93421.84,-0.03962703,-0.072254784,-0.028762927,1837.6770584620049,1438.940890215521,79.36628845476841,0.3987361682464836,1550.2770617074216,2568.519829414564,1180.4793194607423,2053.4657680128357,55.10015605120556,98.48240754674,0.0261071839980961,1.0155937293500803,4,0.04397726
2022-04-16,285.3451,283.02954,289.9668,288.706,284.07886,295.15295,-0.3271908,-1.951787,1.9848242,2.1271174,-0.10277498,4.2928495,-3104315.0,-1103347.6,6086042.5,93635.12,-0.029791892,-0.04846748,-0.023688942,1783.0795373753888,1422.3134035811188,81.25812321410103,0.36076613379427,1304.3271348114397,2639.0271154988764,1216.1754767438558,1911.439249604663,56.8550921579893,96.84529034756896,0.0484418361051875,0.986417189273536,4,0.008447126
2022-04-17,286.70892,285.01465,290.09436,289.11676,286.50244,294.55432,-1.3259705,-3.1248932,0.5180836,1.9041575,-0.32261658,3.7771635,-2633542.5,-913890.94,4929862.5,93755.914,-0.02527392,-0.040501896,-0.01953697,1822.445202419004,1552.4540676947245,86.27663908416515,0.2699911347242796,1529.7750364648507,2544.220120692892,1387.6432651199525,1926.962045201819,63.12078549360639,98.56726459637424,0.0231949052805102,0.8250178625151523,4,0.0296891
2022-04-18,286.53806,283.8938,290.7173,289.16467,284.27808,295.48352,-1.596728,-4.1120872,0.4104843,1.4198141,-0.4351654,2.823288,-2543158.2,-897243.7,5997300.0,93732.9,-0.024406508,-0.0353401,-0.019684741,1843.1191057158176,1538.0751634962037,85.48881131944955,0.3050439422196145,1321.6849888513557,2692.695014379294,1288.383389756822,2004.3657712051595,56.64585015721134,99.51949803017358,0.006450618040161,1.0789767046965435,4,0.005664364
2022-04-19,288.02692,285.9524,291.90088,290.56522,286.37195,297.04358,-1.4459277,-2.6557617,0.08469963,1.0438088,-0.715481,2.9013066,-2749614.8,-940851.25,7012203.5,93672.695,-0.026387854,-0.03610753,-0.020944681,2015.7387018423133,1692.505556448584,86.12539948612306,0.3232331453937294,1516.8155799906672,2959.0865664237144,1475.8014230115373,2158.991723882704,59.426409608309655,99.43970657729658,0.0088667420110066,1.1093586609239856,4,0.0052536577
2022-04-20,288.62408,286.739,292.03296,291.15964,287.06604,296.75232,-0.9778953,-2.2071524,0.9585657,1.1187259,-1.2263489,2.9627762,-2958509.0,-1152379.9,7186506.5,93671.46,-0.028392598,-0.03662424,-0.023372488,2085.961320171244,1757.3873828948883,86.37645190298282,0.3285739372763558,1586.8731760857352,2907.668947116976,1553.5180570260309,2176.8796523920096,56.47372857518813,99.63568481569718,0.0062388222685497,1.2385742739217536,4,0.001832255
2022-04-21,288.18375,284.24023,292.667,291.50436,286.77588,298.0409,-0.43354163,-1.9392853,2.4126892,0.37574342,-1.3616829,2.2325578,-3064972.0,-1036622.2,7415553.5,93465.91,-0.029414317,-0.0384396,-0.022741355,2146.759267457719,1710.6413813167128,83.20236455891835,0.436117886141006,1557.247010793879,3141.2268645345075,1318.3722712407607,2264.571697385154,43.04208124567271,99.61560659784968,0.0069619465751634,1.7891774453906677,4,0.0005695796
2022-04-22,288.18192,284.489,294.11157,293.251,286.6339,301.83887,0.54682225,-1.990921,3.7352905,-1.163518,-3.3597584,1.6183977,-3296396.8,-608987.6,7259110.0,93061.84,-0.031635284,-0.044456664,-0.024669062,2431.512463422174,1711.9745860258531,76.20063000285116,0.7195378773963205,1542.9299435959765,3927.777258135394,1340.285486607883,2476.034503302122,38.56701823414545,99.7501076183451,0.0041917017036096,2.1794410677784515,4,9.07415e-05
2022-04-23,287.01266,283.08105,293.9812,295.09836,290.0349,302.9569,2.5781693,-0.9909973,7.558239,-2.9931476,-5.88099,1.0193663,-4181503.2,232657.23,7066440.5,92943.62,-0.040129587,-0.05827513,-0.033937775,2674.9290837742296,1592.5457136776452,61.40371622136242,1.082383370096584,1919.7142501813069,4189.8727360377325,1220.377142892552,2456.2644992371306,42.18176259901527,93.25775875197532,0.1722609228435535,2.215783955277423,4,1.6329725e-05
2022-04-24,289.41812,286.45862,294.36755,292.9708,287.15234,298.43494,-0.45851043,-3.427536,2.545288,0.6584572,-2.0018768,2.699479,-2772014.0,-628444.3,6656315.5,93598.27,-0.026602823,-0.034953084,-0.020478489,2333.6769941378384,1853.3660566727228,80.95030715501099,0.4803109374651157,1595.7801679837528,3215.8501150521406,1525.4120616195107,2515.258839599169,51.04110700820232,99.18714981718584,0.0167331608003912,1.57444461660498,4,0.0037131752
2022-04-25,290.51117,288.6223,294.61987,293.70737,289.86206,299.91895,-2.0267816,-4.1897097,-0.42486572,0.26521364,-1.7048035,2.1081197,-2957389.8,-934884.2,6542782.5,93730.97,-0.028381858,-0.038549654,-0.022061475,2454.4087014379147,1982.264447693469,83.67638762322811,0.4721442537444459,1898.776468082005,3510.990195140449,1754.394449014547,2554.45403488024,49.96865133496525,99.40000300348706,0.0133658814693949,1.7565957461259023,4,0.0039165644
2022-04-26,291.05783,285.89868,296.4983,294.57874,288.78772,301.37683,-0.55453753,-2.4260244,0.83872986,0.055273216,-1.6328201,1.9575531,-2875660.0,-805010.25,6941982.5,93560.02,-0.027597506,-0.036071915,-0.0178166,2608.7612611563272,2058.6459838336145,83.26510910328209,0.5501152773227128,1773.0817252098432,3823.7182307288094,1470.622010511754,2863.464351182611,39.92039357981015,99.83131127970144,0.0032242076329505,2.2859354153017675,4,0.0011613788
2022-04-27,289.81528,286.13892,296.75928,295.19098,287.78003,302.445,-0.26515365,-2.3038998,1.5201263,-1.1051017,-3.2210512,1.3358374,-3166007.0,-531808.06,7561267.5,93427.59,-0.03038394,-0.042360224,-0.021527613,2728.262720916951,1908.8894214069492,75.02220444944719,0.8193732995100015,1661.8949497361818,4068.035616269961,1493.913075907439,2908.8881003503,38.88033488837244,99.897555762891,0.0023034509765211,2.4454974142762165,4,0.0001268002
2022-04-28,289.48703,285.2527,296.09766,296.21555,289.4214,304.81445,0.76517177,-1.7338657,2.4042053,-1.8326555,-4.6536236,1.1479826,-3544794.8,-484140.5,7577151.5,93531.38,-0.03401914,-0.048741918,-0.0274532,2889.4294162387,1865.78740236048,68.67283587811293,1.0236420138782192,1846.3022371978795,4659.137947300386,1409.570172732322,2794.943628786825,37.05961455139012,95.9071553219613,0.0965733389186725,2.624281574921299,4,1.115317e-05
2022-04-29,290.8265,287.2245,296.0598,293.20956,289.88257,299.10327,0.2417209,-1.7605801,3.0428479,1.5868378,-2.296646,4.525222,-1755719.6,-514904.12,3542731.2,93746.91,-0.016849518,-0.033966128,-0.01310975,2352.850053754591,2029.025669413372,86.75445308282131,0.3238243843412189,1901.2500739568288,3345.9676560138464,1603.259486618782,2788.546383309656,59.717391510883566,99.5319215414256,0.0096104290824441,1.1961235845709606,4,0.086271584
2022-04-30,290.23895,289.0891,293.9497,291.3823,290.15833,295.21277,-1.8986984,-4.305954,-0.14596748,1.3827882,-0.56102353,3.057088,-1715787.0,-299317.6,1860406.1,93791.94,-0.016466286,-0.03122768,-0.011549365,2092.732559941572,1946.685998805916,93.19990919617231,0.1460465611356562,1934.7873351189376,2648.668034273539,1807.5829476667327,2451.5094073885,80.43116706654311,99.5258485662838,0.0095966505433575,0.5128358855838852,4,0.12928936
2022-05-01,289.88303,287.45288,294.5531,294.01242,289.88293,300.354,0.52993095,-2.5621948,3.5345917,-1.1415828,-3.36063,0.6491852,-2257277.2,-201059.64,4222998.0,93421.73,-0.021662928,-0.029984588,-0.015833907,2504.52026413702,1905.349881686262,79.06994827591569,0.599170382450758,1901.2942712117583,3601.8838791185917,1627.141478317177,2544.0298863605185,49.13980105399842,98.9464482809734,0.0202761128606086,1.7359092324173468,5,0.007248509
2022-05-02,290.272,287.4967,295.25122,294.01782,289.6903,299.5559,0.08856688,-2.0172205,1.7153977,-0.14009792,-1.8227386,2.570137,-2451794.0,-446665.34,5467852.5,93441.69,-0.023529692,-0.034145422,-0.01926816,2484.76882094376,1957.418037835114,79.94855089489288,0.5273507831086456,1878.1707901423888,3436.6843671839392,1631.759479028961,2654.8820515717853,47.885264257683,99.23226550389326,0.0167574203849385,1.776712003990207,5,0.008242398
2022-05-03,289.95944,284.77344,295.37158,294.92676,289.57642,301.40106,0.47466922,-2.1487532,4.292206,-1.1403035,-4.302658,3.4610214,-3196870.0,-311244.94,6477842.0,93283.375,-0.030680133,-0.041250043,-0.022014378,2659.2486625842635,1926.312038956197,76.81528298964197,0.7329366236280666,1864.6154998700051,3829.115044775698,1365.7310832449043,2674.4155611596893,37.96739407222575,99.62293048446304,0.0080029899498163,2.283592643436396,5,0.0028668263
2022-05-04,288.79742,281.69702,295.06592,291.86694,288.14868,296.22925,1.4768122,-2.348568,4.2252016,-2.5548286,-5.179558,1.4078503,-2161539.2,206629.58,2769493.2,93037.875,-0.020744137,-0.036229447,-0.013735898,2161.6218155547426,1790.263848870656,82.78740919308214,0.3713579666840863,1701.8384684342534,2817.2897092173525,1111.8301984757825,2625.053522218742,57.812725999550686,99.45401090350308,0.0121513580479568,0.971921043318971,5,0.05021876
2022-05-05,284.864,280.82654,290.96143,288.9409,285.17798,294.90186,2.9722369,-0.13744819,5.6413,-1.2470282,-5.3151026,3.550804,-2629904.5,457252.28,2711501.2,93438.27,-0.025239008,-0.06783489,-0.014589309,1804.2889237005356,1388.3869324377029,76.9996336153496,0.4159019912628324,1402.6558658331594,2598.88960458625,1048.0095452097808,2035.4391875799497,58.50647958504932,97.6732928377904,0.0404265277781266,0.8087339310736156,5,0.015084568
2022-05-06,286.69296,284.42358,290.81128,289.36548,286.7323,295.03326,-0.7535465,-3.3559198,2.2790587,2.01562,-0.22187805,3.6915922,-2546559.5,-902358.56,5539314.5,93935.44,-0.02443915,-0.03492219,-0.01963452,1853.3344198041543,1552.0857696045905,85.36701723504204,0.3012486501995639,1552.8397895973628,2619.8277253607685,1334.4913627914425,2016.2793550429892,56.68471817504905,99.56303609522158,0.0068746375110238,1.0240054731345818,5,0.006655976
2022-05-07,285.88068,284.74475,289.0564,288.22977,284.9049,293.94604,-1.4458882,-3.4984646,0.931447,1.7829728,-0.45196533,2.9368591,-2013595.9,-998008.8,4867576.5,94034.24,-0.019324336,-0.030412354,-0.014002411,1726.5090924558172,1470.2826676418754,86.65458340729528,0.256226424813942,1377.6360038620533,2450.957013914148,1363.145525130525,1803.809644728526,64.7301541376797,99.75861614400404,0.0034187432361161,0.8187158470099976,5,0.0008835467
2022-05-08,286.76697,284.3479,291.21826,289.37973,284.938,295.01392,-1.8080889,-4.3509827,-0.26999187,1.4741096,0.2632141,2.9890347,-2140939.0,-786045.56,5306123.0,93931.84,-0.02054644,-0.029554276,-0.01701881,1864.7464285335616,1561.8829595772406,85.31124334244357,0.3028634689563209,1380.6459370005866,2616.735621701528,1327.8167483133695,2068.5842806523424,57.18186137197316,97.36349374644958,0.0382037994983286,1.1204374860291202,5,0.0047570504
2022-05-09,288.00662,286.07507,291.29102,290.66922,287.8722,295.98425,-2.0350962,-3.7456512,-0.6879883,0.996453,-1.2391357,2.7467852,-2358747.8,-878551.5,5386791.5,93882.04,-0.022636734,-0.029803105,-0.018808527,2015.938906876472,1689.090183546892,85.42506339568648,0.3268487233295795,1671.8027148669023,2775.8108872371536,1487.6919586406848,2078.059011999592,57.10626538582893,98.6724359025739,0.0227672865287984,1.141746068615945,5,0.0035655242
2022-05-10,286.8062,284.06897,291.46948,290.0573,284.2616,296.68176,-1.1699253,-2.770874,1.3693542,0.30592135,-1.7184124,2.2354112,-2368209.2,-818242.75,6686207.5,93659.81,-0.022727534,-0.031597465,-0.017500242,1962.6727894743135,1566.7082212688476,83.25981213752402,0.3959645682054662,1320.24145309585,2895.331550889193,1303.4708822666012,2101.462277006128,46.435948217299554,99.94264621198408,0.0007693134605185,1.51408696496649,5,0.00028904728
2022-05-11,288.07678,286.23962,292.74658,291.20816,286.85986,298.59332,1.1955805,-1.548789,4.68277,-1.5353781,-4.397547,1.7576208,-2453501.8,-572430.3,4961040.5,93323.23,-0.02354608,-0.033265788,-0.019621063,2106.3799576961237,1697.4858252207275,83.59172439921912,0.4088941324753957,1565.7715420649106,3246.279164949578,1503.7730700411507,2275.795650383967,56.02463696954237,99.7460905519254,0.0043566161667513,1.3119375708330547,5,0.032340515
2022-05-12,288.69135,285.0553,292.3158,290.62833,288.32117,294.79187,-0.012042642,-1.8407965,2.5175018,1.3009009,-1.3054447,3.513728,-1995638.6,-455739.97,3597439.0,93422.56,-0.019152002,-0.027001541,-0.015518254,2000.1269249622471,1764.7834819582406,88.91733570844913,0.2353434430040063,1720.815479503649,2581.477877566157,1391.3662922009387,2215.6230672736947,53.93547990025974,99.33720207398736,0.0119651259924626,1.1883202050248662,5,0.071636945
2022-05-13,287.5341,284.88892,291.516,290.38138,287.61072,295.43323,-1.2670034,-2.4354486,-0.1958561,1.0211459,-0.69523615,2.9799216,-2420983.0,-941789.3,5400679.5,93664.44,-0.023234002,-0.030262575,-0.018719543,1980.980715578338,1639.4597577630204,84.61238539534685,0.3415209578153172,1643.82806845263,2684.468720440919,1376.1830916416525,2107.5990925580554,51.26463501558764,98.1927688590619,0.0314491249279133,1.3082856287992664,5,0.014023013
2022-05-14,288.18497,286.47217,292.4021,291.18115,286.94507,297.29395,-1.889012,-4.2808685,-0.61924744,0.2164396,-1.7042694,1.9511108,-2531011.0,-888053.8,6096955.5,93652.125,-0.024289932,-0.032769136,-0.01892496,2095.302213897548,1709.6646760275796,84.13045006542598,0.3856375378699685,1574.461919736067,3003.919390338726,1526.7598880665469,2227.5649418203834,51.27814345864967,99.38381523483932,0.0102929651093234,1.4549363333282237,5,0.00437321
2022-05-15,289.4955,287.97998,293.10962,291.62576,288.54224,298.72034,0.92630106,-3.0531769,4.8176727,-1.3979915,-4.3074455,1.1099215,-2371631.0,-448419.53,4631007.5,93223.18,-0.022760373,-0.030495698,-0.01798472,2140.7841399357844,1857.2600293933256,88.11219273809449,0.2835241105424587,1745.4097062229876,3270.862687117852,1683.4560952110462,2327.6134295762427,64.09138672492136,99.63796133443871,0.0067666375809712,1.1235807121600094,5,0.12463101
2022-05-16,287.591,284.64966,292.06262,290.4587,287.44116,294.8924,2.0660706,-0.8070748,4.400298,-0.33739683,-2.0972147,3.0358086,-2345597.2,-323036.1,4780853.5,93303.06,-0.02251053,-0.032565102,-0.019360794,1982.997302581088,1646.135766771907,84.12966780441414,0.3368615358091812,1625.9085314675503,2597.387890550796,1354.605492925749,2180.9148380329007,55.70174035679568,98.48983583310428,0.0246298015527752,1.0807418262931807,5,0.026776051
2022-05-17,280.78235,272.89832,290.6305,287.65155,283.89172,293.69238,2.7740405,-0.757721,5.5523987,-1.2989858,-3.5408907,2.027688,-3183783.0,-837745.5,6549438.0,93293.62,-0.030554539,-0.04667752,-0.022638353,1658.0258279061588,1099.4192239915214,67.48298425634184,0.5586066039146375,1288.205579516014,2412.959146462002,599.8789824960716,1993.4199958118825,32.44840033619345,99.45884809616024,0.0085930407096748,1.479305006944263,5,0.009052639
2022-05-18,276.33307,273.71887,280.9713,284.0477,279.71423,292.24512,6.358421,4.1846094,9.506411,-3.0813234,-5.6342993,-1.5000305,-3894572.8,-185113.8,5839161.5,93051.414,-0.03737594,-0.10240532,-0.019105064,1316.5075802962165,769.905717159815,59.360440978474514,0.5466018631364015,971.1791773011807,2205.88511269681,636.6094829750059,1058.3942238662328,43.52978392251015,72.32733800154806,0.2857123654792911,1.2381646690607793,5,0.00035781084
2022-05-19,280.03864,277.3667,285.06885,284.74838,280.93604,291.2384,3.3627138,0.091065705,7.716525,0.07340484,-3.2512016,3.8761287,-2489957.8,-283948.9,3806004.0,93298.48,-0.023895945,-0.06282176,-0.012983695,1376.7128836486663,996.7589712528994,73.28769273052161,0.3799539123957673,1055.8553885467957,2071.203513943716,825.157540595342,1392.6092552420057,58.11102613976804,87.83926080182181,0.1295418892756371,0.795940531450254,5,0.002585728
2022-05-20,281.72772,278.3911,287.45642,285.0913,279.23193,292.2821,0.12715417,-1.946701,3.2185936,0.42741385,-1.1548872,1.990627,-1476351.9,-516041.34,3795498.0,93800.78,-0.014168443,-0.028414384,-0.009681142,1417.002741862361,1119.0002101695668,80.78127264813885,0.298002531692794,939.4422587316157,2210.9764454287947,886.2998579334977,1627.5140927590285,56.986527498041184,97.37391892056516,0.0351055053291956,0.7865945367966749,5,0.004107713
2022-05-21,282.24905,278.521,288.86304,285.69308,278.64795,294.281,-0.6350997,-2.375,0.76559544,-0.3077719,-2.9112873,1.8311262,-2037285.1,-957254.3,5963978.0,94017.12,-0.01955168,-0.029671231,-0.015992474,1504.0178758060504,1162.060356074035,82.45841902660779,0.341957519732015,902.2433783816022,2501.9364967150927,894.3311432677525,1781.6488180224412,42.92160774472544,99.97445921881908,0.0002902639343344,1.251024718640931,5,0.0004475249
2022-05-22,283.9763,279.59692,290.04028,287.48035,282.61548,294.87927,-0.9447859,-2.4662228,0.6152916,-0.47835577,-2.9931536,1.7389889,-2183148.2,-1014530.8,6235276.5,93991.24,-0.020951517,-0.028680475,-0.01502334,1672.194334772145,1302.7174708351065,82.55584734853713,0.3694768639370391,1182.8636073188488,2595.306126867428,963.3738901268102,1920.368096024147,40.09360378518244,99.9475059425718,0.0007057165121786,1.4732064278764556,5,0.00020821347
2022-05-23,284.6556,281.13013,291.40454,288.40872,282.01562,295.669,-0.646355,-2.2326508,1.2548981,-0.6421866,-2.927308,1.6588669,-2059548.0,-756277.8,5724449.5,93847.555,-0.019765334,-0.027536966,-0.013420887,1784.5521388451386,1364.4287045303454,81.50108774028672,0.4201234343147932,1136.032369430864,2723.2257117820404,1069.890242369952,2092.9195340672904,40.381538815733,99.93313041470128,0.00091689522428,1.5869191903090587,5,0.0002062271
2022-05-24,284.61145,279.9414,292.34912,289.16196,282.1277,296.39575,-1.1717871,-2.2122126,1.1702795,-0.43288133,-2.0360918,1.8445585,-2111271.0,-567935.1,6288451.5,93926.21,-0.020261718,-0.028709019,-0.013253543,1874.0128012951104,1368.5533610863115,77.40548745965485,0.505459440208799,1144.654694061369,2845.7884707380763,986.4533145302036,2220.2276108170186,36.73865590889662,99.727085399661,0.0042247203088168,1.7653634638009237,5,3.071521e-05
2022-05-25,284.69907,280.68457,291.49414,289.52823,282.12695,297.13098,-0.708276,-2.3548737,1.1655769,-1.0104742,-2.6587458,1.449316,-2210513.0,-557358.8,6362046.5,94083.72,-0.021214137,-0.029709598,-0.013327615,1917.6714878623932,1370.6402220678665,76.47300999620349,0.547031265794527,1144.598152059515,2974.67060946987,1037.9137247482938,2104.7139599760126,38.61727008655596,99.92251811623105,0.0012432284064275,1.702396183317444,5,7.417632e-05
2022-05-26,284.2924,281.17554,291.37915,290.18735,283.8994,299.34497,0.050246015,-2.0343628,1.7505035,-1.4338212,-3.403366,1.0179291,-2278372.0,-486821.84,6423189.5,94052.47,-0.021865373,-0.031952154,-0.015108254,2003.63426612737,1331.8136399554871,71.0018615074474,0.6718206261718828,1288.8646318281956,3394.144570109998,1073.1975443561753,2089.587814579061,39.70646257069679,95.06412530294622,0.0799422739345304,1.722640219139132,5,1.1483218e-05
2022-05-27,284.58395,280.76,292.44604,290.74277,283.53955,299.5431,-0.12702335,-1.9562864,1.816803,-1.7340006,-4.0196075,0.9575043,-2267170.8,-460753.9,6235145.5,93831.56,-0.021757875,-0.03104866,-0.015152085,2069.905419993344,1356.6198002153194,69.87242327066708,0.7132856197780248,1258.341647495263,3434.0862475501444,1043.2677410515812,2233.667344092404,36.56288110932934,91.15866730283057,0.1159966354002378,1.8409110323460405,5,6.470377e-07
2022-05-28,283.88852,280.42944,291.22705,291.02454,283.92725,301.0973,0.47062162,-1.6281738,1.5945282,-2.0297432,-3.7473755,0.09286308,-2404393.0,-259617.7,6187947.5,93573.75,-0.023074787,-0.03464134,-0.016734049,2116.5716714035407,1295.276819104011,65.78520666321107,0.8212948522995295,1291.2522584738942,3761.936470728976,1019.9864216214806,2069.7268609293933,34.82098564688788,89.15151928423094,0.1711502594274736,2.1352574438473337,5,2.2049926e-06
2022-05-29,283.3602,280.23254,289.31274,291.61075,284.1997,302.41064,1.1700763,-1.2893515,3.59729,-3.229983,-5.8369265,-1.4326267,-2713561.2,29596.705,6312712.0,93268.9,-0.026041856,-0.040414292,-0.018424993,2210.0515893646525,1248.598139799344,61.02979173108397,0.9614534495653084,1314.8325749462208,4059.968896042421,1006.3381913639636,1833.562926270244,35.15446986160388,85.21926814515552,0.2156096124889391,2.4838087897510133,5,4.2966494e-06
2022-05-30,285.33212,281.53516,292.82898,293.31937,288.0608,299.15735,1.5014167,-1.2302551,4.388321,-2.212612,-4.319808,1.7481108,-2431975.5,652544.3,4878986.5,93136.84,-0.023339495,-0.033978913,-0.017015623,2395.098761003388,1433.083124660017,61.15614877313249,0.9620156363433712,1692.23963545186,3356.6943894247843,1099.7096041314533,2287.46693238057,40.1714991446473,89.70993963160353,0.2239066367775285,1.952671665336276,5,0.002648274
2022-05-31,288.49747,286.73157,292.3236,289.61584,287.20117,294.17157,-0.33038825,-2.3553152,2.5231361,1.6900339,-2.0289545,4.091468,-1019383.94,-15809.215,1228008.4,93448.91,-0.009782954,-0.014950388,-0.006735575,1876.04037644624,1743.0401730477215,93.43613563405108,0.1330002033985181,1600.8389460540373,2485.17955626122,1552.7658125576097,2216.7017680104987,64.35464123619207,99.51825157695214,0.0090299719875308,0.8657658254326143,5,0.1867361
2022-06-01,289.03268,286.8872,292.64246,289.8462,287.21704,295.07312,-1.0735003,-2.9679546,1.0150452,0.86333007,-0.26516038,1.9439999,-1063012.1,-256101.8,1621203.5,93505.164,-0.010201652,-0.014137655,-0.007418038,1909.6155048869805,1805.9553483062248,95.17784164041228,0.1036601565807559,1602.4860845984024,2626.207356633689,1568.5558195095325,2261.121361126862,75.10806133334223,99.67840999213648,0.0061825730317978,0.6519631663710991,6,0.16957486
2022-06-02,289.39468,286.41248,292.4591,291.11337,288.08496,298.86157,0.17133875,-1.7787247,4.37014,-0.2522941,-3.6335945,4.604843,-1688781.4,-580555.06,4219756.5,93361.04,-0.016207114,-0.021211991,-0.0070253443,2087.4923304620647,1846.2513956293235,91.0834838316239,0.2412409348327412,1694.8745556379797,3298.3897564040226,1520.8300198197194,2235.483939436191,47.30912898549381,99.81968241859111,0.0032050065564887,1.721042460775093,6,0.021138228
2022-06-03,287.46176,285.88495,290.02304,288.48706,286.8805,291.5661,-0.106693126,-1.8798246,3.0545704,2.0175393,-1.9716349,4.0569143,-1255926.4,-422285.6,1940430.4,93738.59,-0.012053036,-0.019118583,-0.007288577,1741.9342933015366,1630.2259736753897,93.78335769281551,0.1117083196261472,1567.8717766624138,2114.2286714245915,1469.3003011672909,1918.2697961624249,75.59619903737006,99.4910506693679,0.0083125787402641,0.4743163354852479,6,0.03555095
2022-06-04,286.21735,284.10095,289.4878,288.21194,285.83936,292.89502,-2.0143673,-4.271805,-0.6126032,1.3830522,0.1406008,2.4450626,-1752219.1,-598105.25,3533283.2,93983.945,-0.016815923,-0.022733366,-0.013249265,1718.1649976653557,1503.7767797239514,88.58642441914719,0.2143882179414038,1464.919724225963,2296.859126218011,1306.2422811932568,1854.127211961999,59.321740465022245,99.54174485571346,0.0067831142989807,0.9009753376115824,6,0.03602052
2022-06-05,285.9944,284.07947,289.42517,288.8983,285.18555,294.70825,-2.0669417,-3.8672638,-0.3731079,0.18451838,-1.4447174,1.5584412,-2146553.0,-721872.44,5518647.5,93885.74,-0.020600317,-0.029489748,-0.014382213,1812.99252618098,1482.9247075277,84.18125792047603,0.3300678186532803,1403.3549721090185,2568.3088215892326,1304.3800061493284,1846.747364530312,57.94916991465917,98.97381912859258,0.0153028789750333,1.0541142778958927,6,0.0033120974
2022-06-06,286.34903,283.9784,291.7102,290.25308,284.2296,297.36163,0.5082227,-2.2299194,2.8953705,-1.124927,-2.6014862,1.4112396,-2109702.2,-525503.56,5502756.0,93539.02,-0.020246662,-0.02795828,-0.012330679,2011.472504117032,1519.598529968096,80.61770714075868,0.4918739741489357,1317.443889116872,3016.141834961468,1295.6502140757575,2133.3958968219936,45.81948916677717,99.69249625490627,0.0044976672545967,1.6078261206540705,6,9.070074e-05
2022-06-07,286.9835,283.60645,292.4823,291.00064,285.54968,298.2079,0.71765924,-1.4421844,2.934082,-0.9624381,-3.971198,2.714346,-2008207.5,-241559.86,5152787.5,93283.875,-0.019272625,-0.02746122,-0.012534046,2082.023685313796,1588.7722700890738,79.07253770097775,0.4932514152247217,1437.3557833504165,3172.664536459424,1263.9668200824872,2238.712864605185,42.21112563720287,99.50500899605926,0.0092668786360018,1.753569046923145,6,0.008964658
2022-06-08,288.62027,286.34924,291.9712,289.81195,286.55054,293.4154,0.26799175,-1.2062073,2.363081,0.50483996,-1.7744598,3.2585602,-1160411.5,-258564.25,2676098.8,93358.9,-0.011136386,-0.016157618,-0.008519785,1898.8531346010288,1756.8081950114984,92.92806741284618,0.1420449395895305,1534.5760113017143,2372.059613141308,1514.5706060277948,2168.498190806445,76.98979867517944,99.79975783400734,0.0036114523613418,0.493783320639317,6,0.09906305
2022-06-09,287.77545,286.03955,291.46155,289.7693,286.18677,295.14496,-0.18262392,-1.4361115,1.5630856,0.51559544,-0.6276195,2.561985,-1386004.8,-466250.88,3549343.0,93550.31,-0.013301389,-0.018879866,-0.009436285,1905.199196552052,1664.0105004525242,88.89047126034444,0.2411886960995272,1498.5909464887652,2637.740713236399,1484.2403820812754,2100.4168817835816,63.63460294280994,99.76813432394488,0.0035681829387287,0.905210336150736,6,0.0075500654
2022-06-10,289.07904,287.69208,292.40845,290.48633,288.24487,295.22925,1.3502917,-0.93711567,4.3308544,-0.4276311,-2.429449,3.6089463,-1487540.5,-256120.02,3061897.2,93441.1,-0.014275821,-0.019828495,-0.010040213,1984.6871808675285,1808.5549697061715,91.7654836525965,0.1761322111613571,1712.398712815041,2651.329622274176,1652.4881279543577,2228.4454949215838,75.58017363546854,99.4992411992344,0.0086830791067918,0.604994980443404,6,0.11836981
2022-06-11,286.34305,283.67822,290.46564,288.08115,285.49402,291.7323,-0.6396312,-1.9074745,0.96442586,1.4965339,-0.5013172,3.5650368,-1703429.1,-545660.7,2860261.2,93603.914,-0.01634769,-0.021882854,-0.013552261,1699.431368209939,1517.867269282733,89.89423487612004,0.1815640989272053,1432.1116886516031,2136.348155797812,1270.0272346328509,1972.773676073263,59.61317524112391,99.36931927679974,0.0100058168132079,0.8604199852909885,6,0.035937723
2022-06-12,280.9525,274.84473,287.15234,286.51544,281.11462,292.12897,1.189488,-0.5657757,3.2842083,0.2640966,-1.3835077,3.4011774,-2234868.8,-611234.56,5346364.0,93615.26,-0.021447876,-0.03109942,-0.01745544,1548.9398899811304,1083.1369025296597,73.04855874006019,0.4658029874514706,1068.7631986291335,2189.9638078385515,690.245586330477,1595.7801679837528,34.82840426757156,99.06324170353238,0.0131994934509921,1.3129747423395193,6,0.002404546
2022-06-13,279.28397,273.7058,285.64624,284.82025,278.53394,291.34436,-0.5148038,-2.315218,1.7680931,1.5871983,-1.2080851,3.2173424,-2105473.8,-938198.3,5867498.0,93929.695,-0.02020608,-0.034856003,-0.0157503,1391.4441474276107,958.4833679847316,69.65236815787414,0.432960779442879,895.1347655204665,2085.030280244566,636.0095452317689,1446.4925708885055,48.5785259772422,96.63794379585777,0.0421287542989514,0.8414332362497295,6,2.4015624e-05
2022-06-14,283.64658,281.2577,287.761,285.45322,281.28784,291.58008,-1.4164633,-3.6420994,1.3127489,0.6888452,-1.4471626,2.0687456,-1447083.1,-879409.0,4154980.0,93999.04,-0.013887554,-0.022831561,-0.010677528,1448.8760743763878,1271.521753303604,89.57817444485049,0.1773543210727837,1081.415684802179,2116.081109914201,1079.203855889716,1659.8542335586374,61.49130509915815,99.89965987374708,0.0011541294347803,0.733124527328885,6,0.00076888927
2022-06-15,284.65646,282.36218,288.7213,287.44656,282.75537,293.96472,-1.3543172,-2.8785248,-0.10447693,-0.06402009,-1.9849596,1.5011885,-1770223.9,-719260.5,5247112.5,93917.445,-0.016988711,-0.024591995,-0.0119398525,1660.893628641041,1359.2738882327917,85.09221024427193,0.3016197404082496,1194.0269795750253,2453.775362080773,1162.884769160375,1765.5583099973048,48.54373673927055,99.96673503361195,0.0004304349425879,1.2626211101392,6,0.0010016845
2022-06-16,285.01337,281.08093,290.01013,288.8353,281.75464,296.78802,-0.4065074,-2.1732483,0.77999306,-0.3534968,-1.9956093,1.6725199,-1898831.6,-475573.12,5805234.5,93698.43,-0.01822295,-0.026056392,-0.011792547,1848.958430050031,1395.3418422731295,81.07654681180036,0.4536165877769014,1116.1729830094253,2913.92987370553,1066.3174885098915,1916.7001755530189,43.6787311085826,100.00241389201784,-3.3541253362500355e-05,1.6366544689803857,6,0.00019047812
2022-06-17,283.68283,280.03735,289.1405,290.26523,281.95605,299.94458,1.099309,-1.8285027,3.606964,-2.46894,-4.7614784,0.07882595,-2356764.2,-75102.31,5977905.5,93237.68,-0.022617698,-0.032866452,-0.016534116,2032.9932816888395,1277.6516525892969,69.26457131471774,0.7553416290995423,1131.4721962877834,3516.289750838201,992.9678779084368,1813.5244244788416,37.61209125371848,97.37129392087736,0.0401522346853034,2.024313847203368,6,1.22827105e-05
2022-06-18,285.433,279.79224,290.94812,289.34158,285.90723,294.1902,0.6791851,-2.2086678,2.9975653,-0.43499318,-4.858054,4.473487,-1989276.9,963060.0,2499466.8,93444.29,-0.019090949,-0.028194482,-0.013736395,1846.954300369007,1446.1709698943157,79.53887639244917,0.400783330474691,1471.4449357226413,2488.0230473681377,976.4000403352096,2033.734850848023,46.3814150662893,97.62016935619616,0.0418534722623812,1.2089088306139235,6,0.08438877
2022-06-19,285.44217,284.3579,288.1045,287.0418,285.1953,291.46875,-2.094773,-3.7841425,-0.89411926,1.0669402,-0.65548706,2.404393,-1552181.6,-302136.78,1934547.9,93940.48,-0.014896177,-0.022695122,-0.010813259,1589.6906668735555,1428.2345094247437,90.3616262038769,0.1614561574488121,1404.2574982671338,2101.365759851958,1328.6978282207967,1697.0064195721825,71.94677671381908,98.68328319510792,0.0189583868372735,0.5443544563018547,6,0.030352388
2022-06-20,286.44202,284.3927,290.0504,288.2635,284.51807,294.0163,-0.3122898,-2.9259338,1.9508321,-0.54945135,-2.8340006,1.5897598,-1475102.5,-361488.38,3538156.8,93830.15,-0.014156453,-0.02047691,-0.009734248,1739.794454201591,1527.8494926319336,89.61486354148782,0.2119449615696571,1342.8653499264897,2461.5728185039693,1331.76412690829,1921.6020197496057,69.51662296620215,99.7279242067438,0.003729477436969,0.6752554846432554,6,0.043473903
2022-06-21,287.30637,284.4563,292.5504,290.1679,284.4568,297.99316,-0.2116905,-1.9529266,1.2556,-1.5524055,-3.1359682,0.062142372,-1876501.0,-545524.06,5044007.5,93689.78,-0.018008646,-0.025023673,-0.010094806,2006.836618046945,1619.0794585862416,85.30873468886685,0.3877571594607032,1337.4288998289255,3132.291621362529,1337.3856595054383,2248.2193788951377,53.75582379056303,100.01276635600972,-0.0001904111655092,1.4145806312822458,6,0.0041696914
2022-06-22,285.72916,282.71362,291.4619,291.8294,285.46558,301.00378,1.0654569,-1.1140594,2.9110107,-2.9165103,-4.9655724,-1.2095404,-2503300.5,345519.34,5716610.0,93527.34,-0.024023997,-0.033469126,-0.015562212,2203.1284183451507,1459.7171593383734,69.3243572826787,0.7434112590067771,1429.4386510653858,3741.466136999488,1190.6858145576448,2100.465120741665,44.55566296601675,90.47861457334164,0.1694217185330662,1.964568658255948,6,2.614957e-05
2022-06-23,284.17526,281.57617,291.70483,291.78705,284.1338,302.04846,1.0568289,-0.31983948,2.3867493,-2.3617651,-4.195938,-0.013259888,-2671413.0,414654.5,5863110.0,93632.35,-0.02563736,-0.03741715,-0.017079007,2216.137475434644,1319.0934616216582,63.27992901566055,0.8970440138129857,1309.0931275275707,3975.791348752568,1102.7698019267352,2132.6787619794627,36.40311596452666,85.01552716048548,0.2059846557488231,2.362014100029989,6,7.2926273e-06
2022-06-24,284.8625,280.31128,293.11255,291.10794,284.05713,297.73743,0.37098733,-0.91180694,1.7310983,-0.38496292,-3.3001852,2.780323,-2122061.5,-127984.27,5794927.5,93744.74,-0.020365274,-0.030767797,-0.014236583,2109.208663493096,1394.334946024432,68.65800057306338,0.7148737174686639,1302.4461453673646,3084.7938405021387,1011.7763146276936,2328.035770684842,40.772203884628034,98.44421046465936,0.0267231743913712,1.7962800619470287,6,1.8028808e-05
2022-06-25,286.83603,283.63904,291.2727,288.54346,283.90918,294.00073,0.30214623,-1.6081934,2.5945683,1.1387774,-3.0657864,4.7151766,-1522376.0,-797943.5,4244163.5,93862.914,-0.014610135,-0.021144474,-0.012338821,1766.633778129646,1569.617848324929,90.1508251108098,0.1970159298047172,1289.701951988155,2459.2174543591905,1266.7155754789817,2075.670850798897,61.82961778360479,99.69876530185904,0.0042920349666262,0.9206614658174942,6,0.008997718
2022-06-26,286.25525,284.37036,290.2716,287.96713,285.7362,291.5432,-1.4098325,-2.860879,0.20296574,2.2516649,1.0956097,3.365346,-1808624.9,-625970.2,3177570.8,93960.97,-0.017357243,-0.02430244,-0.012164183,1686.1126517628825,1507.6854792484016,89.81198353015212,0.1784271725144806,1455.051599582304,2111.198276726513,1329.794524711461,1948.7143901933591,67.27845395806207,99.27694716644142,0.0110706756737386,0.6543410932801812,6,0.05947091
2022-06-27,285.19034,283.65186,288.3623,287.5663,284.61243,293.04785,-2.3205943,-4.144516,-0.7157135,0.6538437,-0.41143513,2.0430012,-1767973.9,-696344.9,4123006.0,93915.46,-0.01696712,-0.025731608,-0.012898579,1653.2367122437397,1405.8316791275197,86.50438230394202,0.2474050331162202,1351.2746991689994,2318.7247037134484,1267.7979896329805,1725.3688802216298,59.43550886757125,98.941034502244,0.0153537114510052,0.8901185408174147,6,0.011618889
2022-06-28,284.69644,280.8694,289.96204,288.63577,281.6997,296.38373,0.3147386,-2.3966255,3.3782501,-1.223753,-2.7336054,0.990469,-1898882.6,-475357.88,5678051.5,93659.63,-0.018223442,-0.027235154,-0.012154274,1828.800078536324,1366.0912522371489,79.89198692379837,0.4627088262991749,1112.0322845781816,2843.722035448928,1051.073505940535,1910.8620629764312,47.32380887130598,99.6254678270849,0.0052753089652539,1.4841637546684037,6,0.00041448855
2022-06-29,284.96854,282.8999,290.21167,290.87708,285.54468,300.3108,2.5985043,-0.55565554,7.148575,-2.217871,-4.6095095,3.4648104,-2421630.8,354611.0,5628812.0,93432.77,-0.023240218,-0.03496732,-0.01643236,2076.506695699168,1387.7989650647075,70.0448283468961,0.6887077306344601,1436.883583868124,3592.764676321341,1205.6580159146567,1941.3347251054504,43.364744116854986,91.04037758808111,0.1517863653158381,1.841579805758245,6,2.7554726e-05
2022-06-30,285.20322,281.15063,289.6952,288.98196,283.9458,294.99475,0.2781069,-1.9868774,2.5237885,0.080717295,-1.9340582,2.220286,-1912368.4,-604847.6,5771423.5,93641.695,-0.018352862,-0.025023945,-0.011765619,1826.4019375314824,1410.2179727598025,80.75232176329428,0.4161839647716802,1292.8461748262837,2613.6759341979105,1071.382746782204,1878.753869627983,41.27791894077576,99.78715793955938,0.0028399915069444,1.5315023900804634,6,0.0010515819
2022-07-01,284.19113,279.74634,290.72876,288.1053,281.72424,295.52393,-0.6754673,-3.2897863,0.98708534,-0.20719104,-1.9722748,1.6920614,-1787840.0,-678553.94,5750307.5,93721.1,-0.017157773,-0.02639658,-0.013550517,1743.7579689180463,1326.6359268474014,79.67163170929395,0.4171220420706449,1113.8801182593,2699.319993574321,973.3249891708144,2005.8168356498868,38.865336323691096,99.8665516371666,0.001766853040453,1.6502201996190242,7,0.000121410376
2022-07-02,285.3539,281.81714,291.79834,290.7078,284.1759,298.99207,-0.11718485,-2.5666943,2.6646729,-2.074151,-4.3392,0.42843723,-2044817.9,-52623.527,5883723.5,93778.85,-0.019623972,-0.02971517,-0.013234113,2087.954514545425,1426.8181374496914,74.29293037871095,0.6611363770957333,1312.7574435079107,3324.002999259557,1120.9007202928854,2145.193701958655,37.19613306777633,99.18482349484798,0.0133551495498768,2.032862574832696,7,5.4617984e-05
2022-07-03,284.8547,281.5869,292.74536,291.53534,284.53247,302.15015,-0.0058718077,-1.9432192,1.4714298,-1.3329502,-3.9962463,1.0819838,-2185419.2,-35819.715,5955901.5,94041.26,-0.020973314,-0.033083465,-0.014516268,2197.371194748396,1383.43723251986,67.7737280035514,0.8139339622285355,1344.1460637158534,3999.269346129177,1103.572523249506,2275.623135995365,34.86663423353188,88.20220256139844,0.1805304531903161,2.276063637279911,7,5.046472e-06
2022-07-04,284.6807,280.95093,292.74902,291.33804,283.10095,298.51093,-0.48701453,-2.2925882,1.2846851,-1.0077018,-3.187729,1.2382622,-1972724.6,-228857.11,6006769.5,93984.77,-0.018932097,-0.028004337,-0.012653155,2156.4836672284114,1369.0550450940775,67.71851664443324,0.7874286221343342,1222.0034853835425,3230.4177437293897,1056.926489455836,2276.1407135851514,33.73440412113174,92.92515933492903,0.1509318883314943,2.0995136489278634,7,7.301568e-06
2022-07-05,283.07224,279.40576,290.55762,290.56635,282.86646,299.9447,1.0705627,-1.2338829,2.8558197,-2.105142,-4.393757,0.24465656,-2313923.0,-147130.77,6103380.0,93799.85,-0.022206554,-0.034671865,-0.0152112,2058.2369623033183,1229.689468828016,64.49020165765873,0.8285474934753022,1202.957524319561,3516.315003533956,950.7734674892516,1984.2698262521787,32.354197791742855,91.7829720201596,0.1229179880238357,2.1377663786170413,7,2.8832474e-05
2022-07-06,282.77927,278.95288,290.96338,290.39774,282.85913,299.36768,0.38104403,-1.5671444,1.4917536,-1.5920014,-3.7287836,0.6018896,-2074818.6,-207371.06,5729428.0,93721.805,-0.019911887,-0.033465046,-0.014127286,2040.4412837412983,1206.3494274864618,63.34859233502632,0.8340918562548366,1202.3668883156402,3398.701286717167,921.5012966905352,2035.6894709943008,35.50774904474324,89.77321573240471,0.1381529065492857,1.883303521783032,7,8.257727e-06
2022-07-07,283.0157,279.437,289.75977,290.83646,283.5664,300.0387,0.8224365,-1.4324799,3.2791595,-2.1435711,-4.7664957,0.04450226,-2199876.5,-174740.67,5848624.0,93731.91,-0.021112058,-0.03391477,-0.0147823,2096.1909298201595,1224.046080090794,63.35251695541029,0.8721448497293655,1260.5972710316034,3535.8066938094785,952.8232957245796,1886.4800727857469,31.893306737230247,91.51931464062176,0.1263155773576318,2.0765810567054523,7,5.6400954e-06
2022-07-08,283.9739,278.50098,292.9729,290.8255,283.8689,299.68298,0.16277508,-1.7440233,1.3776522,-0.23598504,-3.5609741,2.877326,-1902409.4,-275588.88,5723356.5,94038.305,-0.018257286,-0.030600412,-0.01318078,2075.305497685438,1322.155392813181,67.24485010984739,0.7531501048722564,1286.2510941025396,3462.535983277364,893.0890598831536,2307.978778970181,29.55754097692221,99.6762284559076,0.0057505210456272,2.144691258014214,7,6.89925e-06
2022-07-09,285.8244,280.24048,291.47327,289.74844,284.0548,296.39453,-1.2748171,-3.0055447,1.2119226,0.158788,-1.6084862,2.2496407,-1836815.6,-833242.06,5797210.0,94117.19,-0.017627789,-0.02440473,-0.012657263,1927.1687175062293,1478.4251790772655,81.13606798182754,0.4487435384289639,1302.245506894577,2845.5786204000747,1006.8850471008718,2101.961010975798,35.38419356550087,99.82302898467124,0.0030648887348456,1.838693573299203,7,0.0004274107
2022-07-10,285.4374,281.05566,290.78577,290.82883,283.42126,297.62085,-0.36986223,-2.1765022,1.6069336,-1.477325,-4.2185097,0.96313,-1875443.5,-557622.4,5988722.0,93836.98,-0.017998498,-0.02680862,-0.011559933,2075.965515103325,1439.5061245371792,74.7250507079497,0.6364593905661454,1248.448949173986,3063.352067186455,1064.486449691499,2013.0395345100756,36.46720015009717,99.38343867913356,0.010465880221124,1.8968117965262756,7,0.0015920461
2022-07-11,283.1274,279.8994,289.8728,290.909,284.18335,299.8589,0.58239067,-1.480154,2.276352,-2.9062068,-5.667591,0.31143093,-2178591.5,-370918.03,6052872.5,93441.57,-0.020907786,-0.034969397,-0.012010542,2095.520475168319,1232.1250608715106,63.32094314599957,0.8633954142968085,1313.4062767142898,3498.601421877625,983.6140549440918,1900.0718134735437,35.49721890285316,93.769606874526,0.0864354558507263,2.0624044161130715,7,6.7507186e-05
2022-07-12,283.0675,280.10083,291.1084,293.0226,288.97815,301.87427,2.1633308,-1.3592863,5.0929413,-3.7924135,-7.0137596,4.126965,-2852001.0,1389223.5,5546305.0,93354.836,-0.027370453,-0.05174069,-0.014073475,2356.45662129708,1228.967359033161,53.58541038888192,1.127489262263919,1794.8127661968526,3935.851088784776,997.2986264323492,2054.348688252175,36.45730121817895,92.03058839805144,0.1534721569535377,2.4186369011309043,7,6.2445935e-05
2022-07-13,287.43213,285.0083,290.84485,288.58942,287.00024,291.83093,-1.7662326,-4.399538,0.058285713,1.9273325,1.212029,3.5000772,-1177914.4,-576805.7,2060190.9,93914.836,-0.011304362,-0.020211436,-0.0061188005,1753.808488462355,1626.2544506662764,93.02802297505517,0.1275540377960783,1580.112118221433,2149.5710855571606,1387.0626844798137,2020.5492534548173,64.81630405380244,99.21439351479265,0.0131679396001914,0.7529277156646415,7,0.030612616
2022-07-14,287.61136,284.59253,292.2981,291.45068,287.56177,297.87207,-2.1803527,-4.568943,-0.10494995,-0.4156568,-3.0315905,2.1925812,-1919145.1,-818279.0,5081819.5,93817.195,-0.018417899,-0.027415633,-0.010542655,2142.045713817313,1648.9237294284585,80.78431548778649,0.4931219843888541,1638.6370001326056,3109.721861017572,1349.497596356478,2213.1808398918924,43.53644230040615,99.0918435985765,0.0152838465227405,1.7558595972925404,7,0.007028161
2022-07-15,284.42007,281.26685,292.04907,292.39014,285.88342,300.74402,0.6274645,-1.5435944,2.7014923,-2.8150332,-5.514758,-0.89947605,-2216523.5,-238520.19,5831766.0,93474.46,-0.021271817,-0.033362776,-0.013115495,2300.194946189003,1345.640593539506,63.04808760879828,0.9545543526494972,1469.153509162357,3685.107910414381,1079.8750412823254,2179.0707913185447,32.67516039335042,97.99185253247369,0.0382109801127339,2.273212941801059,7,0.00022434369
2022-07-16,284.12274,281.37842,290.05103,292.98273,285.9358,302.56067,0.8942197,-0.68730354,3.270112,-3.2940786,-5.859748,-1.6922722,-2285831.0,96284.79,5677508.5,93324.03,-0.021936955,-0.0374124,-0.012143989,2393.3132208032257,1313.428468939734,59.11832741020508,1.0798847518634915,1474.1988012926497,4095.290248810875,1088.0842113460726,1921.67637474582,32.483435283930405,83.82462175077661,0.2458012055262665,2.47327320522584,7,1.5303815e-05
2022-07-17,285.0669,280.90894,292.1792,293.11032,288.09595,300.06042,0.37178853,-2.5088062,2.891929,-0.8541108,-4.9761276,4.9535313,-2267832.2,524535.9,5181526.0,93649.29,-0.021764224,-0.0365095,-0.012285948,2360.540543219808,1413.395348396478,61.94035943407249,0.9471451948233304,1696.0734390684788,3540.325979337228,1053.9087944273206,2196.836954721164,35.12548499850154,97.99908692855855,0.0342069175273734,2.252485266172312,7,0.0017520796
2022-07-18,288.3124,287.12354,291.08722,290.19937,287.44788,296.05884,-2.0764897,-4.225011,-0.49337578,1.501284,0.32194942,2.5417318,-1373497.6,-1009025.2,3341771.0,94109.69,-0.0131813595,-0.022438385,-0.007110587,1955.3240093490228,1722.0277547537498,89.42174966618296,0.233296254595273,1626.614806662526,2788.3814629904077,1592.8020919794883,2051.6142951750385,58.44032129968002,99.14611404619548,0.0161281850331167,1.1588423769580949,7,0.016841758
2022-07-19,289.12436,285.5691,292.66077,292.08408,288.4886,298.99023,-1.2530804,-2.4627085,-0.33420753,0.6468538,-2.3676853,3.1003928,-1692496.4,-1129359.2,5300201.5,94084.305,-0.016242767,-0.023850579,-0.009098686,2220.9459998726547,1816.2909187647567,84.9339548134859,0.4046550811078981,1739.412860717189,3323.642399582816,1439.188288952757,2263.6958018582527,44.01238549185031,99.49683857549005,0.009292373246659,1.8307737293960296,7,0.006427432
2022-07-20,288.59183,285.42004,291.59186,290.44846,288.34442,295.8435,-1.6339651,-4.0413065,0.35736942,1.7758869,0.58416367,2.8407068,-1372655.6,-1305097.1,3911692.2,94012.57,-0.013173278,-0.02120102,-0.007467989,1981.4087628536176,1754.0233057692878,89.80695173745364,0.2273854570843299,1723.3881342580494,2752.224478101632,1425.168644175131,2117.6434417299256,52.19971349251891,99.33562520019063,0.0117023025337125,1.3155711858616062,7,0.01267071
2022-07-21,287.49982,282.07544,292.45654,291.19202,286.97327,297.76453,-1.1506283,-2.8021622,0.7871704,0.08867955,-2.342823,1.8983421,-1729041.5,-1184013.1,5804220.0,93785.81,-0.016593488,-0.025167553,-0.0105169825,2104.991587925773,1642.097517575951,82.03272590005453,0.4628940703498221,1577.3472956289295,3089.796982104761,1140.6275412271507,2235.127309161443,37.87722153551255,99.60480741945906,0.0077721415002288,1.8985768700555437,7,0.0014483106
2022-07-22,285.9294,277.70752,292.51636,291.8614,286.03894,299.15442,-0.47643283,-1.8654423,1.0527945,-0.35889563,-3.0224438,1.5283185,-1951391.6,-940566.8,6174517.5,93681.04,-0.018727366,-0.028796697,-0.01130997,2219.6371766081907,1501.8421913899915,74.25986432465879,0.7177949852181991,1484.181138311499,3356.1124877160846,845.0717706563879,2243.461703277554,25.8864053365598,99.80455457504452,0.0034285885765809,2.4620897541772475,7,0.00071275653
2022-07-23,284.63956,279.43018,293.29028,292.01218,283.97205,299.5888,-0.20413883,-1.9020395,1.4357605,-0.37261775,-2.6180239,1.4846573,-1870863.4,-651979.7,6352408.5,93661.21,-0.017954543,-0.031992316,-0.009718022,2248.4636333995304,1370.1725524877193,66.110592621852,0.8782910809118111,1295.103689078691,3443.360741139167,952.3745624339464,2353.783878084694,29.106319160635916,98.4371061313044,0.0297198169924788,2.398018762461065,7,3.9834158e-05
2022-07-24,286.4332,280.64917,293.26782,290.93408,284.06567,298.9602,-0.7564819,-1.9906588,1.199707,0.17986065,-2.3513184,2.3553598,-1666639.1,-914620.3,6047468.0,93777.19,-0.015994618,-0.026873782,-0.008604748,2092.642197914805,1538.3483007407528,78.49905538868093,0.5542938971740518,1303.1855748732748,3317.733443754811,1035.4096968977017,2350.5162690704165,31.9486010556708,99.96577415949864,0.0006295968125302,2.2577640217190185,7,5.117346e-05
2022-07-25,286.97513,281.09766,291.88745,290.80905,284.46118,299.1609,-0.69822985,-1.8549585,1.0068216,0.12916304,-2.11693,2.3840737,-1614236.4,-1041141.44,5905842.5,93847.41,-0.015491712,-0.026733037,-0.0080547165,2077.478799350057,1587.636436716524,81.59920008931199,0.4898423626335332,1337.818118184662,3357.397638357026,1067.5308640264775,2157.180418765955,32.72927584451043,99.80129158544628,0.0033541230391285,2.212705248258624,7,0.00010090098
2022-07-26,287.33755,284.22534,291.56726,290.36398,285.64587,297.87244,-1.0255078,-2.4558163,0.8827133,0.88056093,-1.460968,3.2425926,-1456980.1,-1298881.9,5896208.0,93908.09,-0.013982535,-0.024709942,-0.007183994,1994.237733444534,1620.7630893272433,84.26018433795402,0.3734746441172907,1446.4578216889356,3109.7899012490625,1317.070564612815,2114.382313015054,42.35239699260092,99.69757690517652,0.0054174334674466,1.7927193366362475,7,0.000535558
2022-07-27,287.65024,281.85425,292.01733,291.35547,287.36206,298.495,-0.8330665,-2.1143732,1.5530691,0.46516666,-1.4964542,3.0344133,-1605798.9,-1402134.5,5772642.0,93814.195,-0.015410737,-0.02501764,-0.008591277,2125.204255141161,1657.3611496509045,82.01281673941433,0.4678431054902563,1617.6076192344103,3227.35903437892,1123.71616780788,2174.756758674346,34.81844306250639,99.57435423795508,0.0074658697614358,2.10364286657104,7,0.0039105555
2022-07-28,285.12247,279.86865,292.06445,292.65298,285.1781,300.7788,1.3128384,-1.4777126,4.52594,-1.9502033,-4.533703,1.2509308,-1842301.5,-993013.44,6385320.0,93322.87,-0.017680436,-0.03351089,-0.007849926,2341.772006869281,1423.953108193683,67.90435480817337,0.9178188986755984,1402.6671393061242,3692.612609012576,981.5387158428904,2181.1641385562143,29.24598457449742,99.75610480346712,0.0044470261597225,2.477708745888687,7,0.0003793829
2022-07-29,283.6339,279.69604,290.73914,291.1188,286.38928,297.6516,1.5388685,-0.79466754,5.4157367,-1.0185654,-5.168003,5.1197414,-1869101.9,672134.5,3716451.0,93079.19,-0.017937638,-0.047867548,-0.008082389,2071.200111398775,1288.1774688095693,63.97549088629279,0.7830226425892054,1518.5314562693477,3068.9972954962727,969.9653447507976,2007.1297626994087,33.389524364901185,99.30027838013515,0.0107662248943765,2.035604199726241,7,0.042273127
2022-07-30,283.72916,280.89038,288.9536,286.80188,283.6338,291.18665,-1.103192,-2.3885174,1.0739794,1.6561097,-0.029004514,3.8381147,-1890302.4,-1474454.6,5190119.5,93574.164,-0.018141098,-0.03293241,-0.011676333,1569.768064263336,1280.7797449315365,82.84219505857143,0.2889883193317995,1266.2725363140205,2064.478743803383,1052.5778193290982,1791.9997287560454,51.3124960622506,99.38181588745556,0.0093273269363239,1.0051431696832716,7,0.009781762
2022-07-31,283.4435,278.31738,287.14307,286.83466,281.74597,295.11084,-1.5290874,-2.9499989,-0.24656677,0.5996203,-1.4486694,2.1300488,-1707154.4,-1393289.6,6026790.5,93771.586,-0.016383437,-0.032530617,-0.010859902,1603.979859507931,1254.5721366297053,82.26444254966866,0.3494077228782257,1115.518770142547,2632.257581743164,881.7691739709796,1594.8205921180777,33.498589958929635,99.50414062044382,0.0060358954902455,1.7504884077721845,7,0.000414728
2022-08-01,284.92752,278.43286,291.54492,289.0311,282.86108,298.62024,-0.08350658,-1.571868,3.2191772,-0.06293427,-2.6383514,2.6918876,-1851312.9,-1213974.1,6346546.5,93639.44,-0.017766917,-0.029883735,-0.012267942,1886.6452090901448,1393.7740054523283,81.02799663015601,0.4928712036378165,1202.5243662357727,3251.475301733594,888.8743605551873,2111.424414387549,27.49431044229057,99.91857954464378,0.0010208249077622,2.344064913993626,8,9.914523e-05
2022-08-02,286.68625,282.18774,291.06836,290.8462,285.2356,298.76416,-0.6690352,-2.2405672,0.9881191,0.2631656,-2.496458,2.6585183,-1853498.4,-1282056.6,6201790.5,93669.25,-0.017787892,-0.02700689,-0.013423753,2074.891892127888,1555.750893694633,79.80787537395508,0.5191409984332548,1407.9858256263851,3279.382349829341,1149.2995331954016,2049.182036486774,36.54685070508637,99.70711056336086,0.0049799559118539,2.072816401252938,8,0.00025157543
2022-08-03,286.2241,281.46216,291.40283,289.9741,283.89832,298.0736,-1.1410044,-3.0630493,0.55424213,0.47891328,-1.956543,2.3143463,-1772663.9,-1397632.4,6621438.5,93685.055,-0.017012129,-0.027249921,-0.011561868,1964.4189465797672,1512.4088445474638,81.43423297632867,0.4520101020323031,1288.7704633044457,3147.364150223366,1094.2817171178613,2092.6951374063674,34.76819538152905,99.8767341095922,0.0020925203684457,2.0530824331055046,8,7.4970994e-05
2022-08-04,285.2102,280.8916,291.1333,292.73798,284.86902,301.82654,0.55234975,-2.2631989,3.9565582,-2.0299156,-4.189803,0.39179683,-1759837.4,-631996.8,6286801.5,93319.01,-0.016889034,-0.03005887,-0.009281621,2402.413248304732,1420.5319417312114,68.51456110171242,0.9818813065735208,1374.3771546491644,3924.9687350557806,1052.665337851725,2057.567860344017,28.558599044521145,99.79771055976808,0.0034010821923957,2.744802874739574,8,2.2849375e-05
2022-08-05,284.62335,280.69373,291.42456,292.76923,286.89856,300.43213,0.7414567,-2.3724337,3.6854293,-0.65735626,-5.0717325,5.061614,-2151878.5,-24550.406,5906467.5,93237.23,-0.020651424,-0.041537575,-0.010846324,2315.293404041186,1373.2730393606444,61.647379680927166,0.942020364680542,1569.7130713539166,3618.421920837192,1038.562187796699,2095.549754354718,31.86018320272233,98.18176451331496,0.029538576733951,2.4550688162875622,8,0.008120097
2022-08-06,286.19528,284.61145,289.16852,288.4855,285.89978,294.50476,-2.3491862,-4.6554985,-0.7070923,1.5351249,0.6183834,2.5982513,-1578189.5,-1296709.9,3790942.8,93641.16,-0.015145771,-0.029400766,-0.0078422725,1750.4854037793218,1501.261737004926,86.81449785980097,0.2492236667743959,1470.727792473357,2536.506622352933,1351.1874313027286,1816.7705300758696,56.74922191080612,98.7084362438536,0.0209471373359701,1.097058850451574,8,0.008647701
2022-08-07,287.7255,286.0182,291.5382,290.36356,286.9215,298.00732,-1.0841857,-3.198944,0.8018799,0.95807624,-1.3595276,2.609005,-1369812.9,-1088592.9,4053473.0,93430.06,-0.013145998,-0.023331402,-0.008569119,1990.8411481793607,1659.2985984848838,85.752002505157,0.3315425496944773,1572.0547572836856,3134.940163380788,1482.1680886202532,2110.5361387478392,47.411278965958594,99.46875359591364,0.008654305372044,1.6486249371044444,8,0.015120165
2022-08-08,288.3451,286.87463,291.85205,290.9385,288.50275,297.0666,0.4895974,-2.2746735,3.8879547,-0.9962916,-3.334794,3.8847854,-2094377.9,-48865.707,3307319.2,93508.94,-0.020099595,-0.027967343,-0.015072641,2045.8006724246736,1726.1524478083272,85.33156875246965,0.3196482246163463,1740.993883279138,2963.1824018784173,1567.2750083783053,2152.411552086661,64.5638668791558,98.95402998423432,0.018752266052269,0.9404476371184168,8,0.24021947
2022-08-09,288.5375,287.1366,291.67664,290.10666,287.7859,294.35175,-1.2286795,-3.5505648,0.67030334,0.12050458,-2.545164,1.605756,-1539985.1,-552738.06,2796775.0,93626.586,-0.014779128,-0.01992153,-0.01271327,1938.8974803366816,1746.9229308441556,91.03648410975671,0.1919745494925258,1662.5233062829582,2512.820860431222,1594.1517147664945,2128.917274850196,63.60320163190193,99.4339452719586,0.0107214047296579,0.912249966067924,8,0.039923377
2022-08-10,284.63492,277.12244,291.7066,288.55234,283.7473,293.94397,4.6490912,-1.5761719,11.067022,-2.9993055,-4.6213646,2.1810303,-2965338.8,-393468.66,4235832.5,93164.98,-0.028458145,-0.04425864,-0.020225108,1757.097463165762,1397.2182757549692,79.09715632240568,0.3598791874107928,1275.8850823463758,2450.6440393925195,811.1416967245563,2132.915067125361,45.8688016336838,98.13850109919002,0.0329664553091849,1.2856453130111276,8,0.1438252
2022-08-11,283.0812,280.13538,287.90356,285.50308,283.07092,290.66736,2.1596694,-1.4842882,8.679836,2.9807813,-0.06778842,6.0157785,-3080609.2,-1122945.5,4264698.0,93786.75,-0.029564388,-0.05593118,-0.016228158,1441.073294597462,1224.3467202543036,85.56380770052483,0.2167265743431585,1219.549738995467,1998.0628251513112,999.6625565349652,1675.1871252896174,60.53139205580932,97.29505097403413,0.0381919045438037,0.7128551344395387,8,0.056119327
2022-08-12,284.50012,281.00867,287.89514,287.14005,284.23645,292.97345,-2.506403,-4.861968,-0.46564198,1.1821871,-0.009606361,2.5588963,-2297633.2,-983339.7,5119381.5,94109.555,-0.022050226,-0.03299498,-0.01537101,1611.3753076723324,1344.0836307146344,85.38188558510767,0.2672916769576981,1318.0414023138956,2308.057376547535,1061.088275559218,1674.277879048097,48.44327978032908,99.16120945883944,0.0118115700432636,1.1292842185634535,8,0.032494746
2022-08-13,284.59988,280.13452,290.39062,288.73782,282.0277,296.85327,-1.4737169,-3.5312042,1.1743469,-0.56618816,-2.384675,1.5150604,-2373525.8,-747835.06,7194821.5,94051.0,-0.022778558,-0.032677036,-0.014902084,1836.093899882533,1357.644948080331,79.85905641199088,0.4784489518022017,1136.9594626902774,2925.401275601212,999.6040251236924,1963.4416050997029,34.28730618445664,99.21937717358726,0.0110329820236599,1.915772352787384,8,0.0018345613
2022-08-14,285.38525,280.8772,292.4641,289.92538,281.84277,298.11035,-0.9293964,-3.0853071,1.1793947,-0.53529185,-1.9136496,1.3212261,-2374254.8,-793484.94,7262271.5,93834.71,-0.022785554,-0.031424724,-0.0130749615,1990.6615826204056,1435.1063345036673,78.17725188228432,0.5555552481167388,1122.8449360594882,3154.2696520674995,1051.6330285614702,2236.180361504919,34.768208199435115,99.86167412409598,0.0020159847299462,2.049108419520742,8,2.1212936e-05
2022-08-15,283.3054,280.14624,290.74316,291.775,284.73438,300.96094,0.29994395,-2.2702522,2.2961884,-2.806612,-4.438943,-0.65864277,-3144016.2,-69652.15,7527701.5,93421.6,-0.030172901,-0.04413702,-0.02136934,2228.580010454905,1247.4427075968847,60.24069671664044,0.98113730285802,1362.2113859507515,3732.118681259384,1000.4070055870023,2007.6396906896805,34.625294654524794,92.93746136447524,0.1260587926926955,2.16571971558922,8,7.773609e-06
2022-08-16,283.50143,278.78772,291.98462,293.66052,286.50732,304.542,0.6758905,-1.2352409,3.1734772,-2.960144,-5.747637,2.8473282,-3601229.0,901576.2,6857250.5,93231.56,-0.03456074,-0.0545698,-0.023520866,2494.934530048993,1277.1076258936992,53.5108548460828,1.2178269041552938,1530.2618413015923,4587.563360382114,911.0259512603702,2170.317834220522,33.9186291572718,90.16090095883872,0.1955287461619891,2.82513768309629,8,5.633413e-05
2022-08-17,286.9584,284.71558,291.4453,291.17508,286.04358,297.63458,-0.20637836,-2.160965,3.3132782,-0.9859286,-5.6549025,2.634543,-1521841.0,-102305.44,3935408.0,93331.54,-0.014604999,-0.019794248,-0.011109105,2102.18293535696,1579.2223674433192,78.22307897915867,0.5229605679136408,1484.631443187104,3065.871134554565,1360.5203821664586,2098.279265154318,45.11044780692534,99.38142153806989,0.009184123544144,1.6554558457564927,8,0.0010357882
2022-08-18,285.44098,281.41187,292.13428,294.34683,288.59033,302.22363,1.4398255,-2.0281668,6.1510925,-3.1604326,-6.381339,0.6476126,-3179436.8,410984.6,6053428.0,93130.21,-0.030512827,-0.04185182,-0.022959191,2576.6397211797434,1437.745086873876,59.30135048947677,1.1388946343058677,1750.8011645246163,4016.311893093311,1090.5558739797375,2190.6894805888574,29.12019371204514,84.56672857090972,0.2869630547446324,2.7740066858762047,8,0.0035127678
2022-08-19,282.9299,277.68896,291.88538,284.86325,281.2378,294.05017,-0.48495516,-3.2544355,2.4910297,3.8125007,-0.51604193,5.7796726,-2502775.8,-124385.4,1372592.8,94189.164,-0.02401896,-0.045001872,-0.0151263485,1405.0893171317296,1237.3357149879705,88.18662409197572,0.1677536021437592,1077.7464160222298,2466.706037600816,843.9767745634883,2156.900608828363,70.89203236657633,96.99453312780604,0.0417001245660017,0.6614692930689228,8,0.2577443
2022-08-20,279.81644,277.58386,283.93195,284.11353,281.1372,290.38074,-3.1299846,-5.624896,-0.8097639,2.587804,0.20480347,4.4036627,-2373432.0,-995389.44,3797655.0,94542.91,-0.022777658,-0.055919234,-0.01243691,1318.585562347731,980.4227021194368,75.1912828700503,0.338162860228294,1070.4053041648112,1962.214400412851,837.7978505200107,1291.655816809419,59.61838128366175,86.76518807549009,0.1452750416130826,0.7883863715235987,8,0.01786177
2022-08-21,282.32367,280.54974,286.3722,285.92233,282.1328,292.53094,-2.616019,-4.876581,-0.641922,1.3774385,-0.2208252,2.6665802,-2155784.5,-1074231.5,5585608.0,94363.02,-0.02068891,-0.037480876,-0.013673672,1493.1097506439382,1161.9864822226652,79.79782216474682,0.3311232684212729,1145.0505570840055,2245.4984063429997,1028.4053402444465,1516.8397354061694,55.24401049677323,95.93264728946936,0.0469260133898119,0.9572614501211564,8,0.0029714517
2022-08-22,283.96823,282.3584,287.5752,287.16693,283.41785,293.26697,-2.3954656,-4.6369543,-0.6811218,1.294498,-0.7251911,2.8057413,-2460731.8,-1403302.5,6832353.5,94163.25,-0.023615468,-0.03355112,-0.017944843,1624.1257630895836,1297.5527944575956,82.63133951234919,0.326572968631988,1248.1641143633765,2350.3920364615383,1162.588561253415,1640.0595464563307,51.70960861121936,98.98434687530911,0.0128557060698124,1.1331979176108242,8,0.001655378
2022-08-23,285.50244,283.35046,289.67883,288.3182,284.7516,295.088,-1.9905281,-3.895607,-0.7266998,1.1385516,-1.074295,3.2501678,-2252457.8,-1363007.4,6610064.5,94110.375,-0.021616677,-0.028803566,-0.01610396,1749.565905944899,1437.0551453526425,84.66390341864732,0.3125107605922567,1363.7612663830128,2628.5946612280386,1242.5604869037088,1876.8011792877971,49.6319671449666,99.17985145639156,0.011396223434953,1.3239714225929924,8,0.001856576
2022-08-24,286.61777,283.57202,291.5503,289.9899,286.0105,296.85107,-1.6828341,-3.465704,-0.100400925,0.5372185,-1.1971407,2.4533749,-2393390.8,-1367972.6,7147858.5,94044.336,-0.022969201,-0.029969372,-0.01418216,1952.857062461314,1546.5129532965443,82.6262491636851,0.4063441091647695,1481.4226868774497,2925.0143185220404,1261.0693517609377,2112.1352712009766,43.47181026253489,99.4075876756993,0.0090918848888968,1.653457643822161,8,0.00070161815
2022-08-25,288.1827,281.23853,292.4829,291.12558,287.36414,297.85388,-0.9632788,-1.9627981,0.329278,0.97868806,-0.44890445,2.6816556,-2014359.6,-1152009.8,5886316.0,93941.0,-0.019331668,-0.024805918,-0.0106283855,2085.5221695709192,1714.0158284108738,85.16557603121161,0.3715063411600456,1617.824912858913,3106.344168010982,1077.8000332990323,2238.79789155709,34.69673593796134,99.41488069691675,0.0099500778736,2.0285441347119493,8,0.004517104
2022-08-26,288.39157,279.7229,292.34888,291.94043,287.69263,298.52356,-0.6344543,-1.8784828,1.6442666,0.32618812,-1.9969826,2.2240162,-1951630.0,-939708.06,5604805.5,93847.4,-0.018729655,-0.024450243,-0.009207754,2202.914817844639,1743.7326052528545,83.10290680342791,0.4591822125917844,1652.5467341177532,3232.8454193184584,971.7580526762756,2220.1938473858995,30.4602882581614,99.72788325238557,0.0051619055122894,2.23708111504227,8,0.0031919037
2022-08-27,286.11478,279.45435,293.3352,293.00803,285.7113,300.73218,-0.27764478,-1.8570633,1.7782593,-0.9097781,-3.3874025,1.7549782,-2672433.5,-850037.75,7603891.5,93603.125,-0.025647154,-0.034691453,-0.0138522,2399.496418577519,1517.9528110207275,69.69243799674156,0.8815436075567913,1452.6780265653158,3682.556720801901,953.9619927128118,2360.331051225215,26.371392855468837,99.72475204560364,0.0052760864357082,2.663450246151854,8,0.00022739118
2022-08-28,286.82703,280.26416,293.43848,292.20862,285.93103,301.84888,0.44499174,-1.834137,3.0574417,0.82837945,-3.523529,5.9967012,-2507177.0,-1082405.4,7802220.5,93659.91,-0.024061201,-0.03377958,-0.016129693,2277.552137652484,1578.115053045228,75.07693379725083,0.699437084607256,1473.7395087773548,3930.058735628087,1008.518762147948,2375.443036069604,26.75522605541316,96.28720613731628,0.0624482286016107,2.771492492456857,8,0.0017468625
2022-08-29,283.295,279.5,290.18298,285.70065,282.90833,291.33777,-1.3368568,-3.5071497,0.9586048,4.7506294,2.61193,6.5450535,-2739378.0,-968405.25,3016057.0,94325.81,-0.026289616,-0.05484615,-0.009662338,1458.382545500025,1252.3890451954271,85.54223224792845,0.2059935003045972,1206.3389088957572,2084.1677316369514,956.96685202832,1937.811402215172,68.65568428200926,96.72473557697823,0.0520216469105114,0.4700190600706792,8,0.13018717
2022-08-30,281.51913,278.69568,286.0177,285.26273,282.40332,291.3717,-3.2125347,-5.4043245,-0.9723635,2.3616512,0.48117065,3.8047695,-2498993.8,-1563045.4,5615425.5,94380.63,-0.023982663,-0.05107256,-0.011208467,1424.5097918539714,1102.265770283058,79.09313951995024,0.3222440215709133,1166.1091344179497,2088.6116072893374,905.23404063242,1482.1207517089897,50.15220584806894,97.2670549973478,0.0321434804566729,0.929976055612064,8,0.027185477
2022-08-31,282.7679,280.22058,286.07898,286.71396,282.72876,293.76807,-2.6760798,-5.1171265,-0.62960815,1.0618103,-1.2721863,2.6103506,-2498861.8,-1696912.1,7878486.5,94147.44,-0.023981398,-0.042103514,-0.0136042945,1585.6459391996696,1197.766352319407,79.40343991901317,0.3878795868802632,1191.8962769191317,2424.241885391102,1005.5141970687916,1488.0719444200922,42.683272783308055,98.82046016538636,0.0143417566972045,1.3741818442964902,8,0.0015170489
2022-09-01,282.54633,276.57104,290.1421,288.47614,280.44617,297.87024,-1.1374098,-3.499176,0.47018242,-0.45500278,-2.2333603,1.75,-2622737.5,-1236491.2,8658451.0,93692.34,-0.025170224,-0.037942853,-0.016465731,1834.2798999841773,1192.321876844628,73.12973587128307,0.6419580231395495,1021.1531290904036,3109.381679398237,780.27435766174,1932.798505863623,25.094196792615943,99.50591206968284,0.0054627257921433,2.329107321736497,9,2.7259393e-05
2022-09-02,281.96194,275.23584,291.74243,291.28137,282.8628,301.74927,0.60475415,-2.0713663,3.1508942,-1.9480275,-4.715703,2.7176332,-3177699.0,-807679.75,8666555.0,93454.52,-0.03049615,-0.048315097,-0.017712899,2205.646533632019,1158.2097101934023,59.27397528750853,1.0474368234386169,1202.662174338237,3907.406701672108,709.7937867197571,2137.7031530531845,25.17582778038281,98.26071333230752,0.0263557344775595,2.7431117998328216,9,9.453842e-06
2022-09-03,285.8146,282.2008,290.73462,289.57242,285.21765,296.22998,-0.7474182,-2.5206976,1.763979,2.311721,-0.54552007,5.191663,-1815969.4,-1416695.5,6040246.0,93591.65,-0.017427728,-0.026269304,-0.010801994,1884.2561597786068,1470.5675444612425,79.11171866956379,0.4136886153173644,1406.3239496490528,2817.414520988819,1150.3118900783577,2006.5581605355728,50.29406033210456,97.20367275828926,0.0398965184162482,1.4004223619972274,9,0.013271752
2022-09-04,282.91876,281.30774,287.36328,285.411,282.74548,289.95947,-1.9949099,-3.9910383,0.16284561,3.0510213,0.588253,4.550479,-2316028.2,-1092155.6,3123209.0,94032.945,-0.022226758,-0.04223048,-0.014733665,1429.615206729031,1209.5996142666904,85.08044596857265,0.2200155924623403,1193.234904557227,1910.5513336136385,1082.8775035345875,1617.735435903311,69.17989130524259,97.39258022239228,0.0356402136423353,0.5596220708729359,9,0.112940386
2022-09-05,284.1531,282.01038,287.92944,287.19263,283.61755,295.18152,-2.3186626,-4.7529945,-0.38142204,1.6554221,-1.7498293,4.739517,-2264847.5,-1492187.5,6222888.5,94110.9,-0.021735583,-0.034543935,-0.014281886,1629.0379589448685,1314.877161705291,83.06593941148266,0.3141607972395774,1264.9030704965794,2643.627303299053,1135.629900390904,1677.9834694053984,51.19659206862829,97.79811766939652,0.0278661838256996,1.290180217014158,9,0.015977532
2022-09-06,286.24194,284.36237,289.8177,289.20877,285.55786,296.5708,-2.9193661,-5.8072786,-0.6877136,1.1367155,-0.44499207,2.8838348,-2192676.2,-1622321.5,6062778.0,94122.97,-0.021042958,-0.032487366,-0.014004292,1849.7818822329752,1509.2060658110568,83.80340300803142,0.3405758164219183,1438.1277205653755,2876.0216791651624,1329.090181916468,1893.43402751779,49.440493762517534,99.36201177364592,0.0106729576166305,1.4541023602688583,9,0.010808831
2022-09-07,287.0368,284.51794,291.4585,290.29227,285.64636,298.06006,-0.9905823,-3.9318542,1.9210243,-0.7586179,-2.9284391,1.3180542,-2099724.2,-502275.5,4828616.5,93716.56,-0.020150902,-0.028921306,-0.013509648,1992.248244867637,1589.117978882218,83.07913715147308,0.4031302659854192,1446.5041541184062,3144.820943202569,1342.8545010164985,2100.014928290537,44.89688932311812,99.50833779729967,0.0078892324154123,1.720980534734385,9,0.09016575
2022-09-08,285.21722,279.7766,292.5669,293.65237,286.6062,302.29077,0.902052,-1.323062,3.4380035,-2.478412,-4.6247997,0.25442696,-3316313.0,38544.125,7095512.0,93287.91,-0.03182642,-0.04502932,-0.020120671,2510.399078835484,1422.5156178163825,61.10988195671487,1.0878834610191013,1540.1490233076354,4031.937711846952,975.3522522472692,2250.524656628821,31.64923635611777,95.2691964523158,0.0975073321335053,2.698990696447507,9,0.006105601
2022-09-09,285.9013,280.75806,294.09985,296.3203,289.01782,306.75916,1.2031361,-0.7521019,3.0452576,-2.3245804,-4.92245,0.5115204,-3759552.2,-268951.22,8502349.0,93295.48,-0.03608016,-0.051562227,-0.020962508,2966.141143246361,1482.477887332216,55.28225507639204,1.4836632559141458,1799.369423507714,5198.884919392735,1043.1288188314263,2474.2517357516763,23.603425991326755,82.29821294474804,0.3665326390220427,3.557997101317516,9,1.7247132e-05
2022-09-10,287.2642,283.28906,293.49585,293.51096,287.5918,303.1067,0.48391616,-2.5202427,3.2478065,0.22992831,-4.744013,4.805357,-2874452.8,-911975.44,7887720.5,93387.76,-0.027585916,-0.0389501,-0.01952763,2437.222374955649,1623.4492570415705,69.45517164754868,0.8137731179140785,1641.819832983591,4226.118535046193,1237.4736116996248,2383.87519582094,29.64230534273564,95.6236832762024,0.0725975761282334,2.9672235642833265,9,0.004583653
2022-09-11,284.9682,283.1361,289.4475,287.26303,284.24097,290.99255,-2.1686866,-3.7389946,-0.5222759,2.5107744,0.8497009,3.7990875,-2314490.5,-1898995.9,4554037.0,93715.65,-0.022211999,-0.040037267,-0.0115918815,1612.9635805522018,1386.6154870523212,86.33546634930612,0.2263480934998807,1318.43631884252,2039.4312979736223,1224.8816955014076,1849.3769740921343,68.77224407154046,97.16612475252025,0.0451492807860959,0.6333785481016125,9,0.02977224
2022-09-12,286.43735,283.86798,290.29138,289.29794,285.22815,297.6217,-2.2823126,-4.8967896,-0.76509094,0.9857015,-0.5142822,2.2479491,-2175685.8,-1941790.0,6120904.0,93483.055,-0.020879902,-0.034483317,-0.013639002,1871.5378437296813,1534.5435211394536,84.00483804112888,0.3369943225902276,1407.295993752473,3063.508756294855,1286.172760202921,1951.1546299612207,55.43232641381332,98.86581202742292,0.0208124029000141,1.3634165256957662,9,0.006954942
2022-09-13,289.15848,286.47778,293.71606,292.58234,287.0238,301.52527,0.006492021,-2.982956,3.888733,-0.32274988,-3.9806938,2.605859,-2125744.8,-846404.5,5670972.0,93129.625,-0.020400621,-0.028622795,-0.012033567,2326.0165673207453,1824.5278281597573,83.05504022074611,0.5014887391609879,1582.530134306114,3856.88339011864,1527.3187539544172,2416.4845913476797,40.231158003214034,99.4834141131156,0.0085397166346454,2.3052145394402923,9,0.018506914
2022-09-14,290.07642,287.67584,293.06927,290.54227,287.8011,293.33496,-0.80987555,-2.6126719,1.3618336,1.4915361,-0.17966431,3.7558765,-1328156.4,-454701.34,2426654.2,93385.06,-0.012746222,-0.020437844,-0.009728897,1987.0674291214132,1928.0716136398296,97.15994822638554,0.0589958154815836,1664.1540802372515,2360.295425637812,1650.7568156577784,2321.8042723301965,82.59955602771464,99.571771672161,0.0080050497995359,0.3974346503304748,9,0.15528575
2022-09-15,286.7887,285.48938,289.7605,288.16046,286.4198,291.74292,-0.823714,-2.5919476,1.0839472,2.4418504,1.0576906,3.6839104,-1929739.9,-712823.75,2791084.2,93662.25,-0.018519577,-0.028795779,-0.01554054,1706.871744927368,1560.3622449617942,91.81537800998434,0.1465094999655739,1521.5565180543845,2137.768473176668,1431.6754423834948,1886.5678644781756,72.04974382454708,99.60439724871723,0.0065005166118146,0.5573119597784236,9,0.11818744
2022-09-16,285.3334,283.27405,289.1277,287.20453,284.92993,291.25452,-1.8453312,-3.570488,-0.51856995,2.8440943,1.3042793,4.3767223,-2019249.5,-593753.56,2597870.8,93836.086,-0.019378593,-0.0359309,-0.013786371,1604.137668690216,1420.0589670731906,88.77793823672386,0.1840787016170254,1379.9123573591835,2073.300996845676,1236.232501622544,1812.0409788455383,68.26789047881246,98.64721843962992,0.0207058755873742,0.5746224888450747,9,0.05963576
2022-09-17,282.8284,279.82336,287.38,286.3254,283.33594,292.40344,-2.4180028,-4.544367,-0.7192755,2.607415,1.0018158,3.8689833,-2838840.2,-1529464.0,6565569.5,93906.73,-0.027244147,-0.043682184,-0.01719596,1524.8848845789978,1204.7518219025187,80.9098102187542,0.320133062676479,1241.3553692124417,2227.7511872011933,978.4903948573156,1619.487419307348,51.36872978657619,99.37795627571911,0.0081659914425649,0.9534030340558024,9,0.01974455
2022-09-18,283.27872,280.68823,287.65417,286.69443,281.0349,294.06458,-2.6288788,-4.6460876,-1.0858212,1.1634344,-0.6704407,2.9760132,-2962839.8,-1766922.4,9086235.0,93691.96,-0.02843416,-0.040780112,-0.021195162,1586.4869185468012,1240.6992094435382,81.60968658034088,0.3457877091032631,1062.9847744867766,2468.8916542311404,1038.1730670524669,1648.4487157570593,44.95461616362826,99.9768695269196,0.0002570186585348,1.3572983081342478,9,0.0011946358
2022-09-19,285.33685,281.75964,289.8396,288.88528,281.7655,299.78516,-1.6435333,-4.263214,1.0931091,0.42056763,-1.8660278,3.3190656,-3110285.2,-1437869.5,9449985.0,93348.68,-0.029849187,-0.040951032,-0.019766288,1875.652332495186,1430.8601090978534,81.97239031490302,0.4447922233973329,1116.993530881142,3483.4446989149733,1116.550922102016,1896.0705258863827,39.312994555906414,99.96037499171754,0.0004426087791262,2.113998274072519,9,5.4515527e-05
2022-09-20,288.88467,286.36273,292.24713,291.55765,287.02972,298.1974,0.42197096,-2.1765366,4.0558605,0.43602708,-2.7368088,2.9127617,-3027815.0,-1215951.2,7411012.5,93055.03,-0.02905772,-0.03682211,-0.017175023,2163.510098475623,1791.8197165714334,85.63830499500243,0.3716903819041898,1583.1382822089035,3170.680114992493,1515.903960707077,2206.1620983593302,57.303544436538026,99.1245774473746,0.0139253813656398,1.3537680263572949,9,0.08506918
2022-09-21,288.09848,286.01953,291.10803,290.09006,286.68005,296.83435,-1.1830267,-3.0870352,1.3268747,1.3824325,-0.24662209,3.2012606,-2617708.2,-1269797.4,5901630.5,93100.586,-0.025121959,-0.031396236,-0.01964336,1945.110379239538,1700.0397477374192,88.7480859026258,0.2450706315021189,1547.5705358810692,2922.070613333384,1482.2982719904642,2054.3013805039923,65.40727108087187,99.47677972892971,0.0082863634600146,1.0021854905087195,9,0.07250165
2022-09-22,289.2394,286.33484,291.8932,290.73944,286.61047,295.8047,0.94072455,-3.815363,5.6172028,-0.38424218,-3.3911123,3.6663523,-2303789.5,-652165.3,4043168.8,92852.555,-0.022109304,-0.030569915,-0.016971985,2032.3941299415912,1832.5849141760607,91.28739895853772,0.1998092157655308,1540.5775116639204,2745.750258685193,1513.1478922383717,2157.954176770538,76.308697441079,99.48407981763204,0.0079865756379801,0.6412554077770478,9,0.10371737
2022-09-23,283.6498,276.95862,290.54498,289.32645,284.28857,294.531,1.9293518,-1.7763433,3.8153534,0.6671751,-2.7716856,5.236347,-3639522.8,-1018840.75,9190727.0,93203.805,-0.03492824,-0.04804729,-0.027246451,1856.375018922783,1296.1632738889095,72.32705473285488,0.5602117450338735,1322.6052997511083,2540.588799407023,801.8601573377969,1982.687248478956,32.330723351504744,96.8698668928412,0.0526409877180647,1.6783199135497184,9,0.0093785105
2022-09-24,281.8337,278.9088,285.41443,286.2571,279.98755,292.74353,-1.6619701,-3.6102505,0.1424818,1.5067073,-0.8310547,3.0746508,-3427485.0,-2146980.8,9929961.0,93679.38,-0.03289333,-0.047090888,-0.02635428,1538.0507860112778,1126.1293202994796,75.68444787755938,0.4119214657117983,989.581544785166,2275.3643859256213,918.6959621279908,1424.642827141143,51.053880066551024,98.59504331197896,0.016307843461534,1.1060710155901106,9,7.39459e-05
2022-09-25,284.49356,281.26227,288.24402,287.5184,281.67236,295.5708,-2.1705685,-4.36473,-0.31721306,1.4974169,-1.3755493,3.4838257,-3117068.0,-1993288.5,9261823.0,93614.13,-0.029914279,-0.043422516,-0.02403014,1681.726624483301,1352.5230988748167,83.05161556746042,0.3292035256084843,1109.9761950849147,2707.0236590456725,1079.539402540442,1712.304650422618,56.096209367707786,97.97627538650224,0.0234590409272025,1.17104384973937,9,5.8634298e-05
2022-09-26,288.01672,285.6247,291.72748,289.6893,285.98914,297.50134,-1.6382537,-3.5135345,0.5883341,0.82146615,-2.0023804,4.2972794,-2214721.0,-1112686.4,5465288.5,93538.28,-0.02125452,-0.029589372,-0.017604183,1903.2816024713657,1695.3872549197367,90.35417327940472,0.2078943475516288,1479.3538581113469,3041.506935042804,1444.4494099659553,2135.703572535503,60.82661382032428,99.5267778617038,0.0076903626572752,1.1914612573459364,9,0.086908996
2022-09-27,288.9912,286.24756,292.81232,291.5329,287.64465,296.88513,-0.27209845,-2.4720669,2.1850865,-0.27215484,-4.7022142,2.9762888,-2765591.0,-248357.39,5360565.5,93494.66,-0.02654118,-0.034979604,-0.019654851,2130.3849744978784,1802.8014416500291,85.61255366364918,0.3275835328478488,1647.435350402532,2931.017191586129,1504.552347340442,2285.102512980733,68.12932335893584,99.18410421345024,0.0156658985651426,0.9247667498430124,9,0.16287154
2022-09-28,288.1954,285.0216,292.1911,288.6218,285.89783,292.5647,-0.42940402,-2.5057678,2.4412894,2.6748583,0.01315403,5.0807886,-1215593.1,-217675.8,1468591.5,93636.54,-0.01166596,-0.024839828,-0.008579565,1759.23622520328,1712.6798802172689,97.30893384377464,0.0465563449860113,1470.5397402846866,2250.2171664757348,1388.2799167706462,2198.4682361359046,90.1669753601184,99.62219850512824,0.0066679070936813,0.1873462313077891,9,0.23303492
2022-09-29,285.50082,284.06506,288.62476,287.17603,285.35632,291.04468,-2.5052564,-4.75891,-0.95544815,2.7030764,1.5319672,4.0778093,-2337646.2,-508716.5,2863420.8,93801.68,-0.022434227,-0.039087713,-0.017672217,1603.5795800469468,1434.3984265440558,89.89251929953475,0.1691811535028909,1419.2117882255525,2046.1315244795428,1303.1327462117524,1754.669011746044,71.64899627078442,98.64477151282034,0.0199360233191334,0.5454825674720125,9,0.07827313
2022-09-30,285.67587,284.14154,289.34137,287.5649,285.0891,292.5089,-2.6998327,-4.569687,-0.26874447,1.3026776,-2.9896393,2.9140472,-2121276.2,-727500.25,3286692.0,93807.66,-0.020357737,-0.033271708,-0.014682678,1647.8855283171476,1453.065131184012,88.76060625235215,0.1948203971331357,1394.4699262166648,2242.422672375188,1309.7668963537617,1836.912000563468,71.43372555515049,99.17023450008242,0.0136879665612332,0.6405766148042249,9,0.049745515
2022-10-01,288.6877,286.61676,292.76178,289.8693,286.72717,294.42322,-0.5270246,-3.1654558,2.2107544,1.0428576,-2.6216164,2.4279082,-1946912.6,-613130.9,4244662.5,93573.22,-0.018684382,-0.026052792,-0.011698018,1919.051974682056,1769.6150909291011,93.02751923608724,0.1494368837529551,1552.3220154573828,2523.8600520854675,1541.2081924717606,2277.9444154416115,75.1426679096086,99.63634440739924,0.0058841010679141,0.6182521448299363,10,0.08408868
2022-10-02,288.3723,286.9109,291.65466,290.48242,287.21204,296.05078,-0.9249311,-2.57201,1.0012712,1.6297375,-0.6049671,3.617653,-2859320.8,-1446388.9,7033098.5,93569.51,-0.027440695,-0.034622513,-0.01641601,1992.0738736599008,1728.827997864886,88.34964360791105,0.2632458757950149,1601.966441514572,2787.021196277643,1570.9707228552277,2125.990284439546,57.31603645524325,99.72101409765791,0.0046458221733744,1.1896111114037926,10,0.011251989
2022-10-03,287.51535,285.59863,290.93927,289.5955,286.0067,295.1349,-1.374549,-2.6452322,0.45540524,1.3977553,-0.26142883,2.90654,-2753272.8,-1208187.6,6564223.5,93427.34,-0.026422964,-0.03367774,-0.018534921,1885.9831113628816,1637.0292452926244,88.33153761179848,0.2489538660702575,1481.0560230796364,2636.1212174863253,1441.981334731917,2032.6019265398595,60.49971553009669,99.75489393980229,0.003803445798982,1.041275379878577,10,0.028286781
2022-10-04,288.69052,287.50256,291.84473,290.17062,287.97742,295.41968,-1.1752383,-2.5451488,0.5659418,1.6678287,0.47769165,3.680645,-2402618.0,-1110071.0,4988325.0,93228.25,-0.023057755,-0.03060919,-0.017508825,1947.7650025207772,1763.5788502205407,91.43199345477642,0.1841861523002362,1683.1781207401973,2682.2561817841474,1632.3778007267174,2151.4260462242514,67.47791981043537,99.36141770901556,0.0109296699836149,0.8723255063293948,10,0.032450937
2022-10-05,288.42883,287.12573,291.5863,291.20715,287.5127,298.5426,-1.4047734,-3.4365711,-0.023472786,1.23445,0.00340271,3.3553467,-3387076.0,-1506708.6,7949871.5,93339.03,-0.032505527,-0.0410645,-0.019590912,2102.8382310747206,1735.4289587439073,85.19578215660883,0.3674092723308134,1633.4474684204777,3236.507539794925,1593.0290609556462,2116.906672104719,50.02586334575268,99.38642736026154,0.0100693881568834,1.6174167007621336,10,0.0044896947
2022-10-06,289.59653,287.1474,293.63586,294.2147,287.51965,302.69897,-0.8219901,-3.37471,2.34169,-1.0828116,-4.4040527,1.7262726,-4153449.2,-1087913.1,9385468.0,93110.81,-0.039860357,-0.051043026,-0.019949982,2609.7051964282605,1874.540620527424,77.89182878333317,0.7351645759008366,1634.1824166207452,4128.089864148091,1595.2687518407022,2404.563548422844,45.30100635485047,99.26577291885718,0.0126095463399883,2.2346211069110584,10,0.0013727682
2022-10-07,290.387,284.48853,294.62915,295.0535,291.77124,300.75684,2.4199665,-1.7641563,6.9582214,-3.197706,-7.0349283,1.8953943,-3930718.8,63638.0,6681136.0,92775.625,-0.037722826,-0.049929928,-0.028208874,2634.504500878041,1976.425356523965,75.70913921103441,0.6580791443540764,2141.560039505588,3687.871247638685,1340.24216490681,2555.9053207194106,46.33095982856891,95.92902813737878,0.0902316975502776,1.775321953759936,10,0.039046448
2022-10-08,287.4543,283.6228,292.53955,292.57077,286.73828,299.16223,-0.2733846,-3.3787384,2.1583328,-0.23589367,-2.4767952,1.5732956,-3797149.0,-1138631.6,8889637.0,93114.63,-0.03644097,-0.045066923,-0.023716293,2296.0320442124853,1635.3403304079684,74.93275170132584,0.6606917138045165,1553.4440515460185,3357.6644216503214,1265.3456872142317,2246.700736716145,39.57999136228991,99.58451200705947,0.0071782608510743,1.980336230894527,10,0.006586221
2022-10-09,288.7888,284.37012,294.44788,293.1104,286.50073,300.35657,0.29955626,-2.1759472,3.0344696,-0.4584087,-3.2083225,3.3072805,-3521447.0,-998694.7,8573476.0,93281.914,-0.033795077,-0.047223717,-0.02506881,2398.611937776403,1789.0276103512776,78.28605580363217,0.6095843274251258,1529.6046869812662,3602.4254837101016,1329.7730131934093,2527.678471425622,49.91312570596968,99.70878408688633,0.0061969271323341,1.7996846190785405,10,0.032364737
2022-10-10,290.34268,289.19214,293.02386,290.92752,289.40552,294.35547,-0.4576113,-2.2436676,1.4542389,1.1412004,-0.4037342,2.0725555,-1619249.9,-397872.03,2300847.2,93762.6,-0.015539825,-0.029534731,-0.010611717,2034.842756316217,1959.0578942720535,96.46338945958396,0.075784862044163,1844.4366009278565,2513.394869728628,1819.511410119342,2315.2808922106187,84.29153372977501,99.68039168780426,0.006131839570331,0.3834256744176978,10,0.53113097
2022-10-11,291.3234,288.8578,294.2205,293.8483,289.15192,300.64905,-1.2175754,-3.067933,1.3533354,-0.3768438,-2.47328,1.5095997,-2458654.2,-463817.25,4706484.0,93661.57,-0.023595529,-0.033731736,-0.016148232,2491.3950952317387,2089.8409394596106,86.79471015633182,0.4015541557721283,1814.8462959660728,3664.6891943801807,1781.0505821200595,2492.657979054874,54.14461792683468,99.5781185583294,0.0082728007809264,1.6716839119962688,10,0.040980525
2022-10-12,291.13254,287.8661,293.68146,294.3747,290.0877,300.99854,-0.40224376,-2.0314913,2.1542206,0.12867539,-2.257886,3.1147919,-3300669.8,-897394.44,7639692.5,93462.41,-0.031676292,-0.04047569,-0.018807778,2547.967906246972,2061.5860267087,83.17102604806425,0.4863818795382718,1926.14975406225,3740.319908994647,1671.1449686309702,2411.3342379453024,46.29488886681687,99.64734185682444,0.0070359449606062,1.9386379027321992,10,0.015308536
2022-10-13,290.14365,285.3235,295.12842,294.53464,290.26794,301.3838,-0.751425,-3.0940237,1.6952233,-0.12878269,-2.8519049,3.9468918,-3969115.2,-725476.75,8647133.0,93522.78,-0.03809132,-0.05060896,-0.025982212,2588.580783625864,1942.241908731629,77.81055143356342,0.6463388748942344,1948.2627882935744,3825.267265271953,1416.1506388743271,2635.0812738771115,37.020959338736496,98.22443399788952,0.0364964814970171,2.409116626397626,10,0.013505945
2022-10-14,290.59058,288.27002,293.70264,292.57364,289.5227,299.33215,-0.73291355,-2.3253403,1.2975845,2.4070356,0.19799805,5.743864,-3721015.8,-1666240.1,8607909.0,93770.54,-0.035710324,-0.04580549,-0.0283571,2277.678084384213,1991.333634658416,89.09137394811842,0.2863444497257973,1858.2527555956972,3391.5745895405084,1715.168870111697,2414.485073697887,60.18612823444418,99.60790532896964,0.0073479362787236,1.350317157912834,10,0.008987066
2022-10-15,289.95407,287.96472,294.4237,291.45404,288.98047,295.57153,-1.7012407,-3.682126,1.0702295,2.483402,1.2903905,3.8735685,-3011990.8,-1237480.8,5323100.5,93977.945,-0.02890586,-0.042778533,-0.022634108,2110.0320965011456,1914.6770469297965,91.22942556928967,0.1953550495713489,1795.078875926556,2707.1441814840323,1681.8020802513763,2523.935615249495,69.48557866917031,99.6946441298316,0.0058540252137247,0.8147301054109566,10,0.05153675
2022-10-16,289.81113,287.26575,293.20642,292.62778,288.3783,299.07764,-1.5529052,-3.6580353,1.2587585,0.64598614,-1.6025591,3.063675,-4029461.2,-1329448.6,9050240.0,93556.78,-0.03867045,-0.050574116,-0.02863177,2296.8517758807197,1897.758108539315,85.03158771494543,0.3990936673414045,1727.1417544319006,3340.893229138731,1607.5508496379,2341.603917507963,56.8405621968052,99.71783607637634,0.0050573239171219,1.441910735301277,10,0.053327862
2022-10-17,290.46393,288.58887,292.95715,292.6636,288.71997,298.72607,-0.36261258,-2.4742727,1.5425835,1.4074163,-1.0219727,4.2964067,-4044088.8,-1711535.6,9227457.0,93376.836,-0.03881083,-0.04933954,-0.03033469,2294.3432222055494,1974.5074133326648,88.23424867021133,0.3198358088728849,1765.4064720833323,3271.976972298951,1750.6367417119422,2305.7266466267647,62.28834454779714,99.86198718255255,0.0027202661374481,1.23021951256075,10,0.011056524
2022-10-18,290.33292,288.30225,294.07922,291.4678,289.09216,296.05725,-1.3599238,-3.624834,0.7636852,1.911057,0.31736755,3.3893728,-3251050.2,-1448520.6,6559323.5,93643.85,-0.031200098,-0.04257971,-0.027130077,2112.741940106402,1961.6172389456133,93.33593603874652,0.1511247011607892,1807.935288450771,2788.1134856913404,1718.7247359659025,2471.116056334771,71.58024158262698,99.5609500732492,0.00844427087604,0.7838103862916801,10,0.06835171
2022-10-19,290.49734,288.8883,293.64478,293.37012,289.68988,298.6811,-0.54711205,-2.5547342,1.678154,-1.0988356,-4.3465395,2.099903,-3574541.0,-956635.56,6844678.0,93538.77,-0.034304615,-0.045350205,-0.027589142,2397.880559958537,1978.8292964832387,84.85589032204398,0.4190512634752983,1878.119778254528,3263.2493980778054,1784.531170782892,2405.885556894444,59.29811152858676,99.66009228508037,0.0064844617532762,1.3033757095766736,10,0.19212465
2022-10-20,290.49615,286.9662,295.13,294.42297,287.7494,300.84625,-0.4742645,-2.6895905,1.7848969,-0.38461933,-2.0190144,2.8573036,-3861531.8,-986377.25,8850861.0,93150.15,-0.03705884,-0.050554395,-0.027707534,2584.3597091306287,1985.9779181381552,80.05430394608645,0.5983817909924734,1658.6125700023897,3707.199230554967,1576.622391769224,2635.336321104945,50.73313132633085,99.73538529140932,0.0059560782354778,1.8153624541316224,10,0.01891866
2022-10-21,291.17786,289.03687,295.03662,294.7436,291.70068,300.83105,1.7126867,-1.5419645,3.9517612,-3.6000702,-7.3016443,-0.550045,-3322291.8,213202.33,4808606.5,92831.62,-0.031883795,-0.051289935,-0.024171606,2587.152070684197,2067.880135333795,80.66728062644215,0.519271935350402,2132.1247572791785,3703.907904476579,1801.5602290934048,2620.3645360544688,59.965969160313215,96.76695158716592,0.0772430912645572,1.4247119618456483,10,0.06268705
2022-10-22,290.79904,287.35742,295.82568,293.46127,289.20837,298.49463,1.0748557,-2.5241795,3.1151571,0.73270077,-3.594861,4.792285,-3970385.2,-888202.5,7573698.0,93103.125,-0.038103502,-0.049746465,-0.029445998,2394.296631789552,2020.5575381878864,85.32434766271837,0.3737390936016653,1821.3974296655272,3227.288749018589,1617.121996927166,2749.250379363946,51.57630735616418,98.3341045301944,0.0306259252071995,1.550281828107414,10,0.08916028
2022-10-23,288.67874,286.58875,291.82666,291.466,287.1919,298.11316,-1.6265148,-2.824233,0.08476448,1.6266085,-0.59661245,4.2655325,-4466175.0,-1861066.6,10157153.0,93484.875,-0.04286156,-0.05692177,-0.03727383,2132.22982361327,1764.2954722692782,85.06676222124996,0.3679343513439917,1599.8766937526725,3154.797859703669,1538.3994320106983,2148.9968250525226,51.60316407687046,99.7185461878276,0.0045897862947056,1.5134464671882404,10,0.011438724
2022-10-24,289.22495,286.58752,293.11218,291.49725,287.0797,298.01904,-1.3666159,-3.2184582,0.35861588,1.1515086,-1.5673084,4.07306,-3783533.0,-1611643.4,9070983.0,93433.164,-0.036310297,-0.04916081,-0.032019507,2137.309855913331,1828.489784978668,87.4544086310965,0.3088200709346627,1588.2812615741054,3137.133541782431,1538.2771484446664,2327.9829743702894,57.94998159745296,98.78564026298815,0.0196241828062898,1.296122518466542,10,0.012227457
2022-10-25,288.2549,285.44263,291.30432,291.61353,288.09143,297.08667,-1.9407268,-3.5015574,-0.71300316,1.901205,-0.22770119,3.9129925,-4676203.5,-1941188.6,10050889.0,93453.5,-0.04487719,-0.05795992,-0.03943186,2146.145019342132,1716.6675313789394,82.46672976184523,0.4294774879631923,1695.5804745099003,2966.760805870911,1427.285069666342,2079.79592238365,48.95336545459892,99.40881479795058,0.0101991658849869,1.51443154640912,10,0.010783078
2022-10-26,288.27405,285.4712,293.5144,292.44577,285.98962,300.76233,-1.3540536,-4.2785797,1.9484711,0.3828504,-1.2321396,2.6066654,-4741035.5,-1507905.5,11261628.0,93255.945,-0.04549938,-0.05960068,-0.035626687,2314.3656390800625,1725.0057048480558,79.41664565527677,0.5893599342320065,1479.4011172015123,3689.056089079455,1429.966026809451,2386.607804004867,39.43684251132669,99.52055664875228,0.0072318370039386,2.232502939322122,10,0.0009300962
2022-10-27,289.9977,285.51953,295.6372,296.45773,289.7787,304.42786,0.8040723,-2.7667847,4.736328,-1.1194812,-4.4433556,1.5491657,-5429407.5,-1026921.2,11299447.0,93049.69,-0.05210564,-0.068742245,-0.037247322,2984.9302271842794,1926.014838336024,72.31639754411545,1.0589153888482554,1888.7491767880929,4557.866377541272,1434.5131365491077,2717.970153790861,33.43978719868176,99.68907208967715,0.0062996790065565,2.9914096525782887,10,0.000341219
2022-10-28,291.62573,285.49292,296.22827,295.76035,290.7848,301.328,0.30702528,-1.9273663,2.5939608,0.11555603,-2.1057768,2.4703157,-4614198.5,-1283913.1,10011329.0,93145.13,-0.044282135,-0.056084566,-0.0324058,2770.937653465564,2131.0372648206207,78.69536927294097,0.6399003886449433,2012.9156131503328,3812.863215877859,1432.008356587589,2817.1233010543438,49.245557286286925,99.09652987379718,0.0220674294202135,1.7673430648963708,10,0.05840614
2022-10-29,291.59314,287.21948,297.13257,296.50446,289.9275,303.12756,0.015753146,-1.9019346,2.2690582,-0.52482337,-2.8502264,2.2926636,-4737018.5,-1091719.1,10354253.0,93043.48,-0.045460828,-0.060152445,-0.03490505,2939.012827742652,2130.12654981881,77.00139350612419,0.8088862779238414,1906.6783455908544,4231.191563392687,1602.7396228497555,2974.9542227216307,40.16199615057008,99.61713266433142,0.0087966205325424,2.508175018511495,10,0.011503823
2022-10-30,292.29276,288.96863,297.11633,297.12613,291.03882,304.51404,1.0821122,-1.6697845,3.5056458,-2.076354,-4.4858027,0.61957455,-5429197.0,-1137688.0,10495199.0,92758.54,-0.052103616,-0.068858616,-0.043114167,3036.3766169648825,2220.9412136784704,76.26403624103814,0.8154354032864118,2045.377374318669,4580.274426383138,1793.7206791236931,2972.0537583201763,49.02844050381217,97.65526823477416,0.0591259451276305,2.2005053588880927,10,0.048773024
2022-10-31,292.10513,290.3297,296.64746,296.52676,291.2661,303.55823,1.4839796,-1.4080219,4.505615,-1.9169635,-5.204196,3.4830246,-5133229.5,-573946.8,9283887.0,92781.28,-0.049263235,-0.07187431,-0.04196657,2907.349648914628,2191.17023290697,77.15109220643565,0.7161794160076584,2074.811702895948,4337.048506574395,1955.892122932268,2889.350187640676,52.7821121813826,98.80413226003778,0.0251326332374751,1.919175147039718,10,0.11720954
2022-11-01,287.99252,284.412,294.06818,289.26166,285.83325,294.76453,-0.71998614,-3.3050842,2.4632664,4.574021,1.7283201,7.257614,-3790531.8,-550961.1,3013136.8,93521.99,-0.036377463,-0.08539942,-0.025494898,1837.068634393996,1700.2744960364405,92.29732362685714,0.1367941383575558,1464.3341753447155,2577.165003240332,1333.4667253599926,2469.438323612341,75.02723685773917,99.13825625576784,0.0181722513547815,0.4541027161059972,11,0.24751996
2022-11-02,284.41208,282.92957,288.1328,285.74277,284.0597,289.9801,-2.2527707,-4.0790176,-0.49260902,4.215555,2.7529783,5.457515,-3251541.0,-267262.8,1616340.0,93984.086,-0.031204807,-0.08219505,-0.018544424,1458.2644322841231,1335.7706066712528,91.66361424521274,0.1224938256128703,1302.66793537948,1913.053224692992,1208.0574495577991,1700.1018115440625,80.69190469383176,97.63508392823084,0.0324677928287665,0.29319950083063,11,0.16990405
2022-11-03,283.46698,280.3755,287.96704,286.0612,283.636,292.0044,-2.6292686,-4.4563694,-1.1150684,3.0765283,1.2970533,4.484372,-3537695.2,-950275.44,4701053.5,93983.66,-0.03395101,-0.063546084,-0.023749966,1494.5145929436103,1255.6920463842464,84.7948860164873,0.2388225465593639,1266.457977942296,2173.0001129951465,1016.2303213712044,1682.0533983636287,62.84456244609983,98.32923031213822,0.0219473714660384,0.7884428443980235,11,0.08961861
2022-11-04,281.70276,278.99597,286.55566,286.82352,282.42822,293.75867,-2.0501816,-4.298026,0.12211132,2.281738,0.7006717,3.8754196,-3808292.2,-1501493.4,8407481.0,93781.49,-0.03654791,-0.056146216,-0.028309945,1583.6610341333303,1116.1306992062148,72.51447024267651,0.4675303349271156,1168.0648056873154,2422.8381307587206,924.2517817433744,1535.0885717778194,46.02326648918298,93.43080265442832,0.0820217639272063,1.1376653781251975,11,0.0073059034
2022-11-05,283.71936,280.31958,288.28027,287.248,282.64172,293.21558,-1.6387568,-3.7545376,0.3472576,2.0116954,0.00041103363,4.1090555,-3658309.0,-1823197.6,9225770.0,93697.055,-0.035108533,-0.04809534,-0.029631957,1629.1367530807818,1276.635321088154,80.74294649060074,0.3525014319926279,1184.9509138003264,2342.930913693654,1012.3511457065772,1716.299579513697,45.38613452929853,99.69031333139252,0.0038195233479232,1.218178411845994,11,0.012057169
2022-11-06,283.89578,281.8429,287.7401,287.88278,283.61914,294.01123,-1.5368558,-3.673483,0.068621635,2.194522,0.2577362,4.0346317,-3423141.0,-1494506.0,8292977.5,93709.48,-0.03285164,-0.0459509,-0.026202107,1694.5568704352777,1290.9235688082374,78.34731240681782,0.4036333016270401,1265.0368704550842,2460.80595353699,1122.854201344498,1657.6198275463346,51.42309983343807,97.66049708396486,0.0309581704289566,1.0741341921218046,11,0.004202818
2022-11-07,284.887,283.45374,288.6438,287.8065,283.89185,293.52393,-1.0510272,-2.9951115,0.8316622,2.2369554,0.38206673,4.1077566,-2997150.0,-1421869.0,7451060.0,93620.59,-0.028763436,-0.0418314,-0.021858312,1681.8153243697825,1377.908643489712,83.60258631013393,0.3039066808800706,1288.2160383431042,2388.0111297272374,1251.1577396571456,1756.8118980742056,60.16865382371744,99.501887769853,0.0066062098199215,0.8499096526792643,11,0.011468873
2022-11-08,284.96252,281.59863,289.4436,288.4392,283.04382,296.24707,-0.59273034,-3.0701942,1.5993004,1.3646351,-1.461916,3.9276872,-4003617.8,-2055159.1,10435290.0,93512.945,-0.038422436,-0.05022995,-0.028589709,1776.6119284912263,1388.2142847785835,82.0886135632336,0.3883976437126428,1217.3391135034203,2820.3281706842777,1104.4488073572988,1848.9169143753409,39.16029414014376,99.80796566700378,0.0024978400448685,1.7158793633269789,11,0.0034545881
2022-11-09,287.31424,281.54907,291.4668,290.6166,284.69702,299.65918,-0.8431504,-2.6152048,2.8531952,0.80344385,-1.3372498,4.2195296,-4019276.2,-1837757.6,10929155.0,93359.73,-0.03857271,-0.049704064,-0.026547119,2053.411032102028,1621.591653387676,83.41653770345822,0.431819378714352,1358.85315348809,3457.680563443784,1100.7470443603129,2101.108399801261,31.83483911145307,99.79522473441872,0.0030652216652435,2.356933519083472,11,0.009765796
2022-11-10,289.29318,283.80225,292.92725,292.29385,287.28442,301.26294,-1.2688683,-2.8764906,1.6217461,1.089863,-1.0127592,4.1148376,-3888584.8,-1786645.9,9808919.0,93345.836,-0.03731847,-0.047378715,-0.024755135,2259.302991528062,1837.7630821359032,84.83058555875722,0.4215399093921594,1609.4967105405235,3798.440738474069,1280.559365238405,2301.454648368821,34.02124078662194,99.75683656427007,0.0040321862693049,2.5015390579534893,11,0.007675967
2022-11-11,290.4991,288.63745,293.74005,292.84476,288.76526,300.67798,-1.4484414,-2.969036,-0.09131336,0.9836269,-0.94851303,3.5926816,-3725295.8,-1778495.9,9304491.0,93279.086,-0.035751395,-0.04695655,-0.024514716,2331.278155321934,1981.1678635433443,87.76055537434189,0.3501102917785898,1770.5338921911098,3670.898796331367,1756.0973470953663,2420.0600709898727,51.68984502200716,99.5492605974192,0.0085902708341216,1.7734168975929572,11,0.045532458
2022-11-12,290.90488,288.25256,294.42798,293.4094,289.9275,298.57013,0.69281644,-2.3980865,3.732462,0.91222596,-1.7072334,4.2210417,-4348167.5,-1742485.4,9661847.0,93127.07,-0.041729055,-0.051100258,-0.02909106,2397.685130329071,2030.4945470537448,86.65861372826215,0.3671905832753256,1906.6783455908544,3241.807595147068,1713.2454788654989,2524.596877532454,55.49051906293814,99.6150364902076,0.0076085597470421,1.411273796697487,11,0.08926373
2022-11-13,290.932,287.98108,294.87817,294.2034,289.67908,302.06543,-0.7199654,-3.2036028,1.4021759,0.7236948,-1.4464331,3.446332,-4784151.5,-1772814.6,10957657.0,93079.21,-0.04591316,-0.05577025,-0.028766543,2543.400760536619,2037.654145503916,83.63511006296052,0.5057466150327031,1876.8303108030527,3979.700661189443,1683.5752394877827,2595.131906028537,42.591994502426736,99.38862043510888,0.0121627837805476,2.2692221327786397,11,0.0061703436
2022-11-14,292.35898,289.4536,296.30737,296.61548,291.53308,303.1023,0.96544266,-2.0378265,3.934723,-1.900765,-5.0888977,1.044281,-5159189.5,-1254536.4,10749018.0,92953.68,-0.049512375,-0.065169185,-0.033011496,2950.8521295522983,2225.329658757324,78.9670921169808,0.7255224707949738,2109.8580401129325,4225.051205588413,1850.0960188249908,2830.630285555876,53.19337930172845,98.6251070305794,0.0304004315035326,1.9546342889922224,11,0.06225915
2022-11-15,289.63156,285.3971,295.30762,295.16965,290.73242,301.39612,0.5760178,-3.3140306,2.9332125,0.09721199,-2.9697418,4.4172935,-4885707.0,-1128004.6,10188471.0,93190.555,-0.04688778,-0.06337694,-0.039167646,2667.589178315628,1878.1782362701,71.52551771927287,0.7894109420455281,2006.280135507752,3828.013391733924,1423.0207305619947,2664.0190497311305,50.03870188505258,88.85905642975824,0.2306797349580847,1.7838926332292262,11,0.009189284
2022-11-16,287.18356,284.28345,291.84863,292.46207,288.66357,298.1206,-1.7992147,-3.6231031,0.04612255,2.1506796,-0.5521698,4.58774,-4864394.0,-1880642.5,10583495.0,93456.04,-0.04668324,-0.064605236,-0.038783085,2260.8714106178563,1603.3754504219642,72.21281578198814,0.657495960195892,1759.0396383352088,3156.1991330155,1322.1557750560544,2151.9516000490894,51.111006075694185,90.97787932933916,0.1595113730918572,1.5430340023789404,11,0.0007993786
2022-11-17,284.9782,280.2046,290.7561,291.33865,285.27832,297.94348,-1.7181534,-3.4803152,0.16206741,2.082238,-1.1916351,4.613537,-5196990.0,-1940860.0,12487433.0,93551.37,-0.049875144,-0.06766525,-0.04249558,2121.012522461477,1396.2213491946804,68.689005440635,0.724791173266797,1411.949637952859,3123.014370374039,1004.4136660095816,2009.278411044111,37.067272653461366,95.44997204337314,0.0755797696271954,1.820997538841836,11,3.2700424e-05
2022-11-18,286.2577,284.0609,290.21094,290.7028,286.4077,296.73462,-2.2858713,-3.7537394,-0.59188557,2.2681406,0.43795776,4.0671597,-4731710.0,-2344405.8,12057248.0,93498.04,-0.045409884,-0.06512193,-0.036629282,2034.8468990262152,1509.1894286745958,77.24035450850819,0.5256574703516194,1520.357959738619,2904.569608634758,1302.7735613709983,1941.244697959217,47.424178455046416,99.04776851207812,0.0145630094551434,1.521012629820928,11,0.0012569865
2022-11-19,286.5218,283.84375,290.26276,290.66147,284.80713,298.2422,-2.5429018,-5.7784576,-0.92222214,1.6421224,-0.6886749,4.032013,-4469694.5,-2211190.0,11513032.0,93465.66,-0.042895343,-0.064753614,-0.034511693,2047.3098095731712,1538.0743306665245,78.07452337877926,0.5092354789066467,1368.77325560526,3179.156095282623,1284.1010509636917,1947.623176325617,50.46825544828258,97.3802264894247,0.0371884907079468,1.5746914760157429,11,0.0007175009
2022-11-20,289.13937,286.64905,292.81958,292.41226,287.76282,299.0409,-1.6888019,-4.0122213,0.12615967,0.93516445,-1.0288563,3.0870838,-3914431.0,-1748127.9,9801960.0,93388.75,-0.037566517,-0.054081142,-0.030869339,2270.04540773045,1820.514400446744,82.19511848645189,0.4495310072837064,1660.050360429629,3333.631619490959,1544.4509024558197,2286.132893584665,55.87874427725552,96.2951329349526,0.0644452056271811,1.4708401316898745,11,0.01968635
2022-11-21,290.55453,287.27197,294.86438,294.2263,288.5194,300.5952,-1.3256987,-3.1646547,0.66220284,0.5125026,-1.5825596,2.2959769,-3994780.8,-1590846.1,10334795.0,93258.52,-0.038337626,-0.05215407,-0.031777583,2547.917832623116,1990.8850340271729,81.58540239127252,0.5570327985959427,1742.8559289805503,3653.159041032664,1608.199239805333,2592.945338668884,44.15110657981548,99.75779300388923,0.0043779558302778,2.040248899296167,11,0.009975292
2022-11-22,290.66592,287.05176,295.59155,295.30533,289.76624,302.08423,-0.5566482,-2.816741,1.4667053,-0.29479548,-3.595789,3.118206,-4034469.2,-1196548.4,9585163.0,93153.56,-0.038718518,-0.054767616,-0.032944765,2729.8776593369844,2008.2356734011453,78.13306645228155,0.7216419859358392,1887.255690292092,3984.035760099443,1585.403402978497,2710.440282255577,40.03724885760294,99.71675318989874,0.0060210632053986,2.3889374482525363,11,0.009702118
2022-11-23,291.84036,288.91504,295.84888,295.20895,291.4231,300.89197,0.14294802,-1.6228733,2.5753632,-0.3624337,-3.6380424,2.4175472,-4317490.5,-1413390.6,9449389.0,93033.04,-0.041434646,-0.054991845,-0.03450308,2678.660389153003,2154.9396073318,82.67415208503492,0.5237207818212034,2095.357200852036,3717.1150520878455,1787.5850787349984,2753.121334285312,52.41325716268691,99.31373087980992,0.0149255942563081,1.6982639653724385,11,0.14273638
2022-11-24,291.01846,289.5122,294.6621,292.5424,289.7174,297.42712,-0.19308682,-1.9494276,2.9142008,1.5312487,-1.2709856,5.0711823,-3342783.2,-1339260.0,6669727.5,93017.375,-0.032080453,-0.04743719,-0.02759121,2255.6817429306952,2045.1424516684651,91.26224837708902,0.2105392912622301,1881.408890324758,3028.008925383236,1857.0113601102676,2561.067050722735,68.27304154461305,99.57621973806364,0.0083120759762705,0.927227236039258,11,0.2715589
2022-11-25,289.68338,286.3506,293.62256,291.38095,288.86304,296.39453,-0.46563694,-2.3461761,1.9049292,3.0528324,0.96466064,5.76274,-3927987.0,-1960091.0,7300756.0,93248.99,-0.03769661,-0.05813882,-0.027392166,2099.6525136704963,1883.5057398915776,90.1939569135637,0.2161467737789187,1781.6488180224412,2845.5786204000747,1514.7032918771547,2402.5907763246764,66.9328354422468,99.86326569111026,0.0025916044426576,0.7894003765958973,11,0.10535223
2022-11-26,288.63193,286.36316,294.10742,291.8678,286.63818,298.38727,-0.6334939,-2.527031,2.101801,1.1758089,-0.3874817,3.1978693,-4488830.5,-1962607.1,10847878.0,93202.78,-0.043078985,-0.05857199,-0.035394628,2194.714221125648,1762.027361899749,82.73368822981536,0.4326868592258981,1543.359112892692,3206.7410656372253,1515.9462105394527,2475.4029777046694,52.8359651571862,98.93242259450132,0.0171079146923379,1.4900815276900283,11,0.042137053
2022-11-27,290.32715,288.3883,295.2533,292.3178,288.71082,297.35242,-0.5726251,-2.5955648,2.465888,1.8483086,-0.28276062,4.239195,-4184959.8,-2056854.9,9881827.0,93121.37,-0.04016276,-0.05507649,-0.03446485,2235.4572177917576,1961.2696959816676,88.98798916950754,0.27418752181009,1764.3715195553266,3014.4750872538984,1728.252307553509,2655.217774225464,59.831524594006446,99.73664185228168,0.0050967204116209,1.206779397104374,11,0.04321038
2022-11-28,290.82117,289.312,295.07153,292.9658,289.84448,298.82788,-0.7668782,-2.9342957,0.94376373,0.8524552,-1.6788445,3.384262,-3891162.0,-1727406.5,8815982.0,92772.57,-0.037343204,-0.049505994,-0.03195268,2329.4788397641078,2020.6637751028072,88.20648285004187,0.3088150646613005,1896.658485760045,3291.804896444603,1833.4773061358703,2625.9530837656253,59.76477510322203,99.66958166771197,0.0065239642732451,1.3244651032476351,11,0.095910534
2022-11-29,291.45105,289.85852,295.51025,292.9033,290.14307,298.34412,-1.1098956,-2.34729,1.058178,1.1614426,-0.3655281,3.0433352,-3714047.2,-1314547.2,7349084.0,92496.97,-0.03564345,-0.047937714,-0.030390562,2313.806504884913,2102.091797346777,91.75542693967516,0.2117147075381364,1932.918083899896,3198.5145732456854,1898.3497629265864,2697.0767121029344,68.0824005135133,99.68882823790813,0.0061468406114831,0.9802768190834622,11,0.1557981
2022-11-30,291.34924,289.12097,295.4845,293.60226,289.70947,299.2234,-0.80133015,-3.2194214,1.9341583,-0.10777768,-2.0840158,1.6699362,-3493171.2,-857386.06,7141928.5,92439.02,-0.033523716,-0.044265546,-0.028730398,2422.496924072402,2088.700791902614,87.65949230710487,0.3337961321697886,1880.460290383359,3369.8348524502208,1811.2643616893304,2692.854966580272,65.29622746489308,99.29404402040286,0.0144329221960142,1.071055771440487,11,0.13343725
2022-12-01,291.51535,288.6001,296.516,295.2513,289.7295,301.23712,-0.3792418,-2.9765234,1.5143127,-1.2269468,-3.811347,1.6264849,-4630407.5,-1033336.44,9907787.0,92689.49,-0.04443769,-0.06086516,-0.035118878,2714.8505377370625,2116.27429735344,80.74978848625494,0.5985762403836229,1882.8544890045848,3792.730966463511,1751.8976636743948,2866.525254547578,50.89983391227805,96.2678795668712,0.0724876771570109,1.771924567188117,12,0.06622587
2022-12-02,292.8868,290.22742,297.8816,296.20117,291.4403,302.0589,-0.6894308,-2.8718157,0.8925543,-0.4230276,-2.8855076,2.7425303,-4776545.0,-1326602.8,10524132.0,93004.086,-0.04584016,-0.060553674,-0.03536283,2850.37739811372,2302.257504805432,82.59221493357417,0.5481198933082876,2097.620685903863,3978.1956007019617,1943.2711961691723,3111.491330433172,56.80979604776724,97.0574599031478,0.0707041181103018,1.6967796120327303,12,0.074698366
2022-12-03,293.27768,291.24316,297.33435,295.50037,292.27393,300.5323,-0.11403969,-2.340495,1.831193,-0.9006825,-3.2579222,2.2529116,-3771174.0,-898502.2,7517080.5,93079.73,-0.036191687,-0.048515916,-0.031222789,2715.207488005112,2355.2847785772874,87.80248735473289,0.3599227094278241,2209.849751989726,3639.721240440815,2071.823030786937,3011.210159039481,66.77297181325166,98.54060892008752,0.0338826754936021,1.143117631690801,12,0.17637137
2022-12-04,292.51624,290.9807,296.32678,295.55838,292.70667,301.76477,0.5140996,-2.4329834,2.7537174,-1.8827461,-4.101383,0.56161785,-4077238.0,-812187.7,7599106.5,92956.98,-0.039128963,-0.052833933,-0.03244366,2724.471623393945,2246.349800896529,83.56476327374826,0.4781218224974162,2270.160373245683,3910.924693470016,2037.9119209113207,2833.9531513447123,61.18329219100417,96.79479817407876,0.0764334473928452,1.4135525391373358,12,0.102500446
2022-12-05,292.38766,290.9048,296.38513,295.15646,292.31067,300.58447,1.0106114,-1.9676666,3.0488129,-2.5694346,-4.8483047,-0.30286407,-3553661.0,-215941.02,5258347.0,93040.03,-0.03410423,-0.05101689,-0.02712958,2653.584855068408,2229.0177823325243,84.76149423911492,0.4245670727358839,2214.915420288894,3650.8620367498647,2028.1927141137,2843.963226623109,63.92465830314561,95.03398642956594,0.1155193163948388,1.1727979505285038,12,0.12044078
2022-12-06,292.6028,290.91138,296.35986,294.68356,292.1864,299.5891,1.8309641,-1.238678,4.42754,-2.1668239,-4.506398,1.8319321,-3975751.2,-185890.33,5799798.0,93190.57,-0.038155004,-0.052927066,-0.031127675,2575.250065800223,2258.9250712554126,88.20217106621855,0.3163249945448101,2197.8239621472835,3443.4227271458367,2029.0348870572789,2839.624525124381,71.1798732030127,96.53483254815154,0.0803618554297172,0.890483408012079,12,0.30721894
2022-12-07,292.72406,291.37,296.62122,294.32935,292.28052,298.6682,0.51323694,-2.0181894,2.527983,0.5123889,-1.4750185,3.5263288,-3159931.0,-749011.5,5740993.5,93118.03,-0.030325633,-0.04316114,-0.024849627,2519.501621053966,2275.385848505514,90.80376686206512,0.2441157725484525,2210.757793859007,3260.7544822977093,2088.3876162200268,2884.781008213101,71.45276503523691,98.14295574585714,0.0425552820124598,0.8959401039354465,12,0.09792471
2022-12-08,290.11313,285.85327,294.4845,294.31723,288.83154,300.56335,0.19364466,-2.0268707,1.8778434,0.68167716,-1.0862474,3.1626935,-5213353.5,-1646675.4,11224479.0,92937.53,-0.050032184,-0.06326552,-0.036862973,2563.3277566455386,1936.450906438473,79.83421510802194,0.6268768502070655,1778.0620509194412,3646.350013777494,1466.2555467182692,2533.3587363425668,41.27577408042909,99.81378285984135,0.0035995361193859,2.1071576474453093,12,0.008657595
2022-12-09,291.02908,287.3175,295.9065,295.37964,287.87756,302.57568,-0.034357015,-3.4056292,3.0031128,0.4121349,-2.226757,3.1829681,-5525082.5,-1523981.9,11682441.0,92860.62,-0.053023823,-0.070138685,-0.042372633,2761.5876719514163,2051.83703530573,79.03561192726232,0.7097506366456864,1672.3817199185034,4098.839977811424,1612.9483878104554,2762.758269384892,44.17779908023834,99.89885064054788,0.0019728183036379,2.2147725073044597,12,0.00022975988
2022-12-10,291.23813,288.74414,295.12085,295.27264,289.02454,302.79016,-0.22691417,-3.1394043,2.869812,0.5633533,-1.138422,2.6113398,-5160103.5,-1461214.4,11248747.0,92987.805,-0.049521144,-0.063677296,-0.038254216,2740.5176025445016,2080.0012543951048,80.58083308598667,0.6605163481493966,1800.1415554568075,4149.840225253153,1768.14131191921,2633.865192328133,44.243456945859954,99.84820534310356,0.003006099976877,2.2763565093635645,12,0.0010714531
2022-12-11,293.3455,291.0227,296.84204,296.84128,292.22864,302.74225,0.38663664,-2.7214355,3.5250397,-0.3175283,-2.1401882,2.093401,-4434009.0,-1277557.4,9681483.0,92955.836,-0.04255287,-0.059304036,-0.035613004,2968.120936469528,2365.4049821743147,82.33397470381006,0.6027159542952126,2203.620012502989,4138.3993866578,2043.3047198541587,2923.423965716768,54.83911821431056,99.65114379377395,0.0078138049715757,1.8095292762637527,12,0.02585823
2022-12-12,293.80032,291.81848,297.0382,297.10263,293.927,304.94995,2.1233733,-1.6745148,4.875594,-2.3676107,-4.6572275,-0.015504837,-4661350.5,-1112118.1,8736984.0,92674.586,-0.044734646,-0.062085744,-0.03671907,2996.264791856543,2431.4570818070365,82.60150215945703,0.5648077100495067,2448.0863267695527,4695.093862582529,2147.897902002535,2958.1312230639205,56.84310128150717,97.7923169376972,0.0560221169032711,1.9813942247492773,12,0.035071094
2022-12-13,292.5426,288.6621,296.33972,293.92896,289.8064,299.44702,1.4566569,-2.5264416,6.055618,0.2013111,-4.0487967,6.5459027,-3230454.8,-210212.12,3663573.2,92563.22,-0.031002441,-0.05734932,-0.023462266,2458.5893775284244,2257.25189241454,91.86192826196424,0.2013374851138842,1892.0766445281472,3414.667327874836,1758.8745353988188,2836.170292441357,81.40028590353408,99.47531218599988,0.0127722281141041,0.6139551922462643,12,0.27077392
2022-12-14,287.4463,285.1272,291.30945,291.40793,288.02417,296.9087,-2.2929096,-4.088627,-0.81216145,2.5622857,1.0352051,4.1272936,-5028904.5,-1657508.9,9203597.0,93103.41,-0.048262037,-0.07334183,-0.039472442,2112.3057370703127,1630.0968158104288,79.01324988190771,0.4822089212598839,1688.254197269498,2935.176024804101,1397.973018238743,2080.465530745959,54.228731644655234,98.77929814105224,0.0211292425529695,1.2776369107990668,12,0.03371598
2022-12-15,287.57767,284.92468,291.13513,291.44754,286.60938,297.7721,-1.6542368,-3.8894653,1.2558441,1.0886263,-0.6700282,3.200821,-3792882.0,-951243.56,7641466.5,93134.01,-0.036400016,-0.06272988,-0.029647382,2140.918172845166,1646.8431099941797,79.08374963356742,0.494075062850986,1540.467318922672,3091.195523666842,1379.434603875263,2057.804738908267,52.86346700076122,96.74146610924797,0.0504008781543204,1.4540962374808506,12,0.002885247
2022-12-16,290.0347,287.48828,294.7433,292.8187,287.63574,299.0022,0.21953396,-2.3403025,3.8652382,0.552069,-2.4442215,3.6835794,-4188921.0,-1619761.0,9854975.0,92798.49,-0.040200774,-0.055606805,-0.034460373,2328.727362591649,1925.292104074053,85.05967239155517,0.4034352585175962,1646.4874408853575,3325.9989359347296,1630.87100260696,2573.8191834100758,62.00054251914973,99.528373265816,0.0083868641747235,1.2328304208704246,12,0.051928602
2022-12-17,289.9882,287.56323,294.7992,292.1815,288.62097,297.9474,-1.1388562,-3.0771666,1.3436823,2.2613883,0.5575898,4.3376436,-4278027.5,-2038630.0,9623341.0,92849.52,-0.041055925,-0.056006253,-0.03589567,2217.5163233779017,1919.208371043649,87.86820532069828,0.2983079523342525,1754.2434556151825,3123.7429138677726,1638.7921342330671,2582.6341853189365,59.50110694560721,99.68769091564089,0.0058653793716769,1.140945873410819,12,0.041482557
2022-12-18,289.55566,287.44983,293.92163,292.33725,288.58276,298.17944,-2.66897,-5.4592743,-0.8471155,1.680777,-0.050023317,3.6255646,-4425202.0,-1768477.4,9849037.0,93181.336,-0.042468347,-0.056952436,-0.037140895,2245.68655262381,1866.06677677897,85.08239806927001,0.3796197758448396,1749.9517928008909,3167.2906529665147,1626.8203192162846,2447.277178998755,52.17945568471374,99.53354483180928,0.0083695148274041,1.5134280548990262,12,0.019585194
2022-12-19,289.65027,287.24182,292.94843,291.4896,289.24695,295.6996,-2.8939192,-5.756358,-1.3795624,1.2888538,-0.66722107,3.0240936,-2719871.2,-509693.12,4173530.0,93281.46,-0.02610241,-0.05054952,-0.021286042,2110.9279369615238,1877.6639148201505,89.23839436099543,0.2332640221413729,1825.8853921712475,2728.287914993841,1605.061137468026,2304.4792023438404,73.32723398032488,98.68550604420328,0.0272739017347691,0.6653189984730716,12,0.048276782
2022-12-20,290.03235,288.46814,292.781,291.3638,288.9569,295.82288,-2.5572407,-6.4487457,-1.0066833,0.46025404,-1.2569914,2.6936026,-2759087.8,-369344.66,3549519.8,93027.32,-0.026478767,-0.040200673,-0.020192085,2096.2609934444004,1921.9404562394527,92.1394409079209,0.1743205372049472,1792.3773739504356,2748.782113724641,1737.1321464386756,2280.665282823983,77.54655259780455,98.90120738525046,0.0214502409952758,0.5677803456584095,12,0.5390857
2022-12-21,289.7373,287.984,293.24158,291.0714,288.8042,295.32812,-1.4304814,-3.2262878,-0.20821398,3.0758858,1.3973618,5.598235,-3254045.0,-1076767.1,5395003.0,93085.35,-0.031228838,-0.04884214,-0.022371404,2056.535288085837,1886.745516636076,92.08937621191644,0.1697897714497614,1774.9531088636995,2667.348419009572,1683.8929938208662,2346.703180393648,79.0887723440569,99.38681233884688,0.0114800310460118,0.4949416527423561,12,0.13292363
2022-12-22,289.0526,287.1974,293.38794,290.72043,287.91687,295.5869,-1.8735965,-3.675085,-0.3796444,2.9026797,1.3277359,4.238138,-3779279.8,-1510707.5,7254234.5,93241.75,-0.03626948,-0.052131243,-0.02942301,2018.0619908532456,1808.502504259264,90.19227206258864,0.2095594865939821,1676.624355841462,2709.6762388179463,1600.4463869225076,2368.037240265261,72.31457569829358,99.12073717165369,0.0155275395030253,0.6528293004797179,12,0.08656792
2022-12-23,288.79727,286.81396,291.98218,291.42316,287.54688,296.87488,-2.7525985,-5.628454,-0.79886913,1.577457,-0.4837901,4.3322144,-4170503.2,-1730898.6,8980048.0,93310.82,-0.040024027,-0.05257097,-0.03449955,2118.3564155754925,1777.1501747872835,85.52496918424951,0.3412062407882088,1637.0605367000971,2929.208741270008,1561.1077113393708,2169.986890312724,62.14091495557362,99.51102125419504,0.0082919696894027,1.093197456220671,12,0.023039302
2022-12-24,290.2431,287.8531,294.46527,292.58383,288.18945,298.34937,-2.0598607,-4.486435,-0.41968918,1.1239744,-0.44958913,3.2142944,-3960033.2,-1602904.5,9425087.0,93313.29,-0.03800416,-0.048668362,-0.02869665,2288.1169931369936,1954.3195856696432,86.98983277047289,0.3337974074673502,1706.3074967181044,3199.5142625858493,1669.7447279176624,2530.3752036795604,65.84270215001166,99.27207162976686,0.0126785986861095,1.0652243560406571,12,0.02468117
2022-12-25,291.47546,288.89954,296.83765,293.57364,289.19897,299.76562,-1.4440956,-3.4947052,0.5819073,0.8523056,-1.2937117,3.426386,-4096360.0,-1681580.9,10321364.0,93289.01,-0.039312474,-0.050509334,-0.028035995,2431.051521087595,2111.874721724796,88.45250186050127,0.3191767993627994,1820.3053142719168,3479.4393014875604,1785.8135318432635,2922.6505543206545,62.43640817484047,99.58268797738582,0.0079893991171379,1.3070023770149692,12,0.034474917
2022-12-26,292.2184,291.12268,295.33716,294.62613,291.62817,298.9696,0.20766698,-2.008665,1.3812714,-1.4773936,-5.2133446,1.2981472,-3402388.0,-769133.44,6782481.5,93154.25,-0.032652475,-0.046165444,-0.027171431,2572.507365715214,2204.267205698079,86.72282896884326,0.3682401600171347,2122.4663320886057,3319.582006465018,2056.1944367980955,2668.816083100857,70.98559805467158,98.67616954279104,0.028279034958035,0.8794333867325081,12,0.08508191
2022-12-27,292.08932,289.80493,296.32178,294.58807,290.97314,298.91614,-0.08624956,-1.881176,1.4924767,-0.7292531,-2.5536432,2.3388329,-3029980.2,-665201.06,6118506.5,93148.82,-0.029078506,-0.043929327,-0.022801535,2568.003217305272,2188.61670551246,86.17698377242725,0.3793865117928123,2036.941293519783,3309.078803683126,1891.9006142767996,2833.0959850613044,70.06585103345262,98.84230486774833,0.024978718303796,0.9549811615363114,12,0.10073945
2022-12-28,291.9674,289.9535,295.5719,295.197,292.08527,301.85596,1.0385906,-2.1356764,4.1611176,-3.226698,-6.7122517,0.14741325,-3758848.2,-698862.44,6737194.5,93010.97,-0.036073398,-0.051986802,-0.027637012,2665.309789868253,2171.133380944196,82.48394788444072,0.494176408924057,2183.9996129482874,3931.673162181333,1909.8264710870744,2707.2044444660096,63.3794765588036,96.2001259556268,0.1041771134032428,1.3872446653868138,12,0.055205647
2022-12-29,291.48883,289.5575,295.04407,294.4411,291.849,298.96912,1.1898501,-1.888402,3.6571267,-1.4849735,-5.030237,2.991211,-3057135.8,338023.22,4602366.5,93159.055,-0.029339114,-0.046086323,-0.023721376,2532.4262803075026,2108.797625483757,83.49034494717746,0.4236286548237455,2152.0008764974464,3319.485955059019,1862.3718975638783,2621.5556238229724,68.79441364697357,98.32202577805842,0.0362095003786403,1.0353268785327874,12,0.08402468
2022-12-30,291.5117,290.11005,293.75287,292.97223,290.78723,297.27136,-1.5061797,-3.7362518,-0.22988701,1.432273,0.12028122,3.2902832,-2961689.0,-894391.75,5076749.5,93396.63,-0.028423117,-0.041037615,-0.023339039,2317.1163877973345,2108.2029782843206,91.64376187081577,0.2089134095130139,2013.225429113066,2999.851224132634,1928.87845528293,2421.972533745931,72.97795274127365,99.61761203793228,0.0080524547727286,0.8106212154766013,12,0.07415028
2022-12-31,292.36258,290.1297,296.83252,294.02042,290.34045,299.32104,-1.0073532,-2.7545843,1.5236473,0.7074781,-0.514073,2.7412071,-3509015.2,-1390537.8,8208595.5,93392.24,-0.03367577,-0.04408533,-0.025081009,2484.914971399986,2228.6109262951945,90.63178964839489,0.2563040451047909,1957.2216395223995,3389.3486494037743,1931.2819237780936,2921.748467430509,67.51926174192565,99.13948839846752,0.0174490769449232,1.0788834100030031,12,0.1041057
2023-01-01,292.6394,290.37793,296.0918,294.53247,290.49902,299.14343,-0.6181603,-2.2573128,1.0873212,0.28284523,-1.9174147,3.0147262,-3723844.2,-1374960.9,8741493.0,93335.09,-0.035737466,-0.047148436,-0.027295599,2560.8495283721063,2264.5959257161403,89.4617243087355,0.2962536026559663,1976.9396834362465,3353.9311418020416,1961.86605773881,2793.9522473196835,67.37887534793923,99.74955365336196,0.0051935020268406,1.0819688200675142,1,0.09818219
2023-01-02,292.26474,288.85852,296.58838,295.3504,290.03552,300.41534,-0.22644274,-2.8496847,2.9732056,-0.63634783,-2.6673765,1.9741621,-4330578.5,-1377517.1,9951795.0,93097.664,-0.041560255,-0.05453168,-0.032387156,2712.419771750166,2214.719402910845,83.8012232419986,0.4977003688393207,1919.7885409929988,3614.863240640743,1781.134046293587,2879.0731313599995,56.34954622229564,99.78737180006765,0.004464813751435,1.5660355046318877,1,0.054145366
2023-01-03,292.10226,290.27625,295.8734,295.7654,292.1405,302.74854,1.7533484,-0.9485235,4.009247,-2.8296413,-5.6625423,-0.38572884,-4912732.5,-1159249.9,9315091.0,92838.85,-0.047147147,-0.06643739,-0.03918098,2767.6462818442155,2189.5492814668846,80.46887217675929,0.5780970003773309,2191.540538083755,4139.898970584412,1949.2865512851145,2757.221592992796,59.649296991820265,94.95458735241832,0.1147119132836296,1.5755918133334086,1,0.065313876
2023-01-04,291.9443,288.89648,295.8224,294.04645,289.6538,299.68774,1.5149776,-1.0633354,5.023692,-1.1435193,-5.2600613,4.8089848,-3548374.0,-343729.9,5496095.5,92841.27,-0.034053493,-0.056267817,-0.027811248,2481.3676166385044,2168.536856409058,88.05367184851455,0.3128307602294461,1873.8173059475075,3463.507782122801,1785.4649840251122,2748.7006833540745,67.72309366685074,99.29416009528866,0.0145145548368482,1.0670947681224083,1,0.23491043
2023-01-05,289.76193,287.90393,292.8957,290.379,289.05334,293.92456,-0.55150396,-2.2237492,1.4269552,2.6777523,1.2173884,4.0743036,-2044361.1,-376753.47,1523855.1,93105.71,-0.01961959,-0.050923258,-0.012996286,1964.4074252198536,1889.2992257145224,96.21101034313097,0.0751081995053312,1803.4580108647297,2447.718503253174,1675.2266675858805,2296.9547840895616,84.9788492817259,99.6580181901666,0.0068105189236473,0.3676754855327422,1,0.52213955
2023-01-06,288.2935,286.7915,291.594,290.78055,288.96753,296.06274,-2.3038762,-4.5031204,-0.6825676,2.959263,0.74420166,4.341324,-3430828.0,-766829.94,4771358.5,93442.69,-0.032925412,-0.053942904,-0.023692159,2020.6316181601808,1719.8745757190975,85.86337379133738,0.3007570424410831,1793.5947066766255,2789.0411955270824,1558.8298701465392,2117.9268746001176,68.73397672115132,97.67239090695315,0.0430596553966827,0.788338471865308,1,0.076199114
2023-01-07,288.3649,287.20068,291.6588,290.47357,288.18408,295.1714,-2.1225257,-4.1873703,0.035707474,2.4790132,0.58218384,4.1579933,-2743450.8,-658755.06,4526939.5,93624.87,-0.026328702,-0.044998147,-0.019838227,1982.6212123736732,1727.4682788113332,87.75631457595775,0.2551529335623402,1705.7181727779075,2641.9948092744403,1600.7882885022736,2126.542889618835,71.74197062293005,99.10576917948733,0.0158723017662061,0.6507889572356573,1,0.029266229
2023-01-08,289.10052,287.1532,293.06372,291.3682,287.73303,296.976,-1.8896008,-4.151369,-0.031970024,1.973495,0.7960205,3.5763865,-2858709.2,-860932.5,6215322.5,93536.336,-0.02743483,-0.04053763,-0.020596236,2109.7907814495466,1813.3108744540891,87.28651849862564,0.2964799069954572,1656.862560018974,2947.0884297667285,1595.86857551905,2321.005521333102,66.57945955741343,99.60538664500012,0.0067867874081036,0.895848650117686,1,0.015016588
2023-01-09,290.7023,289.45972,293.56732,292.1374,289.9474,295.91144,-1.6361996,-3.1069794,-0.526165,1.5550908,0.3627024,3.0654526,-2083888.4,-578394.1,3647446.0,93368.96,-0.019998927,-0.030297253,-0.016703308,2199.452990000081,2004.348479902331,91.6931041389111,0.1951045100977496,1909.087064554287,2763.5865421231874,1850.815309261525,2394.416226071275,72.9225689671394,99.16568789563452,0.0163928669565161,0.7213532840921002,1,0.04176626
2023-01-10,291.60593,290.33728,294.8305,293.32523,290.68835,298.1087,-0.39704084,-3.147026,2.4978323,-0.051742364,-2.6072922,1.7675381,-2229637.2,-420933.0,4045299.2,93292.664,-0.021397669,-0.028974721,-0.016865114,2375.041902465491,2122.321223171282,90.26504909878156,0.2527206792942096,2000.7113284781456,3153.9596531868374,1956.828745194582,2587.582520747093,73.98968561150103,99.58698454125846,0.0084807404366688,0.7571174376709018,1,0.08689637
2023-01-11,292.474,290.07446,296.5912,294.94437,290.82288,300.8811,0.9271877,-1.3582916,3.2696686,-1.4178616,-3.4770565,1.7517614,-3308116.2,-940762.3,7291606.0,93223.23,-0.03174776,-0.042021263,-0.022067556,2635.387626229485,2242.565698366405,86.58522928470715,0.3928219278630806,2017.7535140102136,3714.756458721876,1924.5335196095923,2879.560778539922,64.25508795817458,99.47811985126206,0.01132360829986,1.224739523934027,1,0.037439264
2023-01-12,292.05646,289.92053,296.63794,295.00122,291.3136,301.47424,1.4339777,-1.9020386,3.8351593,-1.7751452,-3.8155146,0.90237904,-3833879.0,-1009537.94,7905210.0,93041.07,-0.036793463,-0.04955982,-0.028573157,2638.3780285565813,2184.5974551151576,83.89123692682887,0.4537805734414237,2081.0077332951346,3845.454644039331,1905.8366632456127,2887.6917999726134,64.2346516652216,95.43288938019307,0.096570611169408,1.185144099754016,1,0.06306642
2023-01-13,292.08084,290.20728,296.1277,295.76205,291.6714,302.56848,1.6827683,-1.6234283,4.33107,-3.0032558,-5.614003,-1.081398,-4605820.5,-807700.0,8812805.0,92945.31,-0.04420173,-0.05893421,-0.033758346,2772.9124918226785,2186.7915085545465,80.57243082306842,0.5861209832681319,2128.2177279449847,4097.136927293162,1940.7946172443203,2800.0292958607324,58.95514331699293,94.63616999039294,0.1144282319688782,1.5804130806802803,1,0.04266349
2023-01-14,292.1716,290.4724,297.22925,296.8077,293.0099,302.97717,1.1258397,-1.6821289,3.2322607,-3.0639794,-6.144109,0.032310486,-4223955.5,-210817.42,7262494.5,93090.46,-0.040537003,-0.055429693,-0.033314895,2945.78034122913,2199.992181643774,75.80876683535901,0.745788159585356,2313.2762625887767,4194.76048307859,1973.618439070292,2992.2775239304533,58.82054884714793,89.54210467846795,0.2517203137136112,1.651470842959846,1,0.02267376
2023-01-15,293.3066,290.96887,297.9817,297.3528,292.69202,303.93127,0.6931717,-1.2558813,2.5377655,-1.1395718,-3.1020412,1.6916599,-4776010.5,-1180285.9,10058577.0,93265.555,-0.045835033,-0.058676977,-0.031516097,3059.364207832273,2361.422198018005,79.19329720764974,0.6979420098142685,2268.0954545927825,4430.603029845094,2036.3935380054768,3130.1468252536893,58.463660744854174,95.6371418056624,0.1030027681822216,1.6632503702715045,1,0.043072246
2023-01-16,294.461,292.3119,299.27417,296.2644,292.3507,301.33704,-0.7120033,-2.095914,1.0406125,0.50403494,-1.4731693,3.1982596,-4070253.2,-1348451.0,9037388.0,93244.87,-0.03906193,-0.052143604,-0.029345017,2846.1984240561505,2534.1987201592715,90.10198514867896,0.3119997038968788,2220.44708410258,3814.869362261609,2215.083889673183,3379.969732057189,66.51463272311496,99.75846330823217,0.005363194429397,1.2648528146844669,1,0.1246548
2023-01-17,293.22757,290.64746,296.8523,296.28806,292.57336,301.7082,-0.68766046,-2.2616234,1.0693703,0.9828501,-1.1194153,3.551012,-4595943.5,-1336425.2,9261357.0,93332.84,-0.04410694,-0.05734853,-0.033873893,2860.6154142045566,2349.132743937807,84.50849881901135,0.5114826702667495,2251.43025841602,3898.098765121336,1995.555748831932,2925.2292891446527,52.77013299495136,99.66398373310814,0.0083145121383427,1.81292469630707,1,0.026612192
2023-01-18,293.05115,291.32935,296.6875,295.39554,292.3628,300.758,-0.70023185,-2.5687475,1.4659796,0.85940003,-1.8634148,3.7773173,-4293982.0,-1471084.4,8991423.0,93465.63,-0.04120904,-0.053856015,-0.03468899,2703.273081958828,2321.9436544807672,87.59415744883664,0.3813294274780612,2222.1190822462327,3688.121353143744,2083.066042138174,2896.333049994414,59.74952616905694,99.72587773880112,0.0062323644962934,1.442938358401689,1,0.039766274
2023-01-19,292.48532,290.58948,297.1554,294.75998,290.98486,300.4275,-0.7889467,-2.309845,0.86918354,0.9806594,-1.0015326,3.7500572,-4356561.0,-1594069.6,9337397.0,93406.414,-0.041809607,-0.05515095,-0.036467392,2603.7028645943437,2243.5043448761216,88.012526255762,0.3601985197182217,2038.444372876747,3617.438125070434,1988.2656026964207,2979.0365100861245,60.37380629798788,99.7788648640519,0.0048945299782881,1.382491840586484,1,0.039616313
2023-01-20,292.04044,289.89856,295.86902,293.8937,290.66724,299.26062,0.10880732,-2.236969,1.7473145,-0.4372139,-2.0786572,1.5419855,-2717858.5,-562008.2,5080653.0,93153.93,-0.026083093,-0.045900866,-0.019770058,2456.805787646915,2181.2251731536758,89.48206503693565,0.2755806144932399,1998.047435884688,3377.262869936968,1903.1808619773556,2756.486825333261,75.02370222754095,99.5757437955677,0.0087507536188672,0.7419106459427062,1,0.0911293
2023-01-21,291.56195,289.23413,296.45728,294.3103,289.2799,299.88086,0.9510303,-1.8102417,4.2295685,-0.19061212,-2.4854317,3.0049348,-4415818.5,-1453314.1,8690053.0,92838.25,-0.04237829,-0.05798348,-0.035352964,2540.695061466281,2118.6593324727114,85.4388058856582,0.4220357289935699,1829.7277416460963,3503.1294603200863,1824.393061673808,2856.3824965377053,61.79196700020767,99.83401609427428,0.003233702736479,1.2357977538776808,1,0.043512903
2023-01-22,291.99466,290.03455,297.40723,296.17508,291.46155,304.27466,1.6903391,-2.2216034,3.6408844,-1.7021952,-3.641264,1.2181069,-4904412.5,-1151166.1,9502756.0,92786.01,-0.047067303,-0.06706623,-0.0400756,2864.1386611522357,2175.542878256829,79.06674368250879,0.6885957828954061,2100.4168817835816,4518.269280954071,1919.669676906768,3024.399139315325,53.93479068196935,97.1402685697784,0.0610704871371935,1.9511421776683628,1,0.00957786
2023-01-23,293.0559,290.50525,297.74402,295.86316,291.54504,301.42676,1.1768862,-1.4805737,3.4091253,-0.67758185,-2.288638,3.0230703,-3662688.2,-923719.94,7306808.0,92871.086,-0.035150558,-0.0520858,-0.029859489,2774.45515360012,2325.0711039072435,84.6364755330038,0.4493840496928767,2111.440567891331,3834.845381086927,1977.7173800592127,3086.010167976187,66.53370097050855,98.76158275490562,0.0301110950846223,1.1210059295321808,1,0.062936425
2023-01-24,292.73486,291.14832,296.01257,294.92905,291.9281,300.88562,0.5827905,-2.085867,2.411569,0.46322823,-1.6764612,3.4623327,-3723008.0,-1087648.8,7101090.0,92895.695,-0.03572944,-0.051634375,-0.029144228,2624.2212884294563,2276.605691687291,88.0749153477226,0.3476155967421659,2162.66783028976,3715.7368387088463,2059.510971608453,2780.578145101039,63.10924119696863,99.3770132206286,0.0140288812503013,1.242309688580729,1,0.16701598
2023-01-25,292.0155,289.48206,295.41296,295.40903,291.61694,300.6891,-1.252329,-3.5401297,0.81602573,1.4156307,-0.5944384,3.3021984,-5024197.5,-1540255.4,10134564.0,93050.22,-0.04821687,-0.06188084,-0.041108947,2712.394996406698,2178.560203148389,82.74339230562528,0.5338347932583086,2120.973854776466,3673.285515183916,1853.450008723088,2681.1604709180147,52.34120591975502,99.61846359352651,0.0085230311764189,1.700341700667782,1,0.013239333
2023-01-26,290.14954,287.6786,295.26782,294.50424,289.22607,300.65173,-2.1589365,-5.3211365,-0.5906029,1.1708666,-1.480875,4.1962595,-5208933.5,-1334117.9,11311805.0,93129.87,-0.049989767,-0.06660584,-0.044336975,2579.2666687638484,1940.3666016863372,78.19771837249853,0.6389000670775111,1823.4555742194348,3665.265226461365,1651.0495946422732,2657.568874529866,50.40320152538477,99.80381571087062,0.0036815318683727,1.7549163562983146,1,0.00048110032
2023-01-27,290.43234,286.80505,295.1814,294.18768,288.68713,300.6103,-1.7740278,-4.3105316,-0.19784164,0.9898831,-0.7631531,3.1836557,-4762468.5,-1293846.8,10298783.0,93211.77,-0.04570507,-0.063484415,-0.03990649,2544.957938469867,1979.555385318018,80.39811906527301,0.5654025531518493,1761.6969166042093,3656.384807189651,1560.2036522694525,2643.6076294371364,50.28364400924854,98.75951098042349,0.023142569839623,1.817821287134158,1,0.0077600554
2023-01-28,293.17496,291.0907,297.8263,295.32663,291.1798,300.8977,-0.53540707,-3.0402374,1.4706573,0.07700859,-1.7075968,2.430499,-3697832.0,-1155340.2,8505799.0,93294.21,-0.03548783,-0.050752204,-0.029683935,2696.208268456603,2342.3327386366045,88.31903446409454,0.3538755298199987,2063.5920015189777,3718.361129151028,2052.063241106378,3101.227082943844,65.5420719328684,99.69085477482236,0.0067098943941309,1.2196954070731625,1,0.109159395
2023-01-29,292.87076,290.3872,296.85364,295.89047,291.4972,302.2633,0.9929171,-2.6668663,3.4160461,-1.3844897,-3.4155493,1.2743549,-4633015.5,-1327255.0,9359739.0,93168.18,-0.04446272,-0.062737964,-0.03756055,2794.4475286997463,2297.5891414014154,83.94949624078582,0.4968583872983304,2105.1167030123465,4025.538929023487,1963.0173099654617,2925.4657728046595,61.67719079245301,99.29291529680016,0.0157227795134676,1.385907146401871,1,0.060810905
2023-01-30,292.22208,290.50928,296.45398,295.33636,291.3955,301.2141,1.1577085,-2.7915955,3.2074738,-2.3238447,-4.978217,1.2993279,-4068255.8,-627078.8,6766098.5,93028.055,-0.039042756,-0.06751223,-0.03075236,2689.885005616005,2205.842492109559,83.10895825171247,0.484042513506446,2091.7336766746794,3787.6484346238217,1978.220738712592,2855.814085231587,62.8513811428199,96.38729979152993,0.0774852162114671,1.1952422354992358,1,0.041949622
2023-01-31,292.34494,290.33057,297.0758,295.8849,291.57593,302.19763,0.68019533,-1.5004272,2.4617157,-2.058892,-4.7679014,0.64853954,-3660695.2,-377218.9,6200720.0,93092.85,-0.035131432,-0.056251343,-0.027988404,2785.161759741109,2223.7685609429477,81.10688685415836,0.5613931987981616,2115.530892162219,4010.2746556580496,1955.9978508805443,2964.824300302365,61.39987110738898,94.877277489374,0.1124342293059166,1.4214321065080453,1,0.034920044
2023-02-01,292.75485,291.26562,296.97522,295.54587,292.40076,301.6604,0.7063086,-1.8900757,2.3522034,-1.4936932,-3.1982164,0.5290947,-2828569.2,-153866.42,4111112.2,93204.47,-0.027145576,-0.045238905,-0.020003373,2717.838411298803,2280.0210788974045,84.65747592562035,0.4378173324013989,2227.378710103444,3887.293843308625,2074.748074733892,2946.94778361447,62.64031235260207,95.25846505407638,0.1107088170037654,1.2925914969920405,2,0.106357574
2023-02-02,292.80307,291.40466,297.0498,295.99515,292.62036,302.14832,1.0670108,-1.76091,3.2109985,-1.6966113,-3.1342144,0.39116573,-3115301.0,-338595.8,5125020.0,93221.09,-0.029897325,-0.04614018,-0.023096187,2796.298298899003,2287.336462341348,82.7670180019671,0.508961836557655,2258.018289785427,3998.845505328984,2092.935563208585,2960.1942341667555,60.04483259534344,95.974419780352,0.0918134895457697,1.4409761673850758,2,0.04084624
2023-02-03,292.47464,290.62402,296.81958,296.50418,292.8341,303.8369,1.7462196,-0.14717668,3.0607605,-3.0953357,-5.1003857,-1.5899515,-3380783.2,-34462.668,5154922.0,93104.72,-0.032445136,-0.052805185,-0.025847582,2888.7300927094243,2241.0770212243515,78.76087410117465,0.6476530714850731,2288.1948777294974,4406.774124866537,1992.6061728221368,2919.4728557855,58.387195210563576,93.92744347484792,0.1407526293504552,1.8120293395623448,2,0.011493806
2023-02-04,292.76318,290.69012,296.48218,296.66635,292.87415,304.26624,2.6781905,0.4847107,5.399399,-3.6413698,-6.982815,-0.27971363,-4380308.5,-263923.03,6964192.5,93091.48,-0.042037513,-0.06002672,-0.03468562,2916.085662767922,2280.8248100997007,79.27115239986004,0.6352608526682214,2293.886779009612,4516.100956281718,2000.934744335536,2860.6803625888438,58.479475421508205,93.50587489697786,0.1499658499597121,1.8751088075424536,2,0.047735024
2023-02-05,292.94547,291.26648,297.1007,295.81662,292.28455,302.50635,2.1688626,-1.0513,4.1137733,-2.1105707,-3.6197195,1.5157108,-3937901.8,-317924.5,6658921.5,93175.125,-0.037791763,-0.05548744,-0.029867517,2765.230933416687,2306.944055193273,84.28217888155922,0.4582868782234142,2211.3128695174496,4082.470136772592,2074.859425141908,2969.2646717103594,63.80579515839469,96.12602567601034,0.0895052765841069,1.3744218871515723,2,0.079941526
2023-02-06,292.88217,291.104,297.03333,295.76685,292.00513,302.55786,1.5022062,-0.852478,3.8302002,-0.9895012,-2.618741,2.7222834,-4112701.2,-743284.8,7853358.0,93155.555,-0.0394693,-0.056846052,-0.03229852,2760.6863362433846,2298.867551818635,84.29024580324138,0.4618187844247496,2173.0995125066074,4094.6267762018097,2053.781058409608,2957.262963403681,61.79443601816746,95.83533630655369,0.0920615218786524,1.3850894527201454,2,0.13219953
2023-02-07,292.89053,290.4491,297.39282,294.30936,290.47607,300.14368,-0.035940375,-1.5993147,1.4127057,0.5283684,-1.2346659,3.651534,-3332976.2,-1063629.1,6864204.5,93257.84,-0.031986337,-0.04567469,-0.026519356,2526.4597503491486,2300.333026542924,92.12649413562656,0.2261267238062251,1974.0752000084296,3557.688203904135,1970.7125709156303,3021.788270645428,65.95855829492551,99.84866886639826,0.0030732535696008,1.1588875506408465,2,0.14609407
2023-02-08,292.67548,290.4995,297.72717,294.50494,290.5703,299.78387,-0.91501474,-2.8302498,1.1824224,1.0766953,-0.7402191,3.111672,-4038444.8,-1530818.0,8688546.0,93236.79,-0.03875667,-0.050815497,-0.032212626,2559.5602310760614,2271.145245652097,89.86151927190254,0.2884149854239645,1985.86116687586,3483.1817211982734,1977.0006695399093,3082.902609363461,65.59153883855902,99.7800392363744,0.0044125535111177,1.1656590815601648,2,0.069997214
2023-02-09,292.41815,289.28406,297.26538,295.03418,289.40515,300.86597,-0.8862526,-3.134262,1.3224335,0.36294976,-1.8033876,3.393025,-4341319.5,-1424644.4,10040752.0,93265.01,-0.041663337,-0.05534199,-0.03293951,2664.441832458096,2236.8630155812234,86.13050403382915,0.4275788168768732,1844.3935673501744,3711.472508359832,1830.2120965516249,2998.774517942391,57.94839144279201,99.98916756449096,0.0002083561308954,1.4796655200755324,2,0.022755103
2023-02-10,293.16812,291.10962,297.5824,295.34192,291.5426,300.6164,-0.5375759,-3.1347046,1.469348,0.2767457,-1.7348118,2.6421213,-3849888.8,-1273586.8,8784619.0,93244.21,-0.036947105,-0.049941644,-0.03166828,2693.737373568719,2340.1553683128573,88.2189440068499,0.3535820052558615,2111.11751842943,3657.69149294932,2054.506387655507,3056.30831197593,64.54004037712761,99.7742180188843,0.0048452733113877,1.2271690692178383,2,0.10374829
2023-02-11,292.5745,291.19324,295.86682,294.15872,291.9325,298.94812,0.30989158,-1.5964451,1.8304784,-0.8486497,-2.2387552,1.5624189,-2297302.8,-277304.6,3538632.8,93252.72,-0.02204705,-0.04293731,-0.016371688,2490.471321374257,2254.237797825185,90.8343661650927,0.2362335235490716,2163.2617972202493,3315.358043032031,2065.33413358435,2756.1195058243,79.82226631573036,98.7495458810678,0.0278123634775297,0.5793659018649846,2,0.14063857
2023-02-12,292.42813,290.44495,296.40955,294.85196,291.44177,300.18274,0.042446207,-1.7892828,1.1790924,-0.89457935,-2.9646778,2.2552834,-2826466.2,-508286.0,5054124.5,93164.26,-0.027125396,-0.0403208,-0.021744225,2609.4017728641197,2235.020649667007,86.826171824881,0.3743811231971123,2097.813422018372,3565.8603183189443,1970.1956902121408,2848.160721492954,64.66509039965473,98.78090189154231,0.0295752445467783,1.1590231121543435,2,0.08071741
2023-02-13,292.5811,290.4823,295.9994,295.15997,291.6145,300.8545,1.141086,-1.137146,3.1182098,-1.4660516,-3.2994938,0.7637577,-3169921.8,-535553.94,5271825.0,93145.84,-0.030421512,-0.045707967,-0.024390599,2664.3095678617565,2256.232022142021,85.98473904806583,0.4080775457197361,2120.649525130811,3708.984752363975,1974.8519067175275,2778.358013010104,65.4961237149169,99.63917764296724,0.0083911240934444,1.170879144452183,2,0.39042568
2023-02-14,292.76907,289.5747,297.4585,296.06924,290.59583,303.2859,1.3206432,-0.82766724,3.7533264,-1.6009902,-3.220005,0.3853588,-3700738.2,-464981.1,6551092.5,93082.53,-0.035515722,-0.052530024,-0.028471585,2825.9528279149254,2284.2602584918686,82.48954337426245,0.5416925694230567,1989.062539890558,4269.842742219806,1864.4127543779864,3033.7080882825885,62.25726608211993,98.0276427416846,0.0479515543153133,1.5079815185194647,2,0.08352103
2023-02-15,293.2592,291.36633,297.6941,297.45874,293.21875,306.12354,1.9494663,-1.778717,4.617691,-2.6377597,-5.200389,0.6422014,-4454318.5,-320543.25,7574212.5,92839.53,-0.04274778,-0.058271345,-0.035346854,3071.496951777703,2352.872025408682,78.46382981114506,0.7186249263690212,2343.391092986318,5016.774338220914,2087.9077063783147,3076.808052467852,52.32025641226118,95.05155522160784,0.1513016433369034,2.375703561491529,2,0.027201572
2023-02-16,292.7672,290.81323,297.67676,296.86206,292.93323,304.13184,2.4573238,-1.247055,5.038926,-3.239065,-6.6722965,0.53477,-4964658.5,-248650.86,7646343.5,92602.27,-0.047645472,-0.06614616,-0.04022464,2953.671916843707,2282.678810078932,78.51979348615127,0.6709931067647746,2302.308492081629,4481.624582667753,2016.5275681876203,3073.618806171731,58.12641758416927,95.82045867670344,0.0963323356408832,1.7832862257919646,2,0.062401764
2023-02-17,292.1434,290.0221,298.08887,297.69104,293.19763,304.41748,1.9169235,-0.77941895,4.5054474,-3.4830658,-6.5121374,-0.36420345,-5418480.0,-411650.0,9014411.0,92704.305,-0.052000765,-0.07099014,-0.045287594,3110.7970435485418,2196.918253614708,71.94200004636066,0.9138787899338336,2340.3306214513077,4555.174982377458,1918.154726525157,3150.2302760308085,52.54855607965366,90.81842463152,0.2984695416065601,2.0506372457561004,2,0.008293329
2023-02-18,293.1052,290.41516,297.5421,294.91174,290.87805,300.5017,1.2427635,-0.81712246,4.3102846,1.0848529,-1.7294655,5.722559,-2594231.2,-392258.4,4200613.5,93168.56,-0.024896652,-0.03808377,-0.019615294,2614.449593318693,2332.2164582180226,89.70029565020634,0.2822331351006705,2024.780381236037,3633.206936726209,1966.4898037308324,3048.944345796365,70.6190173486558,99.0099727660342,0.0210718676585934,0.9865361794932642,2,0.22027472
2023-02-19,290.47208,288.80383,294.60803,291.07877,289.463,295.615,1.1699196,-1.2041874,4.288248,4.295877,0.54415894,7.0546503,-2764953.0,-56540.176,1534350.1,93502.82,-0.026535057,-0.06323133,-0.01683016,2054.118330367912,1976.920395101379,96.26486066363096,0.0771979352665332,1851.2038282860456,2714.3035988501747,1774.911503701325,2552.6027851193894,89.2005754564508,99.52808408704306,0.0096866897466904,0.2236117218377926,2,1.2282652
2023-02-20,291.97903,290.16223,295.62097,294.37302,290.48083,300.0147,-0.77384263,-2.3350601,2.3023205,0.004649822,-2.2864304,3.1625671,-3938931.0,-1081871.5,7693476.5,93363.25,-0.037801642,-0.047632493,-0.02513123,2553.225064955827,2174.019111353838,87.22870222184918,0.3792059536019888,1974.6691280508696,3530.823563151024,1935.2661186868463,2715.290321750862,60.546385648482655,99.58439116881178,0.0087438964113666,1.3877567821976544,2,0.42398947
2023-02-21,292.24915,290.0453,296.20203,295.12643,290.85583,301.77356,0.67156005,-1.7193947,3.4459991,-1.1617273,-2.8654766,2.5229502,-4068852.8,-981118.25,8345124.0,93314.07,-0.039048485,-0.053109054,-0.03129495,2669.4089515342034,2210.500007980549,84.74795127753403,0.4589089435536542,2021.9483985376253,3912.920373670554,1920.9775375735244,2812.654304744775,61.09110264601173,99.53147007059606,0.0107565842069834,1.4183793596794636,2,0.094522834
2023-02-22,292.46756,290.34497,297.03955,294.6943,290.65918,300.1718,-0.43157414,-1.9832907,1.0956604,0.30095947,-1.4696312,3.724183,-3725236.8,-1182396.1,8178790.0,93553.25,-0.03575083,-0.04804409,-0.02817391,2590.6437421275746,2240.9628484785576,88.00162785942359,0.3496808936490165,1997.0319744461676,3563.5730292908484,1957.780877855933,2958.370033588412,61.23886694976706,99.3210429198868,0.0149910372591598,1.3585259928819975,2,0.1124738
2023-02-23,292.84238,291.51782,296.61438,294.67746,291.64197,299.85565,-0.87179714,-2.3975725,1.875412,0.59329516,-1.1565037,2.5156708,-3679103.0,-1134183.1,7374989.5,93602.16,-0.03530809,-0.047296293,-0.029669449,2584.523017569734,2292.210611609596,89.90982324168333,0.2923124059601379,2124.300745195814,3497.9352261932213,2107.8410210449624,2883.591935389208,63.33258188034126,99.54808718581758,0.0099623071660521,1.270490691388629,2,0.092245676
2023-02-24,293.1044,291.3153,296.9098,295.83295,291.47546,301.81494,0.33662668,-2.2698517,2.3746796,-1.1956991,-3.803834,1.7664785,-4168931.8,-1149068.0,8020770.0,93296.44,-0.04000894,-0.052698903,-0.032450177,2785.9558975949253,2330.3193086973806,85.5566397727052,0.4556365888975447,2102.250646127707,3922.328655380216,2081.2310292286834,2935.3700860329777,63.68577923417816,99.52158266169228,0.010550686985448,1.3487018079468776,2,0.080290966
2023-02-25,292.7886,290.39868,297.86804,297.03067,291.91785,304.1836,1.3464805,-1.8042145,3.8263435,-2.11673,-4.700349,0.4243698,-4997287.5,-1018228.2,9489111.0,93125.74,-0.047958612,-0.06459709,-0.03989284,2999.856436167371,2287.077204487629,78.35952857206514,0.7127792316797424,2161.2824641124985,4494.874314844118,1964.4420481221407,3108.9735044361087,53.95547091262229,95.29732693447733,0.1057304206200187,1.9663898672285192,2,0.028038574
2023-02-26,293.26596,290.7472,298.21936,297.17276,291.34875,304.36194,1.1652062,-0.6402664,3.4139328,-1.4358672,-3.2578535,1.7066259,-4665220.0,-968599.3,9247200.0,93328.01,-0.04477179,-0.05867863,-0.036204174,3030.7173282033928,2354.824718892585,80.09059633946751,0.6758926093108072,2085.60548676394,4540.791651239383,2008.1497324628367,3174.834798018269,55.37915910719187,97.04006331133174,0.0633946309634361,1.8888176065349,2,0.018223267
2023-02-27,293.6531,291.38562,297.59668,295.60468,291.84204,300.56793,0.022432007,-1.9669228,2.9618616,1.7390832,-1.131073,4.2588587,-3551011.8,-1206149.9,7136967.5,93630.53,-0.034078807,-0.047593717,-0.028655885,2728.089308145852,2411.494170907948,89.07232749223073,0.3165951372379044,2151.0647933283644,3647.327639630846,2090.436319910804,3058.9229076022675,72.83321028176307,99.44247222810444,0.0129334018257541,0.950092958614016,2,0.045680963
2023-02-28,292.80914,291.4308,295.92303,294.30484,292.27014,298.7119,-0.86104876,-2.20611,1.2793434,2.0257676,0.8805276,3.6603365,-3431288.2,-992600.56,5656065.5,93736.22,-0.03292983,-0.051190514,-0.026814288,2514.9830126885568,2286.995185942118,91.38464000679376,0.2279878267464383,2209.328616594683,3269.227422906888,2096.3682800741144,2765.530257609197,76.47460473362479,99.04894791486176,0.0218064771641834,0.7278956291153253,2,0.12476298
2023-03-01,292.60922,290.95538,295.32336,295.05127,291.01697,300.49988,-0.41531536,-1.7843227,1.7569695,0.31363705,-2.187831,3.011619,-4032313.8,-1198815.4,8031225.5,93533.52,-0.038697828,-0.050532985,-0.030534245,2648.062766788016,2258.276981321719,86.89465911801364,0.3897857854662971,2042.5671746607145,3632.8171821381834,2034.6650443886656,2666.5752049637945,60.41362412778652,99.71336447773368,0.0059686570803055,1.4367743697912492,3,0.057200678
2023-03-02,292.34198,289.76404,296.14563,295.53787,290.51392,301.12402,-0.13786092,-2.5542593,2.6959229,-0.07142894,-1.9448967,2.4462945,-4371492.0,-1121718.6,9082783.0,93321.445,-0.041952897,-0.056616466,-0.034510173,2746.0286251437037,2223.2331355671504,83.73617304342945,0.5227954895765531,1978.8005032302076,3767.806908103432,1886.9922416066656,2803.0721589031223,52.04386515047057,99.7581585540272,0.0050473376601757,1.7391580672457525,3,0.025470767
2023-03-03,292.89108,290.2516,297.64258,296.17902,291.64124,302.00647,-0.78869724,-2.8603325,0.77511674,-0.5371514,-2.0491467,1.5057783,-3992278.0,-938265.2,8431390.0,93268.18,-0.03831361,-0.052889634,-0.031944808,2845.820017802527,2302.4897178647416,83.00348560144862,0.5433302999377858,2124.2033077517062,3966.130915648173,1946.2467554760133,3067.338626354059,55.82575780517013,99.26089690190597,0.017510292227836,1.6106553695679806,3,0.01903794
2023-03-04,293.2882,290.79614,297.71484,296.84192,292.68262,302.81128,0.7893533,-2.062973,2.8757935,-1.7963432,-3.597085,1.1274004,-4077947.8,-803990.75,7823666.0,93257.35,-0.039135773,-0.054203913,-0.03229283,2954.408264446293,2358.4758125009275,81.26826788894918,0.5959324519453655,2266.771333275185,4154.891696590553,2014.3566128215564,3080.629972512077,62.0551739505816,96.62477498517907,0.089542447223534,1.4374399479997546,3,0.021631343
2023-03-05,292.77393,290.5891,297.20093,296.296,292.07495,302.99817,1.8969098,-1.0218201,4.3893127,-2.2576685,-4.766815,1.155407,-4273640.0,-846844.56,8052772.5,93059.586,-0.041013822,-0.0614934,-0.034313526,2853.670642381692,2283.411158647896,81.18076397914125,0.570259483733796,2182.5939444044866,4199.830143387532,1988.2196341090075,2987.19390137598,62.3137934891736,95.96456639653648,0.0898205561493887,1.5551205800915882,3,0.048348397
2023-03-06,292.2433,290.18298,296.9568,296.00424,291.54333,301.59106,0.70677376,-1.6829681,2.6113586,-1.9623284,-4.2822533,0.86787415,-4238830.0,-901610.0,8203203.5,92927.625,-0.040679745,-0.057565574,-0.034240935,2813.882072766152,2210.1983815641456,80.38905480397592,0.6036836912020066,2111.214428711393,3871.6642345922014,1937.811402215172,2943.682118635824,56.186976688064455,95.7175057276249,0.0944151579032268,1.5765827816928186,3,0.048088275
2023-03-07,291.49442,289.64795,296.50745,296.43872,291.3131,303.54456,0.47806528,-2.22229,2.5823212,-2.426885,-4.7039585,0.48727894,-5162265.5,-624721.3,9323581.0,93097.48,-0.049541894,-0.06960162,-0.041602444,2903.697572969368,2109.215911910625,75.01729094159946,0.7944816610587438,2080.943938320809,4333.652796071754,1873.119245594771,2865.0472195527777,54.630607622775145,92.54708377695768,0.1605644162094001,1.8032467472855105,3,0.012407495
2023-03-08,291.9363,289.6521,296.8855,296.44098,290.615,303.73987,0.23150773,-1.9763336,2.290802,-1.6989132,-3.5549803,0.8341522,-4821071.5,-857471.25,9429750.0,93261.65,-0.04626748,-0.06467823,-0.039362323,2898.731571849987,2168.5563069721297,76.9781782963309,0.7301752648778579,1991.4703798629257,4382.383708302689,1873.613681398752,2931.081797171045,54.72919971190339,94.61946226484372,0.1131045971024989,1.7737316370174914,3,0.015515079
2023-03-09,292.67017,290.64417,296.76746,296.14865,291.43823,303.5785,0.35611728,-1.6450348,1.8974762,-0.9731536,-2.6505432,1.8279877,-4469638.0,-957902.0,8838081.0,93355.66,-0.042894796,-0.05980622,-0.03683674,2843.845324891738,2269.086972403058,81.97899461806587,0.57475835248868,2097.3476696884536,4342.085704074208,1995.1407331142675,2910.321712293086,56.64342916485074,97.0128783284756,0.0673683752865272,1.659160693624151,3,0.056727953
2023-03-10,293.1027,290.71362,297.20142,294.95786,291.1532,301.25775,-0.34420693,-1.6924639,1.7461033,0.06518849,-1.4176884,3.5956976,-3406138.8,-981433.8,6839105.5,93367.19,-0.03268847,-0.047174703,-0.027756445,2631.93782609901,2330.3349812902165,89.86672795129196,0.3016028448087935,2060.143224834343,3797.292782412521,2003.9028596579155,2987.2814859542914,63.64205569240236,99.7456801058413,0.0056678971240003,1.301850716278428,3,0.12263073
2023-03-11,292.47095,290.6864,296.2373,293.89108,291.13354,298.26343,-0.25638443,-1.7396088,1.1320343,-0.73118824,-2.2722597,1.4617243,-2050463.9,-279875.44,3050485.0,93275.29,-0.019678155,-0.040898856,-0.014588153,2450.0175771698077,2240.006598717519,91.77552726596656,0.2100109784522878,2057.5994427690607,3183.18160190811,2000.464826063632,2818.6629050593665,78.51090584028852,98.9396524352053,0.0236030605461241,0.5982505823410583,3,0.1698634
2023-03-12,292.44308,290.85583,296.1565,294.04184,291.3307,299.37988,-0.58482784,-2.3258362,0.34230042,0.19015956,-1.4109497,2.3446627,-2210084.5,-455815.84,3955577.0,93345.48,-0.021210024,-0.0324872,-0.016698096,2477.772590559233,2236.3321159973625,91.05702518192008,0.2414404745618701,2083.2416395296664,3401.1533443773865,2021.9483985376253,2804.9158436565885,69.709981155659,99.51192587981672,0.0107987588441292,0.9457927167030588,3,0.134896
2023-03-13,292.87695,291.1754,296.2787,294.36978,291.7379,300.21503,-1.4886336,-3.341629,-0.28622532,0.48850703,-1.2833662,2.3689327,-2699825.5,-610507.1,5201119.5,93416.5,-0.025910035,-0.037176214,-0.02153159,2530.5657529198493,2297.358171445215,91.67952375624242,0.2332075814746349,2137.0990249649817,3572.6274603754014,2063.0221295338647,2825.725379665328,68.04344280574794,99.75947844543867,0.0053873688789417,1.0427125486413598,3,0.12492919
2023-03-14,292.75198,291.1759,295.989,294.38644,291.7749,300.7002,-1.0971997,-3.2674255,0.99620056,0.054764748,-1.9667482,2.0971985,-2493234.2,-535611.6,4971090.5,93460.15,-0.023927392,-0.036403574,-0.019267274,2534.001070430504,2279.365686634165,90.9801969008206,0.2546353837963388,2142.0507590225407,3675.673589663752,2063.085441818333,2776.611778809567,67.96859491455687,99.85371433843468,0.0031778910421653,1.0544375725453492,3,0.06953367
2023-03-15,292.1379,290.43433,295.2328,294.5764,290.94873,300.10583,-1.939751,-4.5489798,-0.25478172,0.9001257,-0.6454783,3.1576233,-3650664.8,-959810.06,7531836.0,93438.18,-0.03503517,-0.046990957,-0.029385526,2571.770105274904,2193.736763652746,86.94021176792877,0.378033341622158,2033.8130039965497,3549.78708092464,1968.8736259075683,2651.901676490248,63.09214190269374,99.80523856696466,0.0040086713064501,1.197615070183638,3,0.019369189
2023-03-16,291.30984,289.57666,294.8435,294.22705,290.0896,300.11566,-2.0110147,-4.1713047,-0.3794384,1.2339371,-0.7038632,3.36551,-3962478.0,-1086242.1,8518655.0,93389.6,-0.03802762,-0.051300604,-0.03233933,2527.724456472907,2083.9514204538123,84.84903160669508,0.443773036019095,1926.3807420233177,3551.837348656546,1864.6444650934288,2589.6395327506334,55.22751251050555,99.85912022693311,0.0028118758696987,1.5278124425130188,3,0.0055491147
2023-03-17,290.6177,288.47742,294.4154,293.70654,288.76782,299.48737,-1.8227185,-3.5824642,-0.15050888,1.1415147,-0.49263,3.0113373,-4171036.2,-1222978.2,9420603.0,93426.555,-0.04002914,-0.05309274,-0.033600114,2450.0413339126103,1996.758860590597,83.95584602117698,0.4532824733220135,1770.824514661089,3422.8105631333315,1738.1666518826803,2522.651311130508,53.302066586773,99.92245549353882,0.0014612513036374,1.538023217837747,3,0.0013959476
2023-03-18,290.7777,288.41663,295.287,293.75537,289.01648,299.70648,-1.1506908,-2.3557167,0.87484646,0.8452758,-1.2870808,2.8124936,-3933189.2,-1257619.4,8609987.0,93435.79,-0.037746537,-0.052076735,-0.03221307,2468.95685311768,2017.584500982069,84.89813156590682,0.4513723521356114,1799.2150320611756,3467.3349989778776,1731.397762772329,2660.6735370531783,51.095843982388914,99.75523302434014,0.0046269434809958,1.6702658010402496,3,0.002699841
2023-03-19,292.17538,289.04126,295.96143,295.00214,291.28345,300.43127,-0.90736645,-2.1473675,0.40901184,0.4450277,-1.7977791,2.8065495,-3834645.2,-1155758.6,8272774.5,93375.77,-0.036800817,-0.05086205,-0.0306839,2651.8183015919685,2200.7234331042614,85.58280687740744,0.4510948684877071,2077.0716130116707,3618.2406777370456,1802.0661324935704,2771.973525156229,51.02365634991233,99.6516557827511,0.0073523805949566,1.7694962598205817,3,0.012159286
2023-03-20,292.89432,289.92896,296.97668,296.0699,291.75818,302.31976,0.101945676,-1.621808,2.6242218,-0.27736855,-2.4144554,2.6224487,-4162357.8,-1168333.9,8559911.0,93313.26,-0.03994585,-0.05378127,-0.031800617,2835.9589307182355,2301.593107009809,84.25324234276455,0.5343658237084261,2139.8106101397198,4038.7016130574734,1906.8555834878,2947.207442638999,51.11821215213224,99.66191563278008,0.0076037640302092,1.9722956615149836,3,0.014956833
2023-03-21,292.0367,288.58545,296.792,295.32755,288.88318,301.77295,0.025961319,-2.0447102,1.7185059,0.6106369,-2.1294098,3.5235643,-3938673.2,-1047704.0,8617615.0,93425.16,-0.03779917,-0.0532476,-0.033199597,2706.154205370418,2185.869283305341,83.24616779148468,0.5202849220650768,1783.94601429017,3912.78175604274,1750.2531412842457,2914.626260239442,51.54408950190932,99.79906813012586,0.0042596273526937,1.6914576175117677,3,0.012399798
2023-03-22,291.87912,288.90857,296.39783,294.90125,290.21155,300.69708,-1.0061646,-2.5246124,0.97355175,1.0654451,-1.5904312,3.1461768,-4059665.2,-1263548.6,8920901.0,93615.125,-0.03896032,-0.052302185,-0.032812215,2638.4899314413465,2162.1785844200194,84.73167353024968,0.4763113470213269,1941.319720326356,3675.004267207516,1786.845584003744,2846.145247413666,49.01804238278948,99.63130121644718,0.0082418550267921,1.8664064146325627,3,0.0027140204
2023-03-23,291.213,288.6599,296.03735,294.7864,289.24133,300.68182,-1.5650467,-3.4317017,0.20764542,0.6599325,-1.4932251,2.490343,-4100037.0,-1129778.4,9252795.0,93634.28,-0.03934776,-0.055350084,-0.034163065,2632.790465385792,2075.9861190369243,82.2634365731967,0.5568043463488682,1825.2314772678872,3671.7248148719536,1758.6269065426134,2784.755376593858,48.71996124378212,99.79724177041965,0.0039903594934007,1.8552692649329117,3,0.00047239743
2023-03-24,292.58502,289.29175,296.9618,295.95456,291.54944,301.84076,0.2767993,-1.9009552,2.740631,0.34284568,-1.9824266,3.2059197,-3969599.0,-1207909.1,8549956.0,93459.23,-0.03809596,-0.051991213,-0.033064574,2818.328428972888,2259.2949062282137,83.38037992362861,0.5590335227446741,2112.022166291756,3928.208424370199,1831.1098755934615,2944.5685089088884,49.12023975516637,99.72996798593844,0.0060566848191729,1.896701480215056,3,0.0063130087
2023-03-25,292.56815,289.21045,296.6942,295.5931,290.9392,301.52136,-0.072240986,-1.733428,2.0475397,0.9682104,-0.98903084,3.4120915,-3780705.8,-1232306.2,8224291.5,93404.06,-0.03628316,-0.050170887,-0.03091124,2752.4701388662543,2256.041377738967,84.75998892477524,0.4964287611272871,2032.594115193572,3856.007414936716,1821.6386236540752,2897.505402156994,48.004074929884425,99.64414704978049,0.0072703782518649,1.980709203368333,3,0.003970727
2023-03-26,292.0146,288.85693,297.87195,297.48236,291.0652,305.2594,1.0687231,-1.6541977,4.29068,-1.2925229,-3.2770262,1.4035717,-4344649.5,-835647.5,8882633.0,93297.37,-0.041695293,-0.060363915,-0.034691885,3119.551750612092,2183.7691441536504,75.03897178098848,0.9357826064584412,2048.7729733626275,4778.11765922628,1780.9532115970198,3109.699181229869,42.3222256880544,98.90290759131202,0.0237004148289602,2.585258243513905,3,0.0018991928
2023-03-27,292.18912,290.1355,296.31848,293.87332,291.2539,298.594,-0.9624367,-2.7724571,0.8181305,2.1696303,0.18886983,3.7917247,-2652601.2,-611728.2,3725627.0,93440.25,-0.025456829,-0.047425326,-0.01845852,2445.751040064906,2202.8029688737934,90.36873373917156,0.2429480711911133,2073.2215127628488,3246.4086854286197,1931.991524106062,2832.531633697229,73.12204879540319,99.49257497141672,0.011708426242269,0.7578561757932716,3,0.1434859
2023-03-28,291.1295,289.65283,294.2906,293.48627,290.4209,298.55176,-2.0645955,-4.0850067,-0.8959179,1.2813997,-0.11290604,3.2713509,-2954677.2,-898528.5,5497550.5,93486.54,-0.028355826,-0.046016827,-0.020539762,2403.198062172444,2060.18403557997,87.00141031265268,0.3430140265924739,1967.203165984252,3238.2694658392206,1873.7009466812228,2503.408485665103,66.56101639856921,98.64352293218586,0.0276414715042508,1.0790306423994898,3,0.021219833
2023-03-29,292.3376,290.19788,296.81433,295.0195,290.5266,301.15747,-0.498731,-2.787506,2.3480682,-0.0662823,-2.5645914,2.1669583,-3394824.2,-1075278.6,7832121.5,93383.01,-0.032579888,-0.04468704,-0.025796885,2660.700568529492,2223.661319749237,85.88343318218028,0.4370392487802552,1980.3879904704445,3775.162923270801,1939.6398296874052,2918.550172794716,57.88150804855962,99.66549743746228,0.0068831982785409,1.5556767699262026,3,0.044297297
2023-03-30,292.7688,290.29968,297.07288,295.79105,291.13806,301.1045,0.14510721,-1.913681,2.5836945,-0.38896254,-2.4293537,2.7275934,-3475487.2,-952691.06,7521147.5,93442.836,-0.033354007,-0.046200078,-0.027320087,2778.8512655535537,2283.966208167145,84.23209023518915,0.4948850573864083,2058.1837944214285,3763.517217304,1952.1797277876708,2964.302286008012,54.29147887973816,99.37677359436694,0.0135788886834602,1.667860676581567,3,0.05308486
2023-03-31,292.86572,290.69543,297.08618,295.43668,291.6029,300.57666,0.44693574,-1.5636244,3.2812505,-0.18805297,-2.2707653,2.6659203,-3211090.0,-903694.0,6799396.5,93310.164,-0.0308166,-0.0439272,-0.025163516,2707.3095695900447,2297.361112524935,86.06888456701002,0.4099484570651099,2119.109553828403,3649.19228087572,2001.6051233918731,2966.6737481564114,61.84448300464184,98.59088397324048,0.0347540542300148,1.3427284207089674,3,0.10273295
2023-04-01,291.68814,288.70422,295.87573,294.4241,290.06653,301.86023,0.44018015,-1.9068441,2.3488617,0.6563326,-2.6033697,4.8620787,-3834271.8,-1126446.6,7501165.5,93205.22,-0.036797233,-0.05015549,-0.031997234,2561.2083568829053,2136.4354800264327,86.30229308866605,0.4247728768564727,1923.5658394092388,3932.647665217122,1763.6266840991752,2757.609456196069,51.27814908873732,99.8572125151836,0.002916306268898,1.721085904785033,4,0.022917807
2023-04-02,289.50665,287.73218,293.81665,291.96268,289.41296,296.3617,-1.4784317,-3.107089,0.8435583,2.635356,1.2747364,4.308132,-3391322.2,-901338.7,4743894.5,93436.72,-0.032546278,-0.06119123,-0.02257878,2175.922720117666,1859.9001760858569,86.08369680080962,0.3160225440318094,1845.3118084343855,2839.938728877703,1656.7711862471451,2431.50903241315,68.52880022390656,99.14398236548176,0.0180568189537243,0.8051438250665574,4,0.038723018
2023-04-03,289.08127,287.04858,292.28827,292.02084,287.32104,298.3413,-1.669243,-3.6540766,0.61838436,1.0218054,-0.7371749,3.1689148,-3337398.0,-1034020.75,7418077.5,93436.65,-0.032028772,-0.048367962,-0.025564093,2210.7002130613887,1809.9410048188336,84.17635717907372,0.400759208242555,1613.3181410019558,3197.979967860756,1585.076949471671,2211.826002746243,58.5697377108398,99.77462845745534,0.0038061906456809,1.281382278862974,4,0.0045293346
2023-04-04,290.06833,287.4978,295.00488,293.0249,288.03088,299.68005,-0.2457882,-2.3529282,2.1615906,0.5210338,-1.2444916,3.2100453,-3341015.8,-1036811.8,7660448.0,93309.35,-0.03206349,-0.044541053,-0.02617387,2370.566204313204,1930.499782732768,85.09695575264675,0.4400664215804351,1688.9842422814045,3461.93807169599,1631.8753986484126,2615.293085162173,47.80470833069396,99.71158633216224,0.0049391795137953,1.7869892962146672,4,0.0020697862
2023-04-05,290.17755,287.33862,294.63953,293.04517,288.17297,298.9619,-0.6895034,-2.2998552,1.5492277,1.3074987,-1.3197937,3.6568346,-3586190.8,-1320368.4,8056284.0,93335.88,-0.034416415,-0.046232283,-0.0288781,2350.9701058353744,1944.440575931075,85.22173495028956,0.4065295299042991,1704.4999116659428,3318.0694790942744,1615.1552617174098,2557.529325450938,50.00033653321111,99.7552456657906,0.004628678068216,1.615133519728281,4,0.0014618223
2023-04-06,289.99576,288.03394,294.02466,292.7136,288.89465,298.29602,-1.4949969,-3.4554176,0.72775364,1.2412697,-0.8629303,3.0305386,-3343371.0,-1285926.4,7424689.5,93389.32,-0.032086093,-0.043963723,-0.027082292,2296.412689999068,1918.876380104088,85.68605449198016,0.3775363098949796,1785.2558840435363,3189.3673432912638,1689.3161727060535,2462.839066034541,57.04293031928732,99.67007313197564,0.0061047231645145,1.2780375095706429,4,0.00590703
2023-04-07,291.07626,288.95776,294.43042,292.25464,290.411,296.5326,-0.3972682,-2.9744644,2.4971151,0.34533444,-1.7377949,2.6544104,-1631365.1,-197045.48,2568203.8,93281.97,-0.015656095,-0.030540867,-0.0112012,2213.4044879198614,2053.398792182086,92.98063558078589,0.1600056957377758,1965.9738961063013,2869.398774172631,1792.4752933842065,2524.974809875602,80.48699686692163,99.19946158156434,0.0158667022147665,0.4892904416777669,4,0.13961023
2023-04-08,290.9929,289.45374,294.38623,292.3292,290.58313,295.67798,-0.8972413,-3.5671444,2.467743,1.7675964,-0.48823547,3.4089804,-2364866.5,-592968.44,3684391.8,93387.02,-0.022695456,-0.03251552,-0.018920245,2223.222422810789,2041.6004723432443,92.27597473500214,0.1816219504675442,1987.4689459839744,2724.710175257725,1850.110402225587,2518.1419038515505,70.98879065557037,99.53790407401132,0.0094650430994047,0.7738645494182399,4,0.07895953
2023-04-09,289.905,288.40924,293.20813,292.1213,289.92566,297.1344,-2.6678588,-4.381729,-1.0921841,1.6537318,0.2322197,2.970871,-2869307.2,-599692.44,4431645.5,93606.81,-0.027536537,-0.040573668,-0.021830838,2197.928036679628,1906.1189958236705,87.55798609946434,0.2918090408559577,1906.456818575872,2975.2814981926176,1730.5770191187917,2341.851573405366,68.75009639540004,99.06378392275354,0.0185107110934584,0.8470556371410153,4,0.044036552
2023-04-10,288.30154,286.58252,292.03027,291.70132,287.9619,297.66168,-2.256552,-4.05748,-0.8903761,1.3590204,-0.42495728,3.122696,-3609986.8,-1114188.8,8099326.0,93724.79,-0.034644783,-0.045469552,-0.028747613,2156.7341037116294,1721.657154588586,82.10460319133814,0.4350769491230435,1681.4978972546126,3070.8474126978304,1537.7758752728066,2176.5146506447363,55.02911700279623,99.45331440665665,0.0094362632561017,1.29107380019536,4,0.0030546773
2023-04-11,288.41122,285.46655,293.27747,291.28214,285.74207,297.6209,-1.206826,-3.0197191,0.09996128,0.60175055,-1.8468924,2.391432,-3341990.8,-1151870.9,8088767.5,93553.914,-0.032072846,-0.043520063,-0.026169233,2127.5776209363416,1738.2878611156202,84.85604275114108,0.3892897598207214,1455.6105834507175,3063.363259033041,1429.5303562784843,2351.918722146808,56.272015224026426,99.87394570932692,0.0018721887456065,1.3099313062481563,4,0.00042113982
2023-04-12,290.72592,288.245,295.4015,293.5704,289.3097,299.59558,-0.059313785,-1.8712311,2.3216095,-0.32998088,-2.3788595,1.974618,-3182060.0,-960583.7,7261103.5,93295.24,-0.030538002,-0.0410101,-0.024133291,2434.7253444853704,2009.892876519718,85.33403617561885,0.4248324679656527,1833.206198894281,3444.7370600506265,1712.4121506706374,2679.288709278953,54.33647157596656,99.64206679138184,0.0066070900562851,1.4965705215491671,4,0.0087019475
2023-04-13,291.14523,288.34778,296.5714,294.75287,289.31702,301.99377,0.70789576,-1.3790617,2.838913,-0.98553556,-2.8642797,1.9398193,-3525044.8,-827049.3,7703478.5,93081.13,-0.0338296,-0.046797957,-0.026926436,2623.305564762302,2064.467553836524,81.36331674785133,0.5588380109257777,1834.0624471021208,3963.214356875635,1723.7597941086588,2876.1275848912505,56.72092019035008,96.78512058033684,0.0671370863604013,1.502579881661316,4,0.011571701
2023-04-14,291.93814,289.66052,296.15283,293.78036,290.63098,298.32593,-0.13774398,-1.5976791,2.1568909,-0.22685821,-2.0442028,2.0427847,-1903468.1,-329950.47,3867415.2,93095.48,-0.018267447,-0.029065562,-0.014639608,2437.4345033644004,2167.1554418945766,89.54402652259459,0.2702790614698239,1993.481428261741,3195.0526468835333,1874.617447824949,2804.2942582627697,70.40368267727793,99.48602444877932,0.0106763768328373,0.8562300477526542,4,0.0899491
2023-04-15,291.54672,289.745,295.10938,292.99216,290.54834,297.06226,0.81017715,-2.1799011,3.6921406,1.1114513,-2.0280743,4.0992203,-2827294.8,-593108.2,4389895.5,93282.09,-0.027133346,-0.03735383,-0.022603663,2318.2350507036567,2114.5302149850813,91.62711213158708,0.2037048357185755,1983.107631962036,2962.410658563429,1884.7103730643696,2632.022393792734,74.63646302294457,99.50121173522366,0.010218411432279,0.7083457212461454,4,0.114066355
2023-04-16,290.228,288.70972,294.45154,293.16968,289.807,298.33734,-1.6262537,-3.4053192,-0.5127411,0.4406252,-1.4168882,1.7723787,-3134133.2,-812817.2,6196487.5,93375.625,-0.030078055,-0.038993828,-0.02443175,2363.980246328817,1946.980353502587,84.52357507855116,0.4169998928262299,1892.149994713932,3197.224680468535,1764.2473611085795,2528.2459950756147,57.50541730248,99.29789246272524,0.0137284368728328,1.3114158632952078,4,0.019587059
2023-04-17,290.53885,287.38293,296.3058,294.48883,288.64954,302.74854,1.2016352,-2.8796215,4.5646973,-2.108795,-5.1661835,0.4207306,-3373442.8,-495114.53,6882072.5,92798.19,-0.032374687,-0.04596966,-0.027459564,2591.5076577979025,1989.527625128827,80.13070954968721,0.601980032669076,1757.4579621767357,4139.898970584412,1619.7945078944238,2830.3587556510824,50.2431251744144,99.6260076918568,0.0075525149241284,1.9673205878765088,4,0.0050169467
2023-04-18,292.44666,290.77588,295.77832,294.70425,291.96606,299.8324,2.7356956,-0.3950348,5.4606037,-3.0391417,-5.728215,3.0141315,-3088274.8,242565.0,4358964.5,92381.27,-0.029637951,-0.0426158,-0.022399856,2579.70457141435,2237.3904877003115,87.20314662702327,0.3423140837140385,2167.803771205756,3493.149421717565,2011.7851402176584,2741.360287492734,70.70191418223791,96.76659631724024,0.0748298210709072,0.9749913045513758,4,0.1888655
2023-04-19,289.38623,283.00903,294.99792,293.62216,290.3971,299.26343,2.430616,0.06868088,4.8495507,-0.38594165,-3.1492538,3.367322,-3903123.2,-706345.56,6911276.0,92583.02,-0.037457995,-0.047407042,-0.030964168,2420.198083497121,1864.9786700044704,79.03864028615959,0.5552194134926505,1964.244955755065,3377.823595544948,1214.5063292585698,2614.182417326369,45.454709743993774,99.52524307328795,0.0097171356777259,1.569577949810286,4,0.52122915
2023-04-20,283.38025,280.55078,290.48633,290.0887,286.37622,296.13513,1.9990381,-2.0012321,4.0321236,0.50513273,-2.2034235,4.725422,-3991310.8,-110171.664,6727152.0,93288.125,-0.038304325,-0.07044532,-0.03072349,1941.0195349022,1250.4050345126009,65.36648029774777,0.6906145003895988,1517.2383486576227,2801.291629189755,1028.47822006171,1975.354624683097,46.23157353244261,86.88048598890593,0.2073342418887077,1.3224457223491577,4,0.02439952
2023-04-21,284.80023,281.84326,290.10352,288.31738,282.23047,295.75928,-1.6667762,-4.0645113,0.8233328,1.2938956,-1.597517,3.0269938,-3222837.0,-1108896.1,7460235.5,93690.54,-0.030929336,-0.047869142,-0.02633425,1755.2849244983056,1373.32138569131,81.04978617560899,0.3819635388069956,1152.613903777712,2738.193577557539,1122.8819976043344,1928.08036912361,54.406123025740094,99.7871998153585,0.0027104548965553,1.0693226548409782,4,0.00037865224
2023-04-22,286.71884,283.85828,292.1869,289.76877,284.13953,297.1421,-1.7624282,-3.140995,-0.10253811,0.8138714,-1.5219421,2.789627,-3025600.0,-988314.2,7719214.0,93681.805,-0.02903647,-0.040700912,-0.024449535,1932.381547574063,1558.3118116571166,83.94704649079227,0.3740697359169465,1309.591793179134,2976.656399339324,1285.34267937812,2197.8908919899327,52.063006313752105,99.65065690460042,0.0048468563988578,1.285807304168073,4,0.0006960949
2023-04-23,288.44574,285.01147,292.29553,291.09818,288.0244,297.0006,-1.5904974,-4.090027,0.16842175,0.7724735,-1.3818054,2.46832,-2808234.0,-1040414.2,6413125.5,93730.15,-0.026950419,-0.03571469,-0.023174683,2075.110059769991,1738.207271770133,85.89362113151417,0.3369027879998578,1688.2807394970944,2951.451376053085,1387.35294804411,2212.8273339190346,52.14325799070198,99.5440667874815,0.0080132106508644,1.2876174414788863,4,0.0039398633
2023-04-24,287.76297,283.75366,292.21704,291.06528,286.98596,297.83728,-2.0175226,-3.7655792,-0.23092747,0.51503223,-1.9040375,2.522995,-2967830.0,-891673.5,7295697.5,93808.9,-0.028482055,-0.039580137,-0.02420778,2077.881425833081,1665.9813254503822,83.00083064368972,0.4119001003826983,1578.647857802075,3103.263975725893,1276.4244519423114,2202.027276986047,47.89383863014705,99.54934707158168,0.0076709509974668,1.4218537746093085,4,0.0015921631
2023-04-25,287.39053,284.29492,292.927,290.8688,284.76978,297.74866,-0.5245656,-2.2760315,1.9286346,0.22127955,-1.5205841,2.545312,-2822736.8,-821245.44,7190340.5,93723.305,-0.027089603,-0.0369296,-0.021381022,2077.978495376878,1629.1673391083696,82.22590755748988,0.4488111562685083,1365.4007715773205,3086.86635367424,1323.162040753721,2301.419803506677,45.43345885341544,99.83204134844212,0.0024392540687326,1.6263320960530263,4,0.0006528096
2023-04-26,289.59955,287.54163,294.16882,292.44742,288.9873,299.8817,0.3884556,-1.8020601,3.5153809,-1.4297947,-3.660407,1.3528748,-2125956.0,-380430.0,4283354.0,93445.52,-0.020402648,-0.02925685,-0.017193476,2259.7348147964312,1871.724209420852,84.91196682390277,0.3880106053755792,1795.863401127281,3503.305654127642,1636.5052160694704,2484.76026606704,52.92732902907545,99.47702818353406,0.010504725103108,1.5023929354837255,4,0.01183379
2023-04-27,289.9909,288.32617,293.0868,292.5177,289.41785,298.86572,1.8521012,-0.79530895,4.1184025,-0.82532483,-2.915347,3.6290123,-2671263.0,-358401.0,5246840.0,93220.086,-0.02563592,-0.03757349,-0.021309929,2258.405062367839,1916.303545989579,85.93319258395486,0.3421015163782603,1845.8859131316249,3299.201731192504,1721.3688888188942,2324.3249898098784,67.98352636009514,98.1106642610117,0.0358323024057344,1.038896924683144,4,0.014565754
2023-04-28,289.05948,287.59045,292.81006,291.0972,289.2771,295.60962,-0.91511005,-2.3213186,0.85886765,1.8006376,0.45134187,3.261879,-1950053.9,-521603.1,3338770.8,93452.586,-0.018714529,-0.028815996,-0.0134395305,2058.79342088137,1806.8661631394327,88.29194451817511,0.2519272577419368,1829.4001536907344,2713.417829650344,1641.6773951091773,2284.782225587865,71.86501379033517,99.11746712211338,0.0166128140893013,0.6713683661567548,4,0.016631376
2023-04-29,288.63226,286.99878,292.9646,290.85806,287.18115,296.39948,-1.4965869,-3.333272,-0.23500538,0.8200059,-1.1701298,2.5909834,-2261770.8,-802216.25,5073164.5,93581.125,-0.021706052,-0.030127766,-0.017646251,2044.610968608623,1758.7928184800385,87.82849333665574,0.2858181501285844,1598.7631427759552,2846.428597969289,1579.9618826770866,2306.7913680354186,59.20270287538656,99.66822945809824,0.0056370710011001,1.1024681722938945,4,0.0116524305
2023-04-30,289.5068,286.57886,293.76904,292.5518,289.41016,297.9342,-1.3108611,-2.9304657,1.0536652,0.21746789,-1.798873,1.9411621,-2604538.2,-750383.44,5525435.0,93520.02,-0.02499557,-0.033692714,-0.019440295,2274.334949996245,1860.726747596069,84.07694071612015,0.4136082024001765,1844.9817693026944,3121.2846753811823,1537.409181127607,2424.3877709182907,51.67457468407312,98.9045526398274,0.0205190353287528,1.4616177863546065,4,0.008566351
2023-05-01,290.0663,285.94995,294.28516,292.80838,289.54102,298.08557,-0.14682756,-1.6188393,2.0801544,0.2987763,-1.1431313,2.7197533,-2470562.8,-765446.75,5738356.5,93426.37,-0.023709817,-0.031414766,-0.016749369,2307.507304197892,1929.91265332032,85.89007140932348,0.3775946508775727,1860.4197258232352,3149.610999586569,1475.565647175437,2502.5739528941217,49.73002232938363,99.6736090105402,0.0064740819255346,1.520955688353798,5,0.012104092
2023-05-02,290.38968,287.6128,294.8811,292.48535,289.79285,297.2406,-0.61348355,-2.199254,1.6571808,0.5247564,-1.2618561,3.1424637,-2479771.5,-890268.7,5533263.0,93324.28,-0.02379819,-0.031991113,-0.018185355,2255.26638721176,1967.09182695058,88.57422021485104,0.28817456026118,1890.4489137356145,2994.317480537956,1644.0484579910546,2595.5965177105654,58.75286424014532,99.64547140504486,0.0068324771139136,1.1724522535161568,5,0.018493438
2023-05-03,290.0914,286.32153,294.9397,293.2255,289.6255,298.92957,-0.20117803,-2.1111755,1.5535583,-0.041881908,-1.7544718,2.4522886,-2783139.2,-836728.44,6175617.5,93347.125,-0.026709586,-0.035011303,-0.018902007,2379.299925946218,1932.948543658953,84.35260762942185,0.4463513822872654,1870.4454642697056,3311.713857790028,1511.8347360203877,2604.904072405335,47.738867646232535,99.72862757349588,0.0051432592764631,1.70566781484898,5,0.003664404
2023-05-04,290.36407,286.68335,295.45288,294.27286,289.97546,300.31213,0.22092772,-1.9834709,2.7538357,-0.433574,-1.9266605,1.646657,-3077566.0,-836031.3,6836845.5,93458.41,-0.029535182,-0.03909957,-0.021208942,2542.229271032835,1968.7770281178864,80.98291212873455,0.5734522429149488,1912.49041856964,3593.0477373712065,1547.902476361513,2687.6807397123835,46.593700116198086,99.48201337855936,0.0109758551206787,1.862520284388749,5,0.00083075924
2023-05-05,291.2569,287.6831,295.7854,293.81052,288.18628,298.94824,-0.77256745,-2.4397812,0.94995594,0.73359793,-1.6882334,2.1922302,-2405573.2,-835416.44,5833634.5,93691.0,-0.023086116,-0.031168843,-0.018519102,2459.6340742574685,2081.038858878603,86.34299050472846,0.3785952153788655,1705.959238203673,3315.3820295412734,1651.53115274635,2742.53847182894,56.47844464982553,99.75607415202384,0.0053957694298005,1.3983280598596588,5,0.00364502
2023-05-06,291.5179,289.41443,295.3949,293.9307,290.67322,299.06427,-1.311447,-2.7167664,-0.22841835,0.74407077,-0.9511313,2.5557199,-2583850.2,-1028610.5,6080330.0,93701.07,-0.024797026,-0.032602858,-0.019130254,2474.075260506842,2111.1996012350533,87.37085283842539,0.3628756592717889,1998.8016323944537,3338.2499482136477,1845.484023362617,2678.213959786439,57.17019030685744,99.4879980175435,0.0116621923586671,1.4219095065530585,5,0.001261723
2023-05-07,291.01425,288.54236,295.03113,293.86795,290.11792,299.05084,-0.96741515,-3.1113586,0.4588623,0.20431173,-1.659132,1.9596081,-2397772.2,-840197.06,5612619.5,93574.664,-0.02301125,-0.032478947,-0.019366117,2471.446985215532,2046.1630275874916,85.29446716899814,0.4252839576280403,1929.841019810696,3335.596438956963,1745.423371626145,2619.486168733457,53.68583347494784,99.58740726552094,0.0081607992376286,1.5364111224637196,5,0.00048904377
2023-05-08,290.7317,287.18677,296.14038,294.69742,289.53735,301.10852,0.1698581,-1.7189026,1.6941376,-0.5575849,-2.3920135,1.4892645,-2745953.0,-786865.06,6714364.0,93532.79,-0.026352711,-0.03614517,-0.02032496,2613.3915596215143,2015.6311052265264,80.834711955924,0.5977604543949878,1859.9861541938285,3764.401616674103,1599.3451411337549,2802.1817701917507,46.437182066786455,99.77166783153127,0.0045937293917702,1.914570986633036,5,0.00042465175
2023-05-09,290.31244,287.0791,295.7124,293.48706,288.80945,299.1361,0.7008698,-0.88280106,2.4978404,0.7076277,-1.9883614,3.8385754,-2372650.0,-844271.7,5802213.5,93556.47,-0.022770153,-0.034549873,-0.019243414,2408.880603170265,1962.512525266745,83.18012748027103,0.4463680779035204,1775.54954375669,3352.477600008604,1588.2183771752382,2730.4122471385176,48.23717592098729,99.66695076337696,0.0066486922820818,1.7237238401322348,5,0.0073080393
2023-05-10,290.97812,289.5993,294.40137,292.05118,290.20178,295.16675,-0.8302843,-2.8181152,0.46608257,1.5990542,-0.31375122,3.354587,-1938328.4,-695647.0,3128089.0,93518.25,-0.018601999,-0.029216774,-0.014358377,2182.915803196687,2039.7049229038448,93.70976728649542,0.1432108802928429,1940.119668070946,2641.247697206985,1867.332709416905,2520.480629832677,73.24071079439753,99.54148101437144,0.0095444485125221,0.702602644490616,5,0.14453495
2023-05-11,288.6757,283.96802,291.7893,291.22073,288.1853,295.64258,0.10945091,-1.9875641,1.9538747,1.1785015,-0.8614661,3.6494164,-2505759.2,-922448.5,5127616.0,93298.93,-0.024047595,-0.032963756,-0.020882651,2081.378768459096,1766.846651953162,86.48343235879081,0.3145321165059335,1705.8520943154297,2718.857224665501,1294.7569613159596,2143.9818802629275,48.74267742315625,99.53277255027324,0.0086772759364114,1.3884541471024547,5,0.020159403
2023-05-12,285.926,283.56384,290.35583,288.56577,286.05676,293.32642,-0.42764577,-2.2386389,1.7646743,2.3332663,0.54953074,3.818016,-2507836.0,-1044307.8,4755175.0,93511.914,-0.024067525,-0.044487976,-0.018098556,1755.6231128939398,1477.620256897733,85.06714599638686,0.2780028559962069,1485.9119139190616,2359.0488271676213,1260.3818077226672,1959.1266477419576,59.12901749075495,99.10725480524984,0.0146188156235095,0.8809748605133384,5,0.022554971
2023-05-13,284.8206,280.79126,289.0669,287.91388,285.17346,293.27557,-0.9792886,-2.798873,1.4355364,1.5364431,0.37628424,2.5481389,-2371176.0,-1019060.2,4785552.5,93638.57,-0.022756008,-0.04289036,-0.016562503,1690.5379506012453,1374.821815962375,83.11711047576826,0.31571613463887,1402.2388034403457,2351.643499441372,1045.4927193909132,1805.0197255460168,46.629730472466726,98.5950580127348,0.0201602761747635,1.1966234343969393,5,0.013093388
2023-05-14,284.97495,280.71606,290.3745,288.797,284.2135,295.5927,-0.5546696,-2.2217789,1.3586731,0.16880977,-2.0257502,2.8428526,-2587312.0,-1008936.8,6475680.5,93739.23,-0.02483025,-0.038502593,-0.02030771,1807.040599545196,1390.5545624626286,80.45045726762527,0.4164860370825669,1316.0364096418607,2710.631322601818,1040.1459392425204,1961.4420617206529,41.41010714507224,98.79377876893408,0.0167473442197294,1.4810583130731645,5,0.0015824534
2023-05-15,284.09848,279.79907,290.00244,289.00156,283.82178,296.05286,0.09247341,-1.0726709,1.606822,0.5064809,-2.2326965,2.5767622,-2728109.0,-1048006.5,6785000.0,93768.71,-0.026181465,-0.03895588,-0.021258341,1833.126020366606,1316.955069054868,76.1381046967971,0.5161709513117384,1282.2249667385668,2787.3715124243995,976.8587602241053,1915.7656189238544,39.1607179569701,99.88996020315652,0.0015454283742426,1.5600449963134666,5,0.00013716097
2023-05-16,284.0665,279.7577,289.68384,288.54654,281.4214,297.0857,0.39773265,-1.3716993,2.13074,0.8134036,-3.182953,4.3895454,-2489229.0,-938623.3,6842518.5,93656.44,-0.023888953,-0.040963314,-0.018165788,1795.962148424093,1312.134109400735,77.23943559510231,0.4838280390233577,1091.2603915472785,2966.586692678132,974.0847761687464,1877.3984547816167,41.1424623884168,99.78879005745377,0.0023557169072948,1.5625548738719186,5,3.5577246e-05
2023-05-17,285.2445,283.34583,288.6825,288.0847,283.4297,294.08423,-0.80786824,-2.7199478,1.4903593,1.8953971,0.46119887,3.433135,-1933492.6,-1008272.44,5452621.5,93749.79,-0.018555593,-0.031909063,-0.012487891,1713.341358916821,1410.965155722193,84.20236788890332,0.302376203194628,1249.151108180967,2471.8764630175674,1242.175547340887,1761.1734430398587,56.90405333652646,99.74480537283428,0.0032282273260161,0.9689576286988102,5,0.0010644405
2023-05-18,284.88718,282.42102,288.4386,287.7996,282.4712,294.28522,-1.1685835,-3.0791168,0.71884346,0.92722505,-1.4865055,2.5965815,-2024284.1,-1192031.1,6076285.5,93838.62,-0.019426912,-0.02987406,-0.01400239,1696.0438964038412,1379.7992812383743,84.22767207422304,0.3162446151654669,1171.446101700453,2502.5833283119155,1167.498897696457,1733.841669286762,51.89346973048855,99.82903600581,0.0021383497020963,1.1473183913280924,5,0.000105680345
2023-05-19,284.54758,280.29517,288.4453,287.8904,281.59204,295.11694,-1.3373504,-2.9221907,0.5500736,0.35626993,-2.281065,1.945176,-2157731.2,-1087038.6,6696047.5,93753.25,-0.020707592,-0.032239087,-0.014848229,1718.556694000047,1353.72103990634,82.9096082031257,0.3648356540937068,1103.955822013571,2633.2377297687444,1010.6612889216502,1734.5890233211917,38.38093604296063,99.94700008731904,0.0007010307163463,1.6225764408470942,5,0.000147284
2023-05-20,284.18253,279.94116,289.61658,288.673,281.8839,296.346,-0.8400183,-2.4179106,1.0328827,-0.3224313,-2.8474274,1.6065845,-2198962.8,-819192.2,6731659.5,93638.78,-0.02110329,-0.033179846,-0.013863002,1827.7231323674407,1323.5390302322555,78.71801254257927,0.5041841021351855,1125.971159520484,2837.2480365132897,986.4367863061444,1869.385600310086,35.53025047479778,100.00574273463845,-6.775065412261939e-05,1.8093914383315883,5,4.0005747e-05
2023-05-21,284.96445,279.3286,292.17847,289.37125,282.15173,296.6148,-0.3961127,-2.3721027,1.0047703,-0.3853501,-2.5108032,1.7647362,-2125430.8,-842084.2,6156413.5,93501.695,-0.020397607,-0.03129842,-0.014891378,1905.644206285866,1400.5658947590985,79.37712525758604,0.5050783115267673,1146.5125258275914,2883.66623986636,945.729628864974,2196.73660287989,33.31199026644237,99.9493956957498,0.0006221856452827,1.893277051014124,5,6.9159105e-05
2023-05-22,285.82367,281.21484,293.2085,290.44238,283.48853,298.31677,-0.25195506,-1.9642487,1.3748169,-0.8267657,-3.500987,1.7489576,-1740203.6,-498800.66,4819123.0,93620.68,-0.01670061,-0.026380692,-0.010806127,2017.312302937595,1479.6024542681707,77.78374236395366,0.5377098486694242,1254.0657644949056,3193.311307022213,1076.0676002798473,2341.90464551528,38.735630195187234,99.77703492442782,0.0034034446952171,1.7151955359822528,5,0.00028065342
2023-05-23,286.44568,281.0166,293.75513,290.91608,284.542,298.28845,-0.573444,-2.4553728,1.4835882,0.07283007,-2.245184,2.598505,-1953331.9,-706560.2,6263175.5,93790.03,-0.018745987,-0.028251668,-0.012571198,2075.5955134776914,1543.025747600472,78.45694824922856,0.5325697658772194,1344.9932280144894,3187.9300173069523,1061.661320409176,2422.3096287568646,38.63685372693722,99.84944470536836,0.0025801307589513,1.755402009657821,5,0.00014930892
2023-05-24,287.49658,283.15918,293.54077,290.84323,285.91553,297.3706,-1.2298703,-3.1060066,0.77335835,-0.14692155,-2.2923737,2.2195299,-2053561.0,-1141398.1,6002117.5,93764.09,-0.019707877,-0.029000277,-0.012613324,2067.001677086552,1641.796979085401,83.38314597339034,0.4252046980011508,1472.244737036886,3017.765205165579,1226.7737682423324,2390.4957096270127,40.93525472355668,99.91282599945482,0.001842049946651,1.7700898802849867,5,0.00047563724
2023-05-25,288.22287,282.79395,293.90356,292.0767,285.313,298.28735,-0.9372218,-3.0565338,0.46573067,-0.32960972,-2.094492,1.8133154,-1878348.9,-762217.94,6037668.5,93804.15,-0.01802638,-0.0266435,-0.010970684,2226.052630713596,1724.4359735879762,81.30941966209816,0.5016166571256192,1415.1732091361882,3187.72142031691,1197.1214855837886,2444.5572208274307,39.12941263909634,99.55813709885172,0.0086029988775235,1.906838818345408,5,0.00090636185
2023-05-26,286.90536,281.6377,293.57446,292.14664,285.25916,299.15167,-0.36425266,-2.3613281,1.1579132,-1.1509548,-2.7864695,1.1593409,-1998345.4,-681629.2,6323417.5,93748.79,-0.019177977,-0.02951346,-0.011047939,2244.700142473023,1588.899216521059,75.42197682442738,0.6558009259519635,1410.1703709445762,3355.5670349734846,1107.3741912521364,2395.4716716245125,34.99514841107062,99.63360780855184,0.0070141093234833,2.0569907036880477,5,0.00030463818
2023-05-27,285.76395,282.4995,292.49707,292.28867,285.16284,301.18713,0.79254943,-1.4428148,3.3026428,-1.5970999,-3.4132843,1.1484623,-2164031.8,-560651.94,6153820.5,93624.07,-0.020768058,-0.035520732,-0.011114637,2285.1888238266315,1468.2048264109242,68.47421542221299,0.8169839974157075,1401.2585736092574,3781.697180795845,1173.6794014315317,2240.7713124940224,36.99177523524726,95.25547827358363,0.1015160251428621,2.100151268760468,5,4.951464e-05
2023-05-28,288.3174,285.4729,293.56128,290.9725,287.05298,296.51624,1.1825751,-0.9431772,5.7235823,0.69849557,-2.4338531,4.396099,-1275093.6,-510429.66,3595533.8,93531.46,-0.0122369835,-0.02451,-0.0064249644,2052.054815350892,1728.300442460891,85.06784140701221,0.3237543728900006,1585.5289777736664,2866.567493927427,1430.126566482115,2393.5234753192685,55.24193107427923,98.83995638664211,0.0205559875869535,1.2151943307416122,5,0.028659083
2023-05-29,286.97507,285.52893,291.3827,288.72287,286.94385,292.58984,-1.4890167,-4.084509,5.2493687,2.8417547,1.090033,7.4186726,-2261798.8,-314624.62,2548278.8,93727.5,-0.02170632,-0.0371922,-0.014424534,1770.6940071605334,1579.580761264577,89.63111796402772,0.1911132458959564,1574.3371166552304,2253.7384246301613,1435.3987741332205,2090.0520536107515,68.15220440090164,98.80551332385492,0.0204314324542579,0.675421441209867,5,0.077971525
2023-05-30,286.39618,284.66516,289.36554,288.80106,286.58948,294.17664,-2.755744,-5.342902,-0.77223206,1.2541786,-0.06582284,2.4644809,-1882852.0,-779237.44,3404007.2,93917.445,-0.018069597,-0.031821012,-0.010428885,1785.189391122266,1521.2922851911464,86.31061334078335,0.2638971059311194,1538.472806257476,2485.953076450203,1355.994545560425,1839.7439757448208,60.3571384995204,98.6895027171879,0.0203428147676925,0.8977205930136204,5,0.01741466
2023-05-31,287.99152,286.5312,291.90405,288.90454,287.3026,293.38208,-0.53911126,-2.609497,2.0376325,0.4608705,-1.0037804,1.8514507,-852752.8,-73988.68,1176247.9,93732.56,-0.008183808,-0.015882006,-0.0048171934,1790.9073595451707,1687.4000028026169,94.36368280422737,0.1035073567425541,1611.393690938073,2367.179908726879,1532.643062456319,2159.4200455582977,84.12903149700823,99.109797939164,0.0154827731769128,0.3223689759819629,5,0.3326015
2023-06-01,287.82672,286.08228,291.23816,289.7175,287.32263,294.28888,0.30602235,-1.293026,2.523974,1.5616708,-0.04347831,3.182297,-1708225.9,-470517.72,3361225.8,93808.69,-0.016393721,-0.022636777,-0.013391368,1890.9922950888704,1669.2876513721078,89.2979222757753,0.2217046437167629,1613.483916641903,2503.1459097301827,1488.3926238895992,2071.171748234384,65.45144102788512,99.31777899427505,0.0117958617964911,0.7865705550933237,6,0.033660695
2023-06-02,286.90073,284.65295,291.30273,289.31726,285.80933,295.29993,-1.2489136,-2.9789515,0.8993063,0.71399087,-1.3411732,2.6501818,-2082794.6,-888075.94,5269383.5,93823.66,-0.019988433,-0.026042651,-0.015329114,1853.1331219017927,1573.5576654864929,86.84807920075262,0.2795754564153005,1462.040810773352,2662.771475309632,1354.9006983386244,2079.5887010071365,57.867979752818094,99.64844349886393,0.0055163719513393,0.9864644298826392,6,0.0029953881
2023-06-03,286.5547,283.52148,291.52832,290.14554,285.01318,296.91055,-1.0289733,-2.6027117,0.44224548,-0.44666144,-2.484806,1.6030883,-2203858.0,-572067.0,6129218.0,93769.27,-0.02115027,-0.029278494,-0.014235269,1975.0440481486824,1541.0427927821377,81.88396128300488,0.4340012553665448,1387.509265973508,2935.504857383627,1256.8262309062425,2109.228548371876,46.17658880599852,99.58467602539795,0.0069770209164071,1.4688553196420482,6,0.00032003477
2023-06-04,285.35132,281.18945,291.47095,289.63852,281.4402,298.1455,0.52152115,-1.4789429,1.8665619,-0.8502069,-2.432251,1.1770945,-2297982.2,-614126.5,6060119.5,93839.04,-0.022053573,-0.03127174,-0.015489619,1943.5826662754664,1427.7321080443023,79.10798777259133,0.5158505582311642,1092.6525417876078,3160.8893148210427,1074.2128774494415,2101.6553229909355,43.33069145793463,99.94138310394725,0.0009265429812903,1.6282070913900646,6,4.0423056e-05
2023-06-05,285.41672,280.68433,292.24878,289.49463,283.10864,296.7657,0.24217099,-1.8568792,1.6015673,0.10731,-2.357071,3.9686856,-2071203.9,-543887.2,6146983.5,93850.055,-0.019877195,-0.030827869,-0.016265295,1898.069334238464,1439.7050299034393,78.89144695095762,0.4583643043350249,1222.632583691906,2910.011400553813,1037.8964372955172,2206.388745695156,41.49983608807309,99.68809128115602,0.0054516339999174,1.5700103758579138,6,0.00085104315
2023-06-06,285.85434,281.69897,291.65527,288.89194,284.74683,295.14557,-1.0116208,-2.2648573,0.879138,0.5815539,-2.489212,2.216469,-2163779.8,-940975.94,5898376.5,93861.79,-0.02076564,-0.027692612,-0.01701496,1807.543269788572,1474.3571228786452,84.22764634269491,0.3331861469099267,1363.3324206831155,2637.838892507648,1111.9771669720208,2126.0715419999456,45.83492480999468,99.9731110369069,0.0004312430884024,1.3140705937293238,6,0.0011114263
2023-06-07,285.34714,281.60132,291.26733,289.02557,283.71948,296.38147,-0.15999183,-1.7111454,2.255066,-0.63372225,-2.48703,1.7775469,-2150299.8,-898890.94,5772671.5,93868.53,-0.020636274,-0.02949186,-0.016901447,1848.512307251881,1426.166531478945,82.03033700994828,0.4223457757729364,1273.5225252710627,2843.334069840212,1104.649708935803,2074.970780797306,41.81492112589278,99.89066991016576,0.001621089801134,1.5677998358181662,6,0.00031932315
2023-06-08,284.7128,281.7505,291.67285,289.8723,283.2937,297.7992,0.26422748,-1.651535,1.2225921,-0.9106138,-2.5633545,1.2707329,-2075173.6,-557501.7,6065032.0,93841.805,-0.019915294,-0.03096883,-0.01623463,1954.040722333268,1368.7330704078774,74.31257360081277,0.5853076519253905,1237.857266170607,3096.207748362162,1115.8596557380183,2128.4129300347267,41.39904564574848,99.74913275918458,0.0038650807510296,1.6074045693893535,6,2.933919e-05
2023-06-09,283.99405,280.49683,291.46362,290.06445,281.94604,299.65173,0.9914611,-0.9071884,3.4382782,-2.1062648,-3.9654646,-0.3489046,-2331985.8,-348979.72,6096058.0,93658.79,-0.0223799,-0.035694562,-0.017349983,1992.242600413136,1303.6238141602305,70.36002989742876,0.6886187862529053,1130.7075248973133,3456.1629111500297,1024.694511452209,2100.6902487406883,40.88061691367775,96.9883236035199,0.0513897937774661,1.9067379263342223,6,2.343878e-05
2023-06-10,283.28708,279.9795,290.5564,290.64807,282.8015,301.47827,1.5500792,0.28052425,3.6183167,-2.4715657,-4.016636,-1.0781183,-2585390.0,46688.047,6109140.5,93556.98,-0.024811804,-0.041211277,-0.018160447,2070.1434376624425,1243.2260457985358,64.30458471173962,0.8269173918639069,1197.7294649021617,3846.355836948805,989.0347152420115,1984.1168717776063,37.66221848615788,85.38590837375325,0.2014044465333279,2.3556097038045483,6,3.0454057e-05
2023-06-11,283.6659,280.94055,289.7561,291.68124,284.64233,302.68213,1.8497063,0.33029556,5.303481,-2.9223576,-5.0217733,-1.6381559,-2791419.8,305262.62,6017338.5,93413.63,-0.026789058,-0.044994377,-0.019094268,2206.830691879382,1274.2063248301988,61.49449216287463,0.9326243670491832,1353.949683800357,4124.082631468377,1056.180129330326,1886.041168173273,37.0261180444419,81.73358999802818,0.2520277239723939,2.5524017535027097,6,2.574527e-06
2023-06-12,286.47092,281.77368,293.8147,291.47714,284.45557,298.93274,0.2775682,-1.6583576,2.9579926,-0.0889129,-2.8813286,3.466876,-1898700.0,-314606.72,5231199.5,93495.97,-0.01822169,-0.026662705,-0.01253405,2147.401361167392,1544.8083690277251,74.46592768785726,0.602592992139667,1337.3208013301728,3312.336956809861,1117.611597870119,2431.216517686329,39.36575575948709,99.35332853922874,0.0120625261179138,1.9894724693653656,6,0.0066685914
2023-06-13,287.94656,286.40613,292.1078,288.65762,287.1853,292.84778,-0.071506105,-2.9903755,4.1971817,2.862587,-0.122024536,4.890745,-1162529.9,-426728.1,1323340.0,93878.66,-0.011156716,-0.021814002,-0.005849168,1760.9786810248925,1682.7008303642283,95.6001590851601,0.0782778506606642,1599.1932975041518,2290.137059033625,1520.2006350456263,2187.07155631243,83.89658772916134,99.53298814348774,0.0077938864300779,0.2979239569286478,6,0.05805688
2023-06-14,288.03064,286.89917,290.88727,288.61884,287.24963,291.922,0.052872937,-2.098444,3.8128698,2.1181624,-0.5472717,4.1880393,-1129033.4,-113247.38,910737.8,93790.54,-0.010835251,-0.019451248,-0.007170276,1756.5379300654315,1690.3234621775243,96.33303095249674,0.0662144678879072,1605.873731366302,2161.843113699292,1569.7753104752458,2025.9562091652335,87.93180995862161,99.5730558690611,0.0071910349599791,0.2339292810278882,6,0.19023018
2023-06-15,288.29562,286.5063,292.32373,289.26746,287.12512,294.09595,0.5006437,-1.826477,2.7910652,-1.3406643,-4.0932207,1.5886078,-672909.56,89346.414,1065915.9,93571.6,-0.0064578643,-0.01281303,-0.003826089,1835.683519754312,1721.6074663540285,94.04811248550348,0.1140760534002831,1592.9660111630965,2473.657730041465,1530.1583838652975,2216.718626365753,87.9722804378373,99.69103295754124,0.0050442657926557,0.2975246146971472,6,0.17303441
2023-06-16,285.24655,280.95227,291.3606,287.80637,284.72144,293.4702,2.7311423,1.2643538,4.0977182,-3.006997,-5.06254,-1.1658516,-1860653.6,-426526.97,2921365.2,93588.49,-0.01785656,-0.030666042,-0.010636538,1672.6339774462383,1417.7338759327197,85.28347875164667,0.2549001015135183,1361.0472497631038,2380.1043963915017,1057.0231112583624,2087.156042308654,56.74063394171857,98.75171919555976,0.0198156937307844,0.9101699092038104,6,0.01531235
2023-06-17,281.80026,278.7776,287.60144,285.3317,279.67944,292.52747,1.4504722,-0.6403816,3.234047,-0.60752517,-3.3287811,3.3182468,-1909838.5,-218953.48,4514463.0,93823.6,-0.018328585,-0.03903503,-0.013056525,1440.7854840548696,1125.7711985519015,79.74307725695469,0.3150142855029678,968.8585872690433,2245.012518171705,910.3867798704428,1642.843115381724,59.4864978069245,94.53992367412354,0.0576917303303031,0.8231889181061692,6,0.0004267793
2023-06-18,283.8745,281.26868,288.38135,286.5134,282.71472,292.81244,-0.58156973,-1.7439156,1.5024414,0.7017327,-1.243393,3.1993265,-1861298.0,-874032.3,5355522.5,93933.41,-0.017862745,-0.025021927,-0.014530796,1548.0276831538474,1290.4451559070287,85.4501065377309,0.2575825272468185,1190.7736341877503,2285.1198269349134,1080.0093225694618,1727.4802711814525,53.851074056990974,99.7574126913253,0.0031149902797499,0.9341593494315198,6,0.0010527321
2023-06-19,284.7271,282.15735,287.99084,286.96286,284.02588,291.94012,-1.7270714,-3.7744865,-0.09550667,1.232004,-0.46334594,2.4974973,-1971243.1,-819238.06,4741386.5,94127.23,-0.01891788,-0.026109267,-0.015524125,1588.8194428553004,1363.7985399423908,87.37361468827203,0.2250209029129095,1299.7450943028748,2164.2933299001243,1146.9467172154252,1684.6346257511686,55.74198230107877,99.49447237904232,0.007100322699606,0.9106527255536356,6,0.019388271
2023-06-20,284.82755,282.39844,289.3214,287.9755,283.84094,295.07196,-1.4619349,-3.1262207,0.97036743,-0.34936288,-1.9574327,1.3014307,-1982531.1,-647643.2,5667261.5,94028.12,-0.019026209,-0.027069045,-0.013829057,1719.348114790444,1373.7226165786722,83.4168786933116,0.3456254982117718,1283.8611943260028,2626.0215397231623,1165.726008374981,1834.576364744932,48.33605441038622,99.51303737924432,0.0063990622388005,1.2565677643867617,6,0.0013706525
2023-06-21,283.14273,278.64355,290.1255,288.1321,279.844,296.83618,-0.30245706,-2.5247955,0.9358368,-1.2298933,-2.9215403,0.88946056,-2085515.4,-436105.88,5939788.0,93783.195,-0.02001454,-0.029364934,-0.014558352,1768.631863051953,1235.0786609877894,75.71711284950322,0.5335532020641638,979.8779444213058,2922.39279033165,901.9684628811418,1930.7666734238296,38.078314383042986,99.69351520016848,0.0043132869195508,1.6185551233828324,6,1.2807032e-05
2023-06-22,283.64905,280.38354,290.74146,289.27805,282.77466,298.81116,0.602228,-1.4047241,2.051422,-2.0966961,-3.7587519,-0.5332155,-2306483.8,-213023.58,5775437.5,93648.44,-0.022135157,-0.033416186,-0.017036285,1895.9838248594144,1275.4618589101565,71.21345198358011,0.6205219659492582,1195.5733494990957,3288.5405964226384,1016.7904100126738,2007.4233437078035,44.11706986362356,92.26549593820076,0.1133063986326674,1.703805681788147,6,2.655769e-05
2023-06-23,284.5887,281.0874,291.37598,290.32993,283.65503,299.6178,0.88816124,-0.6919861,2.0386353,-1.8294257,-3.7591667,-0.16025448,-2153075.8,-68898.79,5470567.5,93581.63,-0.020662915,-0.031500705,-0.01529949,2016.2935129668172,1355.9194849751236,70.79719675181204,0.6603740279916938,1268.066141919891,3449.2537689530755,1066.7867520796883,2089.1716772501545,43.628988948101465,90.35111295607128,0.1414728560829699,1.809029051290132,6,4.3275068e-05
2023-06-24,285.06018,281.89587,292.635,290.53964,283.41235,300.6703,1.0355349,-0.8266697,2.17659,-1.8162686,-4.230137,0.46696758,-2239004.8,-125622.91,5703804.5,93597.63,-0.02148757,-0.03177603,-0.015238639,2052.0796469111287,1398.7714576251292,72.35668227899585,0.6533081892859997,1247.7064641751454,3669.2472462933592,1126.8817093905757,2260.075156901297,43.23388156297929,94.31735420065829,0.0741443300688047,1.9907753150899377,6,2.9262781e-05
2023-06-25,285.96793,282.39038,292.39185,291.1634,284.36694,300.4524,0.8493356,-0.81773376,1.6763916,-1.1260449,-3.3983002,1.2215595,-2070081.6,-206095.52,5796764.5,93746.13,-0.019866426,-0.029981408,-0.013203169,2132.1452863650334,1485.0240294138948,73.51898873357057,0.6471212569511385,1329.4933913646078,3622.722296792517,1165.0940931812042,2226.14315487368,46.45813937555843,92.37254189435636,0.1123282972571316,1.7047981134758536,6,7.737681e-06
2023-06-26,285.87158,283.00732,292.8728,291.49228,284.3628,300.68433,0.2712669,-1.4491272,1.4520416,-1.0192081,-3.170044,0.9616386,-2022769.9,-284833.38,5832718.0,93739.31,-0.019412378,-0.028864685,-0.012556744,2170.489048915065,1474.9183809440456,72.0449693347198,0.6955706679710193,1329.1278102379226,3672.2624697184256,1214.3673248741509,2293.695690962582,41.01674167207498,93.99690520552028,0.0890747533944722,1.8280840570196373,6,1.3299165e-05
2023-06-27,284.5532,281.55322,291.52905,290.63962,283.56226,300.15112,1.0952227,-0.55491066,2.6463928,-1.8240746,-3.8812475,0.75746727,-2187465.8,-294458.28,5935928.0,93717.74,-0.020992953,-0.030119231,-0.015636174,2053.7527903277582,1351.9925071761468,70.21140378694005,0.7017602831516113,1260.2484419463292,3559.244749368158,1101.056623542114,2109.325382521334,40.23114675661952,94.8077637535943,0.0688692123500407,1.984519237753084,6,7.257059e-06
2023-06-28,284.1743,280.5381,291.54736,290.55872,282.8811,300.32336,1.5506954,-0.7648535,4.4466248,-1.965724,-3.9063358,0.48313046,-2337182.2,-97821.87,5922558.0,93715.63,-0.022429772,-0.034605745,-0.017827809,2054.805847753695,1321.0267854941071,68.02626137515456,0.7337790622595879,1204.139564069663,3595.415920250133,1027.5868274682882,2111.7475050784524,43.36583441557973,91.04667784666309,0.1311841532716221,1.8545683188412423,6,7.2926273e-06
2023-06-29,286.19113,281.92603,291.95496,289.15228,283.6206,294.58203,-0.29970905,-3.1603413,1.8317442,1.2822369,-2.5857544,3.3729172,-1577937.9,-503940.84,4592675.0,93959.41,-0.015143357,-0.0248091,-0.012163967,1833.3703105735613,1510.61473475055,83.06186257842093,0.3227555758230114,1265.160389184061,2548.5417953891388,1129.1795500399137,2166.2998649675537,59.60623198832784,99.09983849491869,0.0149043365819197,0.991671219794986,6,0.01606839
2023-06-30,287.36243,284.72607,290.68896,289.51025,287.16968,294.4065,-1.6913887,-3.517849,-0.12234497,1.1021267,-0.71894866,2.5395365,-1952218.1,-719933.2,4477058.5,94092.4,-0.0187353,-0.026093222,-0.013166171,1870.4301192586947,1620.2339960342945,88.05766416555518,0.2501961232244001,1597.57442129119,2521.2732105233827,1361.4644807667305,2000.7883659537968,55.06329966613928,99.5138324678368,0.0080826905695798,1.111079825552696,6,0.052219618
2023-07-01,287.39114,283.82227,291.0785,289.55945,286.16956,295.07416,-0.19868697,-1.9381256,1.7889259,0.46430337,-1.7547979,3.4169364,-1729070.4,-830545.2,4814216.5,93872.74,-0.016593765,-0.022601688,-0.01173351,1882.166681091304,1624.0391010271942,88.21182508454928,0.2581275800641094,1496.9068621026763,2626.373623635703,1282.2666312336803,2050.4883718262163,50.57825576450534,99.66509241213944,0.005261133286739,1.254983675607718,7,0.0066884053
2023-07-02,286.23535,282.75916,290.74084,288.8608,284.67322,293.70276,-0.32437477,-2.112009,2.2001667,1.2548933,-1.0891418,3.179781,-1853535.4,-957193.3,5603922.0,93738.43,-0.017788246,-0.023303797,-0.014277224,1796.6970097875474,1509.551028951332,85.92926602082069,0.2871459808362154,1356.716910918847,2414.5032445941,1194.3302420828873,2007.346081891229,50.36063452660439,99.60136455731052,0.006365072938732,1.1819587023830609,7,0.0014070745
2023-07-03,284.78705,281.38037,288.78406,287.19775,284.2555,292.80505,-1.814943,-4.3813133,0.37283707,1.1009109,-0.94329834,2.6608782,-1552348.5,-962985.2,4112319.0,93942.43,-0.014897779,-0.024117142,-0.011198105,1611.130105059556,1370.875618191102,86.54342245803481,0.240254486868454,1319.7071629553195,2284.0725398396776,1088.2284059532678,1772.666097837989,54.87524925191669,99.5971246215026,0.0059251528070963,0.9026561056495632,7,0.002553479
2023-07-04,282.82556,279.02686,288.84326,286.4548,280.21912,293.98572,-1.647652,-3.7436218,-0.16268921,-0.0031363566,-1.9019318,1.6403756,-1781903.4,-830494.25,5757174.5,93955.87,-0.017100798,-0.02843804,-0.0123660285,1564.3146338164688,1207.5187312376663,81.55936016202246,0.3567959025788023,1005.413340770745,2456.947093620436,926.227553687436,1779.3959196059304,41.22048670885344,99.98123256692126,0.0002315571032418,1.3207802515078833,7,0.00025381314
2023-07-05,282.99133,279.19873,290.03125,287.974,280.3003,296.46875,-0.05432393,-2.797165,2.2340393,-1.2021742,-2.652873,1.1294861,-1924446.0,-542816.6,6040455.5,93880.96,-0.018468771,-0.02906975,-0.014647763,1744.8723915183964,1222.0880454404098,76.23062327283866,0.5227843460779866,1011.0159520490108,2858.3621828687133,937.2914971161508,1919.268558354238,37.28010232358048,99.83088021746543,0.0023180029822015,1.6218739544969976,7,7.972054e-05
2023-07-06,281.5132,278.39624,290.36572,288.3586,280.89062,298.61877,0.64471716,-0.9916029,1.7939291,-1.9819627,-3.706833,0.06077957,-2179402.2,-418595.5,6003426.0,93668.81,-0.02091557,-0.03543604,-0.015695726,1791.42315301525,1106.012867478045,66.90069114412037,0.6854102855372045,1052.5953225196608,3251.1923317226515,886.6156694304103,1960.3521558594323,36.218090409578224,94.37971214191492,0.0730671912196573,1.931802528466015,7,1.5223447e-05
2023-07-07,281.4097,278.3501,289.97754,288.9095,281.28662,299.55444,1.2153476,-0.81318665,2.8865662,-2.2031422,-4.308914,-0.16769123,-2357040.8,-132391.89,6000107.5,93512.15,-0.022620352,-0.040852346,-0.015413408,1856.7970640371832,1098.4766213940648,63.20666389083439,0.7583204426431185,1081.326059410399,3436.387352281727,883.7769440940016,1912.7421822698225,37.05620393973671,84.09180030355903,0.1867327212552485,2.086617327925281,7,6.8187696e-06
2023-07-08,282.48434,278.4381,290.92017,290.31393,282.36353,301.60852,1.7131796,0.034335136,4.751754,-2.6921532,-5.4609365,1.5230188,-2397616.0,-9332.169,5626140.0,93256.16,-0.02300975,-0.039762035,-0.0155188525,2043.9635596273777,1182.187565819518,62.54469690811837,0.8617759938078596,1162.989891194955,3875.593975912381,889.1985227504675,2030.158262043925,35.920649331071154,87.44125989408495,0.1879048225590422,2.4111192876363576,7,0.0002704233
2023-07-09,287.3428,283.68506,291.01392,290.24945,287.281,295.02594,0.6190417,-2.0238342,2.9145517,-0.14161648,-2.1958961,1.7701683,-1638894.9,80945.44,3123893.0,93538.38,-0.015728358,-0.022553917,-0.010801394,1957.323721603524,1620.44259406475,83.56615045465641,0.3368811275387742,1609.140450416642,2618.6568365212665,1270.6057508445526,2042.1749586481867,61.65336370495803,99.16829508034007,0.0144939429504008,0.920179539644015,7,0.15882057
2023-07-10,288.24988,286.2224,293.0542,291.34293,286.5957,298.3553,0.14703931,-2.0845642,2.8286133,-1.246163,-3.3550577,0.7555399,-1613174.6,-337903.34,4330176.5,93538.84,-0.015481522,-0.02129031,-0.008655756,2131.483141257207,1716.439657294115,83.8929656222637,0.4150434839630916,1539.096611741575,3200.6421471518697,1502.08385913436,2319.636794711896,51.85848147946712,99.52563938401056,0.0077663881721268,1.493320953308757,7,0.010938434
2023-07-11,287.84744,284.22803,294.11487,292.6226,287.19128,299.85315,0.5844513,-1.8082275,3.2844489,-0.89843875,-2.6665516,2.915555,-2039980.5,-251531.33,5367496.0,93390.21,-0.019577548,-0.025647735,-0.010142771,2309.636931577152,1681.643664363809,75.89506012348522,0.6279932672133425,1599.813405528142,3497.419943334047,1317.3052148439572,2476.536109545464,41.32457092926549,99.48959158201556,0.0103027458518131,2.005960368949956,7,0.00028738714
2023-07-12,287.12207,281.68555,293.27087,292.91025,286.16284,300.4749,0.30529428,-1.8921947,3.5865479,-2.1283388,-5.043953,-0.11577034,-2258236.8,-231612.52,5731706.5,93067.21,-0.021672137,-0.028746637,-0.010249025,2376.7799044815138,1608.9874424539332,74.1147074654936,0.7677924620275808,1496.2504016416383,3627.5071709152894,1110.9671047155923,2350.960003978066,32.83472221735649,99.90838268598628,0.0014821374648904,2.393189644315049,7,0.0010260895
2023-07-13,282.038,277.063,288.76562,293.8607,289.36157,300.64746,4.438872,0.46440125,7.535103,-4.3536563,-7.1214676,0.90749073,-4173244.2,1981223.0,6164169.5,92693.38,-0.040050328,-0.062471844,-0.02724556,2453.583383169046,1150.785376287841,47.56635931089355,1.3027980068812048,1839.2788682452083,3664.3488489654897,807.7625788772716,1770.5754071191377,28.833755088473037,66.43391205438074,0.7575380659570067,2.518180229751722,7,7.204054e-05
2023-07-14,280.22623,277.62415,286.7312,286.3621,281.50195,292.96448,1.6620549,-2.0885744,4.7759886,1.3882996,-0.8615677,3.9533415,-2910459.2,-397213.9,5819557.5,93488.6,-0.02793147,-0.04949743,-0.020745508,1527.4438387947764,1011.5545189244884,67.09812517697783,0.5158893198702877,1097.2377933546113,2306.7739101092507,840.1613343090231,1552.7288252009937,47.74410639761376,87.01348945276338,0.1460242620271009,0.9299046081722812,7,0.008157311
2023-07-15,282.16898,278.87622,288.03735,286.0311,281.11804,293.18292,-1.3994964,-3.2402039,0.124964714,0.2637727,-1.3575706,2.0593014,-1925718.0,-1096165.4,6013774.0,93716.31,-0.018480979,-0.031176256,-0.0144243,1519.3438178109582,1152.7602923165668,79.7881266300282,0.3665835254943912,1069.0115906067942,2338.2009777704734,916.6259611089904,1689.6880028990247,41.45607812735723,99.6736109149996,0.0036555697671828,1.2944514068297317,7,0.00046074396
2023-07-16,283.72452,280.7815,288.7196,288.24683,281.48865,296.502,0.39241722,-1.5484009,2.9688873,-0.43596646,-3.3049898,1.959878,-1803573.1,-776739.44,5222825.5,93585.44,-0.017308764,-0.026509373,-0.013852228,1782.364501360761,1279.0681201059492,78.01830398443624,0.5032963812548118,1096.2486286658918,2864.1079585813754,1044.796964011697,1765.3650637358428,39.06920943154676,99.78119471840644,0.0028397158158893,1.711542030969771,7,0.00023544018
2023-07-17,285.40805,281.12305,290.1798,290.0803,284.9132,296.6853,-0.058047708,-1.7926922,2.348795,0.25376523,-1.3795376,2.5730095,-1681246.5,-682162.75,5073832.5,93649.27,-0.016134802,-0.024074705,-0.012545386,1958.5640792406505,1434.155186248542,75.12139888521068,0.5244088929921088,1378.390719996351,2895.949461315249,1069.3753993798214,1937.42193315066,48.31302759605202,98.57131472630178,0.0238466670697359,1.4890657212001897,7,0.007768991
2023-07-18,287.43692,285.844,289.4054,288.5285,286.53748,291.72925,-0.6064419,-2.1335993,2.1219425,1.7965816,-0.58462065,3.9650621,-917114.3,-660188.94,2255077.5,93948.52,-0.008801481,-0.014824169,-0.00647265,1747.0368515241444,1626.8296669157469,93.39437757878284,0.1202071846083975,1533.2708831988175,2135.940171871872,1465.364879264814,1844.4222563039075,79.36098429273495,99.51005483958936,0.0081486604462372,0.4144272468982753,7,0.014936709
2023-07-19,286.56406,285.68848,289.39984,287.63342,286.2141,290.64612,-1.6355319,-3.8872833,-0.44974518,2.3341823,1.3150635,3.7415848,-1108275.9,-449603.62,1507765.5,94428.49,-0.010636044,-0.019961819,-0.0061814124,1648.7210638789186,1537.2245367041558,93.41081625371656,0.1114965271747629,1501.269801518252,1995.386659201897,1450.505247442367,1843.7696796356777,77.43098637733632,99.4030073827134,0.009183474009709,0.4291499152317981,7,0.04204754
2023-07-20,286.10995,284.36182,289.55798,288.91708,285.90515,294.78815,-3.098545,-5.9776964,-0.71588135,0.7869384,-1.5426941,2.3063183,-2035093.6,-905777.56,4485360.0,94525.445,-0.019530648,-0.030111754,-0.0140552465,1808.8641561360848,1493.410819911629,84.76061574455629,0.3154533362244559,1471.245045185654,2580.8902617560966,1329.0418040255167,1862.4297671405493,55.22664057130931,98.7107353786852,0.0208509587553767,1.111871999500293,7,0.012602312
2023-07-21,286.86353,284.53394,291.17603,289.58286,284.891,296.2224,-1.4236962,-3.6439514,-0.023797035,0.19697301,-2.3143435,2.444182,-1799815.4,-858504.75,5797168.0,94337.06,-0.017272698,-0.024027675,-0.011068644,1901.8522736123268,1571.1388416934676,85.53243581375784,0.3307134319188594,1376.371561240412,2816.125032830498,1344.2763660713974,2063.101270156036,49.603029976144704,99.43887790593104,0.0091201590376997,1.4062158507347335,7,0.0011594213
2023-07-22,287.1099,282.96655,291.80066,290.47217,285.76355,296.21313,-1.1327904,-2.8963928,0.2803812,-0.18523912,-1.6351852,1.7064171,-1884081.0,-918793.2,6033992.5,94142.44,-0.01808139,-0.023811001,-0.0108522205,2006.173010461408,1598.4463720999713,82.93036889343826,0.4077266383614364,1457.661809276736,2814.545075038839,1211.0552350569412,2145.504942357358,43.27470230800873,99.6292508949195,0.0064357112757079,1.5965590724910603,7,0.0008293762
2023-07-23,285.05548,280.54456,293.05664,290.5444,283.30615,298.44757,-0.007055854,-1.7418156,2.3199463,-1.0790124,-3.008194,2.088791,-2035639.6,-551690.0,6238912.5,94121.37,-0.01953589,-0.029727098,-0.013473028,2050.8017268699705,1409.5495938169868,73.03997165986941,0.6412521330529839,1238.8875941984015,3218.2682124886533,1028.0410095616194,2319.9876827374533,38.3192372145632,99.54219001011089,0.0078873377911934,1.878524120140912,7,8.800486e-05
2023-07-24,285.3411,281.6123,293.07983,291.52646,284.13232,300.31006,-0.124899924,-1.940011,1.5900269,-0.7710244,-3.0945425,1.8202248,-2038547.5,-477639.4,6345668.0,94056.1,-0.019563794,-0.030056318,-0.012925082,2180.654042481245,1430.0937363490511,70.829845173321,0.750560306132194,1308.965835461124,3592.6102875984675,1105.4719149313737,2323.323441954886,34.8284379066368,94.95624975957584,0.089969350424298,2.068577744989545,7,1.3868201e-05
2023-07-25,285.64725,280.52173,293.61426,292.44736,285.72107,300.43787,0.16642876,-1.7195473,2.8132935,-0.6855719,-2.7357178,1.8021698,-1973351.4,-526417.9,5857242.5,93760.99,-0.018938111,-0.028296543,-0.012423498,2289.134621237343,1461.207661019659,67.87485997165926,0.8279269602176834,1453.6084327994845,3619.6390442539496,1026.4393082671077,2401.360775195916,32.67612316817605,93.33613390117009,0.1169965123377842,2.190711231065773,7,2.8237308e-05
2023-07-26,285.91934,282.72217,292.80396,292.6455,285.3578,300.89148,0.6601314,-1.3202868,2.9342194,-1.361289,-2.881134,0.731164,-1923487.5,-495337.9,5669847.5,93615.71,-0.018459573,-0.029004827,-0.011596289,2327.452501192947,1480.9359387754585,68.07320539168221,0.8465165624174883,1419.3484807694972,3717.009019821924,1191.3690067301452,2283.916781052333,37.21570623148929,93.82288510673506,0.0974646743456523,2.043050029578619,7,8.910397e-05
2023-07-27,286.30405,282.44043,293.45605,291.64133,286.92017,300.45984,0.118194304,-2.007863,1.6266505,0.3047476,-3.3782053,4.8408384,-1805623.6,-634248.06,5548125.5,93784.914,-0.017328441,-0.028361313,-0.010197819,2167.8686937413217,1525.9616420863647,73.34151467608866,0.6419070516549573,1571.9176591127114,3624.303677079632,1169.024524453691,2378.023722335186,35.81978954945759,98.96363243390222,0.0185706894048407,2.112075433318972,7,0.006428185
2023-07-28,288.36176,282.5498,292.85107,292.18552,287.6421,300.07532,0.036931112,-2.0485096,3.8322754,0.29556623,-3.1545362,3.062223,-1930064.6,-905172.2,5593786.0,93908.25,-0.018522693,-0.026133342,-0.010095145,2249.6623428509297,1735.6525331154692,82.10854816107995,0.5140098097354604,1647.1626149246626,3543.426382186812,1177.6546926317046,2290.605479750044,34.42297827990966,99.58053852308458,0.0073498010907269,2.2947841196095986,7,0.011801071
2023-07-29,286.64218,283.8203,292.55322,288.22006,285.23938,292.7871,-1.0836809,-2.9895115,0.3914824,2.6827412,0.05326748,4.8457003,-1917242.4,-689126.94,2698040.8,94024.875,-0.018399637,-0.02909166,-0.011607157,1715.4360303994824,1555.5350632970683,90.55563680586783,0.1599009671024139,1408.336510060116,2281.5296463130176,1282.0999804137166,2248.6119834204,68.65074079477603,99.50072744109478,0.0095232093270772,0.6064289468409938,7,0.10232872
2023-07-30,284.90775,283.50476,289.0829,287.4777,284.6067,292.64014,-1.706787,-3.573143,0.36945343,1.0977572,-0.7771003,2.567443,-1640299.1,-915999.7,3266894.0,94120.72,-0.015741836,-0.029838206,-0.009485114,1644.0160377018365,1380.9748130098253,85.2567313748177,0.2630412246920108,1350.7620715686385,2260.7954486812578,1255.4248810018073,1806.8643596366555,57.142469796988905,98.85029844791693,0.0179206111214743,0.9595299242245175,7,0.013721633
2023-07-31,286.7039,284.0924,290.9121,289.43515,285.3839,296.4179,-0.6651612,-2.2178898,1.6322174,0.0551447,-1.7985382,2.730649,-1730053.5,-1095559.9,5365288.5,94038.77,-0.016603202,-0.02446189,-0.011549984,1885.7274503569383,1554.050028994999,85.69394039171532,0.3316774213619398,1421.7881126705634,2849.599610166746,1305.501323127584,2029.128480783871,45.81350020086477,99.56845480728524,0.0064949971152943,1.544098287039162,7,0.0007343061
2023-08-01,287.4357,283.208,290.7959,290.266,286.26892,297.32983,-1.215513,-2.9198465,-0.08289051,0.3207206,-1.3451691,2.347888,-1854467.9,-1262974.8,5801459.5,94003.805,-0.017797196,-0.024506958,-0.011772008,1981.275807406594,1630.0854419749685,85.37388658973578,0.3511903654316256,1506.6521690601344,3010.3944107407046,1230.7866567392664,2014.3256140512344,41.244709129228255,99.73426521376074,0.0046599939685836,1.753321323954586,8,0.0014888897
2023-08-02,286.4676,281.81494,291.4297,291.49988,284.97302,300.03534,0.18188596,-1.7656698,1.8887177,-0.8553818,-2.5191727,1.1959362,-2071812.9,-893461.7,6454378.5,93873.336,-0.01988304,-0.02837748,-0.012238339,2198.329842109239,1535.9550530982326,77.30463179213605,0.6623747890110063,1383.8398939628205,3535.1089394194323,1120.7342115436493,2096.2238139647084,32.70325610255691,99.94345666706496,0.0008546511052852,2.3774343545224856,8,0.0002860506
2023-08-03,285.1643,281.06763,292.7871,292.0554,284.46875,300.85254,1.1054221,-1.1548452,3.6629639,-0.4710246,-3.2695618,3.0641406,-2322290.2,-563595.8,6919217.5,93710.46,-0.022286855,-0.036909785,-0.013752556,2273.2094163075103,1421.474754616813,67.65431016824897,0.851734661690697,1338.4886726790828,3708.561449645778,1065.3529720251356,2281.5296463130176,29.539275896516028,98.10858251553344,0.0368776922736976,2.5511448193080994,8,2.0627785e-05
2023-08-04,286.31506,282.5276,291.7024,289.66415,283.61377,297.57617,-0.50672907,-1.7964268,1.5680342,0.7010873,-1.8804474,2.5832396,-1820236.9,-1182849.0,6444142.5,93728.37,-0.017468683,-0.026010767,-0.010405392,1922.7169373445824,1521.9176418121522,83.19895296354385,0.40079929553243,1264.584059405498,3055.1692286315124,1175.8971552439302,2132.35286155951,39.04250532051605,99.90414275640792,0.0013147994471994,1.862354619992285,8,6.54558e-05
2023-08-05,285.42673,277.1831,292.30005,290.2532,283.7754,299.61768,-0.29647267,-2.0177393,1.0553408,0.13788559,-3.1338081,2.585838,-2096309.6,-1150537.1,6640984.0,93764.445,-0.020118134,-0.032715507,-0.011560944,2037.355804502188,1446.578834036969,79.04496926732664,0.5907769704652194,1278.2722775832085,3449.228937733593,814.6030884528728,2213.4502110400526,23.765861821883444,99.93038833991596,0.0011745161149267,2.629489954471409,8,0.00045679003
2023-08-06,286.46378,280.4048,293.18823,292.2614,285.48767,301.49585,-0.58354276,-2.4562683,1.4429779,-0.8338898,-2.7154694,1.5583315,-2060864.4,-901150.5,6748328.5,93777.82,-0.019777969,-0.031005632,-0.01057992,2317.611525592093,1540.653875097839,74.37332169756287,0.7769576504942539,1431.5147495806348,3850.290473835679,1018.2683143182318,2338.969574156597,26.999915261174397,99.76693143364356,0.0040688295443476,2.794502446821735,8,0.00027597704
2023-08-07,283.5354,279.43042,292.46216,294.0541,286.2527,304.8202,1.6674457,-0.41977882,4.431305,-2.1281753,-4.3408585,1.7069817,-2518436.2,-442353.5,7006930.0,93660.62,-0.024169255,-0.044625703,-0.011072672,2580.077228964288,1271.2848437207083,54.77504251439885,1.30879238524358,1505.0560694317069,4660.655523880665,952.3905854069316,2235.908564391429,24.712216252089377,92.296865902925,0.1737509808039128,3.1779548032712883,8,2.0419557e-05
2023-08-08,287.59314,282.96655,291.50098,289.72702,287.41174,295.375,-1.7158728,-4.358612,2.7658844,3.0454662,0.9809027,5.0147114,-1508536.5,-519523.9,2842048.2,94115.5,-0.014477317,-0.030505052,-0.0060688406,1887.910921427867,1646.5502826129832,87.78498358928094,0.2413606388148836,1622.816942431606,2674.9720990499472,1211.0552350569412,2105.616198343573,50.26223553915013,98.80334567887226,0.0217422417211216,1.205926984751348,8,0.043952323
2023-08-09,287.78232,285.03455,291.91248,290.49094,287.27417,298.5077,-2.630019,-5.925766,1.7108154,0.9030912,-2.7256775,3.5383577,-2007659.1,-896556.8,3963913.8,93974.43,-0.019267363,-0.0331324,-0.011634066,2009.20695787097,1667.352943021091,85.78565633804585,0.3418540148498792,1608.42813833005,3229.7964214195854,1389.4645497220602,2160.557107041047,43.50001517701386,99.27630230096148,0.0116694570793722,1.8047057145133332,8,0.057580914
2023-08-10,288.3301,284.80005,293.1012,292.81924,286.859,301.2478,-0.7029378,-3.8848724,2.5141296,-1.2193226,-4.2186365,1.860467,-2454907.0,-619626.25,6158232.0,93567.99,-0.023559567,-0.030971594,-0.013898265,2358.273312401157,1730.834971091517,78.62903756459154,0.6274383413096402,1565.6846035294018,3795.092255499192,1368.1334634683585,2326.399573250372,36.59123091712106,99.37731558644052,0.0105326347031943,2.4064212847717044,8,0.022685505
2023-08-11,287.3033,283.10693,294.0962,294.34604,288.99414,303.9159,0.3989793,-2.1960049,3.3170624,-2.026321,-5.2425346,3.6869488,-2886993.8,-137642.34,6963470.5,93483.56,-0.027706273,-0.039654445,-0.019811444,2595.167275944349,1632.8354213123066,68.16215930945457,0.9623318546320424,1796.6482277400603,4426.711238615718,1222.4927593909897,2473.6948517350534,30.66980595481332,99.5645623778278,0.0086459203513406,2.879710218986592,8,0.0013824005
2023-08-12,288.15518,284.75732,294.31738,293.07602,288.1344,302.6471,0.31213427,-2.8187513,3.5723474,-0.8764467,-4.098304,4.1774015,-2346091.8,-488162.4,6502026.5,93565.03,-0.022515276,-0.034122452,-0.01714407,2398.3894079801235,1709.5032920881197,75.99601498444126,0.6888861158920038,1700.2754070636397,4115.759619462994,1364.278238358986,2507.528459475199,33.97232084827468,93.38954961329604,0.1192511004498997,2.6998590773396454,8,0.006980269
2023-08-13,287.1446,285.13715,290.8186,288.80362,286.00244,293.4154,-1.2071905,-3.0194502,1.2940474,2.6752007,-2.749898,4.7535553,-1633553.1,-657130.7,2873239.2,93883.74,-0.015677094,-0.032173574,-0.009535941,1778.9240846155692,1598.8421132406831,90.048577043977,0.180081971374886,1480.6421438669397,2372.059613141308,1398.8893648008152,2017.2102927179856,75.41312872674166,99.57901552915776,0.0072690038440543,0.488107427000802,8,0.036262263
2023-08-14,286.70538,285.08557,289.7779,288.4559,285.75488,293.4928,-2.0037549,-3.3999329,-0.89671326,1.4166766,0.05192566,2.8043222,-1507469.5,-1013230.7,2781245.2,93910.125,-0.014467079,-0.02876158,-0.008975968,1747.378749685421,1553.475809982937,89.61701831061379,0.1939029397024838,1456.8340200180278,2383.426016558664,1394.1447114440618,1888.653972655123,68.23721907223953,98.66259080567352,0.0228588605162708,0.7570423842147765,8,0.015121397
2023-08-15,288.85007,287.60144,292.64844,290.94467,287.94775,296.68567,-1.7632166,-3.7286224,-0.5368509,0.8643069,-0.8161926,2.4890685,-1468585.6,-961667.44,3822832.8,93819.5,-0.014093912,-0.022308348,-0.010657106,2055.4893167632854,1784.0349723862955,88.39100515151405,0.2714543443769894,1679.9644943208257,2896.013389672773,1642.843115381724,2261.962062425208,57.62649194467744,99.34670235322622,0.0127845084349689,1.2271424669562123,8,0.006351868
2023-08-16,289.98993,286.75122,294.06543,292.71725,289.15125,298.2318,-1.3704635,-2.491211,-0.35892296,0.21433659,-0.8390254,1.8191221,-1718775.1,-903352.0,5125270.5,93823.164,-0.016494961,-0.023046773,-0.010676696,2302.3676868290186,1918.580013566581,85.89740992959055,0.3837876732624372,1814.768515380688,3177.191231811921,1554.751938629413,2469.021362786989,51.96069469488111,99.68741737803666,0.0058281924056802,1.474433316987663,8,0.006340005
2023-08-17,288.70383,283.8667,294.07886,293.66864,287.7245,299.94586,0.025395947,-1.916687,1.5661011,-0.9822962,-2.846384,1.0336809,-2258279.2,-1003594.3,6598349.5,93598.32,-0.021672545,-0.030402392,-0.013454056,2464.2959005843886,1778.62574668071,76.97504940439562,0.6856701539036784,1655.949021765697,3516.5549120492883,1286.0630998085169,2471.060424874545,37.57332590436016,99.76359300250664,0.0045669039826173,2.191951847598538,8,0.0022057632
2023-08-18,285.9284,282.69995,292.7849,294.42136,287.8203,303.32642,1.1211464,-1.2440948,3.7586517,-2.6513472,-4.860798,-0.9908705,-2824118.8,-772898.7,7354831.5,93098.4,-0.027102865,-0.04529252,-0.01743781,2612.922738164197,1482.2886591831684,61.67164423889346,1.1306340789810292,1666.2191235012438,4279.785867830243,1189.5934258557434,2281.2184423527046,32.55866811795005,92.17207661194011,0.1750449109227911,2.531050865075504,8,9.025897e-05
2023-08-19,284.76547,282.10425,291.39917,293.3981,288.74414,299.4541,2.2258987,-1.1704865,6.009857,-1.6319623,-4.9321985,4.0401793,-2753493.0,-117938.53,5832139.5,92925.96,-0.026425077,-0.05107308,-0.014457867,2391.548037868471,1374.3999466113862,58.77492989128674,1.017148091257085,1768.14131191921,3416.0951713236664,1142.84657186495,2092.2143585492518,34.380472333492506,93.3904591799892,0.1209181207696913,2.24162551606096,8,0.0035195602
2023-08-20,287.4044,283.79663,291.38,292.56735,287.5874,299.51886,0.5533059,-1.8835907,3.393753,-0.9602535,-2.8890324,0.71428204,-1940280.0,-1069136.6,5863530.5,93085.055,-0.01862073,-0.030804109,-0.011544644,2300.284534833681,1629.0076407646368,75.05251662445927,0.6712768940690438,1641.353713098888,3429.179255294354,1280.080857948584,2089.699863986189,38.826343880537664,99.38669728483777,0.0105963861026475,2.0789623441077145,8,0.0008139791
2023-08-21,286.20795,283.0171,293.14185,293.47952,288.8036,300.0349,1.9858605,-1.2423859,4.8938293,-1.7857184,-4.1697874,2.6485462,-2451737.8,-785452.44,6854629.5,93068.35,-0.023529153,-0.04584503,-0.012458907,2421.4496291981613,1508.9615907005484,64.45624126255727,0.9124880384976132,1774.8837674027664,3535.020142948564,1215.161824669956,2332.2628804439023,37.84902367650225,94.19837234722442,0.1211066495163495,2.0660572110671533,8,0.0011083246
2023-08-22,284.70224,278.90552,292.57446,293.82208,285.2827,302.97253,0.5697428,-1.6676092,2.8888245,-2.275008,-4.5720024,0.8321991,-2440200.8,-994375.2,7780804.0,93049.47,-0.023418436,-0.040881425,-0.012281796,2564.040515831006,1383.1252817697168,62.76839793406005,1.1809152340612892,1412.3579013424423,4193.641162330182,918.4864485722684,2251.584071606508,23.3133254772609,98.26149355290694,0.0347862455916056,3.159184474866489,8,0.00013237966
2023-08-23,283.2428,279.76245,292.38696,297.06454,288.875,307.66724,1.983665,0.18423462,4.908478,-3.3844779,-5.5949783,-1.8892689,-3169390.2,79581.27,7740020.0,92813.055,-0.030416412,-0.06089918,-0.01413011,3087.252922890548,1243.6732242658634,43.05555133052321,1.8435796986246835,1783.012899554656,5469.035882155386,974.4035524262976,2225.466393413219,25.58115133179564,68.51475392929778,0.6572924917070408,3.6458808291525258,8,1.4650072e-05
2023-08-24,284.4769,279.49805,294.19507,297.61823,291.0703,307.8258,2.4050758,-0.05085373,6.9623137,-2.5260665,-5.1014423,2.2945108,-3003042.8,-22891.678,7432998.5,92780.01,-0.02881999,-0.05933854,-0.012742016,3147.7944182252377,1362.981513166539,45.21939515642921,1.7848129050586987,2049.4338032879627,5517.441816808592,956.8381308707408,2488.7693531276154,24.77704749657819,83.51138249303918,0.4903705607095503,3.7218025964906745,8,0.0050667366
2023-08-25,289.321,287.4215,294.088,291.67368,288.04895,299.28394,-0.5625371,-2.299181,1.9553766,2.115883,-3.3152752,4.1661787,-1942363.5,-1317838.9,4735894.0,93069.15,-0.018640725,-0.032198004,-0.009576108,2145.872577264989,1837.8477062380728,87.02968548883247,0.3080248710269164,1690.9501061367666,3381.921799713028,1623.8426220550127,2472.4515408462507,51.39643014073789,99.44804942469705,0.0114298720686624,1.643734724509136,8,0.04921538
2023-08-26,285.69946,283.3899,289.8228,286.9707,284.6217,291.11377,-1.6230412,-3.2058086,-0.8378601,3.0222218,1.7001677,4.5068693,-2493412.5,-410771.16,1696226.9,93404.336,-0.0239291,-0.045443036,-0.016972607,1580.7118498405696,1456.404843719279,92.0946854134775,0.1243070061212906,1352.1039916372629,2055.0426451451053,1245.836722361078,1894.050635193797,80.71092726428131,97.12436986817691,0.0486303215783975,0.3010539151998659,8,0.24137388
2023-08-27,283.15945,281.49854,286.63354,285.051,283.57068,289.5813,-2.351556,-4.4153585,-1.0542107,3.0147324,1.3915863,4.326765,-2482545.5,-458610.4,1784501.0,93763.37,-0.023824813,-0.054554675,-0.013068459,1393.814208233629,1228.4384964200942,88.3367215502089,0.1653757118135349,1260.956448713309,1865.1948794773875,1096.9836208420809,1542.8931625446608,75.52129762029422,96.6197891810156,0.046149331281611,0.4565755033487814,8,0.0822103
2023-08-28,284.1371,282.70825,287.69287,285.67242,283.6194,290.12292,-1.9375006,-4.1519766,-0.5335264,2.310346,1.1579437,3.2988157,-2153129.8,-446563.9,2221479.5,93870.37,-0.020663433,-0.039696738,-0.014854881,1454.7819906821433,1311.2953713976738,90.61127273603128,0.1434866192844693,1265.0574561715594,1930.453101909292,1190.2565563752223,1652.572781888412,72.11416131934438,99.0145425664382,0.0125121175682782,0.4878932567002136,8,0.0729168
2023-08-29,285.97113,284.4165,290.40063,288.39105,285.04346,294.31873,-0.9682985,-3.1184387,0.67059135,1.3617269,-0.70777655,3.534834,-2323362.5,-1033119.44,5342995.5,93794.68,-0.022297144,-0.03113866,-0.016836554,1750.8375371937718,1480.5427746588769,86.44174488196755,0.2702947625348949,1390.2808995937253,2507.73508372124,1333.8657122159057,1964.684647192154,56.84338665688296,99.57049632098531,0.0060806126235443,1.0624271775318312,8,0.021117039
2023-08-30,286.51935,283.08032,290.43335,289.9871,285.43762,297.15955,0.68848157,-1.7025318,4.5206814,0.7589466,-1.3348999,4.5060754,-2833322.0,-1303989.1,7454705.5,93525.31,-0.027191186,-0.03442599,-0.017797854,1958.803757791077,1534.754445972473,82.50159526907471,0.4240493118186039,1426.8157853962546,2979.7792707214003,1220.3173139671376,1968.7520959107917,43.29898640412022,99.08957544388348,0.0151142799373415,1.6277298515775604,8,0.0024935545
2023-08-31,286.1522,283.66357,290.312,289.91556,284.1859,298.23267,-0.57450503,-2.0404396,1.112565,0.51195776,-2.204483,2.528697,-2902612.0,-1299603.6,7909958.5,93633.375,-0.02785616,-0.036036126,-0.018912187,1961.5846520335808,1501.136982382731,81.26733981903048,0.4604476696508495,1313.6297109149773,3177.353003946514,1268.7883389354945,1953.7031728314284,41.9180612135504,99.6306585090018,0.0054420877939699,1.8420414317058849,8,0.00016059905
2023-09-01,286.9454,282.0559,291.7068,290.28928,283.76868,300.44873,-0.99610263,-3.5210333,0.63733673,-0.18492658,-2.6358805,2.6789942,-2889428.8,-1404864.5,8016096.0,93601.77,-0.027729642,-0.03775166,-0.019050619,2037.4019013346297,1587.563648957852,83.29635237578621,0.4498382523767776,1277.7010686301833,3621.9447899744832,1139.1252769536095,2132.939513797104,39.15791418841103,99.97186074567702,0.0003932242263642,2.203666757164651,9,0.00017129548
2023-09-02,289.98035,286.72827,294.36353,293.91037,288.71545,302.2815,-0.18967189,-2.2334623,2.7458649,-1.3093005,-4.713994,3.4895897,-2541382.2,-614251.4,6693269.5,93380.44,-0.024389464,-0.033440817,-0.014769752,2528.283320641771,1922.352615265908,80.5800014546813,0.6059307053758628,1764.8958288110086,4029.775352922156,1552.4329542644737,2514.63738171092,46.84820265387013,99.5170811784706,0.0092972789309581,2.122186556143186,9,0.0034574654
2023-09-03,291.90463,289.71838,295.87646,296.20938,290.62036,303.91016,0.44407704,-1.716629,2.621048,-2.0745287,-5.320157,1.451358,-3386516.8,-743934.5,7760413.5,93344.07,-0.03250016,-0.041869964,-0.015995584,2898.1342093078697,2164.0374941463924,78.94456963152324,0.7340967151614777,1992.1456476581768,4425.260302395108,1881.525670144962,2757.731949241381,51.47263997620493,99.78164288445898,0.0048549595003396,1.9425702540029264,9,0.056300826
2023-09-04,291.0942,289.2318,295.62573,298.17267,291.6322,305.9641,1.297481,-1.0424347,4.1101685,-2.9100473,-5.491804,-1.1551208,-3640418.2,-438697.34,8091134.0,93216.66,-0.034936834,-0.04789524,-0.020146113,3261.727600290302,2057.186996456159,67.23329992833509,1.2045406038341426,2123.001901835409,4971.979427511685,1824.123135504089,2716.0758972001536,41.97707712467407,91.40037547059087,0.1865538164645463,2.656077671909712,9,0.004281624
2023-09-05,290.5736,287.12964,294.7688,294.23312,288.1985,300.26453,0.98462725,-2.7701645,3.6532063,0.3792603,-4.0698833,6.2348785,-2729853.8,-257602.23,5251587.5,93593.85,-0.026198212,-0.036085412,-0.020406965,2527.829007340507,1996.041776475441,80.13749266295615,0.5317872308650656,1707.2990362894143,3583.023830893929,1593.4326316330926,2577.838473285956,59.31074584530519,97.03083835110668,0.0524062977483217,1.2765413372401533,9,0.073106006
2023-09-06,287.3045,285.87,291.02356,289.3383,287.71826,292.7423,-3.0915825,-5.2862997,0.103131294,2.7046316,1.378067,4.340106,-2766439.2,-1028163.94,3913152.8,94147.74,-0.02654932,-0.0443447,-0.017804509,1840.9641326808007,1613.408757323001,88.06693621294777,0.2275553753577995,1655.283722948013,2275.191900220288,1467.8622962710012,2043.4145870183772,65.31762758367618,97.52031745850428,0.0427533066261501,0.7884327470915528,9,0.069336444
2023-09-07,287.37436,285.8465,291.29895,290.6418,286.60925,298.69226,-2.9430246,-4.9637756,-0.9724426,0.91179055,-1.5845861,3.0870419,-3206479.8,-1275507.6,6504998.0,93986.99,-0.030772358,-0.046400227,-0.021392249,2038.3130033106747,1623.5646650413355,82.72705829184991,0.4147483382693395,1540.4550757130276,3265.414586764043,1465.605078155248,2079.094630881584,45.352055079565865,98.35769006179908,0.0309945877609291,1.7694679460818898,9,0.013951298
2023-09-08,287.64542,284.1482,293.95776,293.69803,286.745,301.51575,-0.005492887,-3.1196442,2.757187,-1.4495254,-4.897312,2.0134993,-3522748.0,-902646.75,8555434.0,93546.62,-0.03380756,-0.046986353,-0.023207009,2507.406673524524,1659.8451226974212,72.3237330717936,0.8475615508271024,1554.1225512749547,3854.748504998309,1310.3454141035777,2452.725057294892,34.01230438578435,99.14912069764269,0.0154390832790611,2.5436597101718124,9,0.00071887864
2023-09-09,288.23434,284.57056,293.917,293.9983,288.5995,301.63116,1.489089,-1.5975037,5.308156,-1.5358901,-4.829198,1.7575016,-2997449.2,-730941.2,6907565.5,93504.91,-0.028766308,-0.04165716,-0.02121544,2511.2821400728003,1723.8900528922725,72.41338336565492,0.7873920871805279,1751.829114791169,3880.696836733647,1347.5375446366922,2446.578558284411,38.98787824388653,99.75702517760064,0.0048798616433232,2.318721786432505,9,0.001730132
2023-09-10,289.22223,286.53455,294.29077,292.922,287.667,299.3015,-0.92875934,-3.5528316,1.7868042,0.87122697,-1.5545044,2.9000568,-2413267.2,-1140634.0,6384197.5,93710.195,-0.023159955,-0.03256944,-0.019008268,2330.000466166071,1830.6497400518776,80.24921136813546,0.4993507261141932,1649.8137273841965,3385.4380055831457,1532.9782783802768,2503.436620233087,48.645635695225046,99.335379419517,0.013606323637106,1.734622272840357,9,0.0024147406
2023-09-11,290.3005,285.54053,294.79492,294.3599,289.6482,301.7904,-1.4124535,-2.8182096,-0.5127363,0.15546514,-2.0407124,2.0441937,-3227655.2,-1533331.5,8570005.0,93583.13,-0.030975578,-0.040653434,-0.020272806,2575.525103294894,1961.5074525774328,80.729112078783,0.6140176507174614,1873.148326879316,3916.747912933745,1436.4921074428485,2581.959617310762,36.843801240725575,99.49457160198251,0.0116127587077703,2.4713918471195875,9,0.0029550942
2023-09-12,286.3552,281.44458,294.59326,295.52658,287.84766,303.63623,0.20954414,-2.106247,1.9869843,-1.9883145,-4.263817,0.67919827,-3702210.2,-888251.0,9207575.0,93403.35,-0.03552985,-0.052790195,-0.02415177,2796.9689552343693,1545.365744903561,60.65720159992088,1.251603210330808,1669.1599565932463,4356.466681225374,1092.9782054741106,2550.295142626957,27.319601138949373,99.5623136666603,0.0099629987669309,2.981104804350057,9,0.00014028233
2023-09-13,285.6874,281.56177,293.7539,296.5812,288.03662,305.45447,0.8114492,-1.3440733,3.734558,-2.434282,-4.770672,-0.4620514,-3835050.0,-765855.3,9192301.0,93088.62,-0.036804702,-0.059386246,-0.024082981,3031.2568656164804,1464.3867206808625,53.965186615989005,1.5668701449356182,1689.6083189410135,4831.108744868669,1101.6942344274653,2422.127410128833,26.861382898644084,85.06228682679712,0.2834530082641365,3.497544978333174,9,2.3728395e-05
2023-09-14,287.9568,283.86475,292.59717,293.1686,286.75757,299.5509,1.6931151,-0.9199829,4.6241837,-0.8253882,-3.8419952,4.7608833,-2273640.8,587503.5,3022094.0,93189.46,-0.021819968,-0.051450696,-0.012969757,2372.78425826104,1688.6161469210144,73.96807524125369,0.6841681113400252,1555.393897889806,3435.669658909836,1285.8960141036991,2254.7649425804075,42.715835328877326,98.9925528961719,0.0177539950156394,1.8030069109621296,9,0.14016844
2023-09-15,285.50735,283.11072,289.19714,288.56503,285.47766,294.82385,-1.9111155,-4.020523,0.26487732,1.5048519,-0.29707336,3.555542,-3355612.2,-1332100.1,6278932.5,93675.56,-0.03220357,-0.04894909,-0.02516842,1765.5267822499125,1435.746660561119,83.2336623229351,0.3297801216887935,1430.5738678507705,2586.53042541914,1222.8023893034183,1820.0926315220072,47.85787204873391,97.845964599062,0.0313706788890551,1.3399115575789495,9,0.051500957
2023-09-16,287.1096,283.57825,292.87622,291.8491,284.0619,300.99768,-0.84400445,-4.1762266,2.9401245,-0.4073288,-2.744113,1.3312302,-3539136.2,-1163841.6,8829131.0,93501.43,-0.03396484,-0.047955573,-0.023581067,2256.555117976192,1603.2908806233318,76.55283805877902,0.65326423735286,1302.8580675995004,3740.133342772896,1261.5929278087494,2294.182124371775,39.62780066854962,98.6436895084397,0.0182190159112603,2.2580007569608904,9,0.0021146054
2023-09-17,288.91183,282.72656,296.031,295.82993,287.54456,304.3236,0.2945495,-1.7124634,3.001007,-0.90939647,-2.848384,1.706727,-3789082.2,-871981.06,9364103.0,93434.65,-0.03636355,-0.050375335,-0.021853302,2878.4301450197213,1802.98969621342,69.38850015972109,1.0754404488063012,1636.8151420278773,4530.888681614321,1191.720497323753,2783.684823564123,27.00049603383076,98.51198130299402,0.0313106281672585,3.221978035586773,9,1.6315978e-05
2023-09-18,289.50864,286.19727,296.3733,297.0662,289.1068,305.65002,0.64660406,-1.8337584,2.5881653,-1.432004,-3.85812,1.6521139,-3871288.0,-783996.06,9133001.0,93460.375,-0.037152473,-0.05272183,-0.025033357,3070.5183621493165,1866.072687495378,65.74711975409706,1.2044456746539385,1809.6273647690969,4884.745809180816,1499.618937332698,2841.929393067864,36.42119419310821,92.7851233812299,0.1361937976309748,2.831452185142391,9,0.0012295784
2023-09-19,290.3988,283.87915,295.49,296.51328,290.50122,303.5249,-0.24318719,-2.3545418,2.4711325,0.31591535,-2.5853577,2.6170197,-3315846.0,-944387.06,8222626.5,93455.53,-0.031821936,-0.04639076,-0.024930662,2912.876286808429,1976.2154813280151,70.24635681691252,0.9366608054804144,1977.2141339173047,4328.775525525954,1287.12872115068,2693.754852824482,29.73424502057753,97.68426566278364,0.0574236121485546,3.0416468043752745,9,0.003201054
2023-09-20,290.11905,283.82788,294.94202,294.08475,289.7915,301.22803,-0.6578129,-2.3542233,1.7892828,1.2694157,-0.669603,2.9952638,-2545358.2,-965608.56,6356092.0,93547.0,-0.024427623,-0.037248157,-0.01662129,2507.287708897636,1942.9691635180816,80.59082598921184,0.5643185453795537,1890.287674115225,3790.7215090084433,1282.7458587150827,2605.2730974683363,36.83238266386789,99.15885728024774,0.0190436569090056,2.301758638041503,9,0.0006492966
2023-09-21,290.6211,285.74365,294.48438,294.09116,288.96875,303.2837,-1.2635146,-3.1325169,0.60716057,0.80460364,-0.9821615,2.7120152,-2923276.8,-1468560.6,8153630.5,93410.21,-0.028054478,-0.038957108,-0.021947,2537.598314316255,2000.9540051521224,82.98851992865626,0.5366443091641323,1793.7346765423868,4269.304233549342,1455.7620074561316,2533.339783555216,34.098343144917195,99.686370978392,0.006108925053769,2.81354222609321,9,0.0010202797
2023-09-22,291.21576,285.3103,296.23975,296.3496,289.36707,305.99133,0.28710702,-1.7915344,3.0737762,0.11734987,-2.9633627,3.6550546,-3356361.8,-1453186.4,8771092.0,93195.59,-0.032210764,-0.045578055,-0.023396755,2964.7680131372035,2085.325817739726,78.20028782861921,0.8794421953974774,1839.9228907692573,4979.603413803666,1414.9232644419335,2819.079140718341,29.611134731521357,99.85100563575656,0.003297088336852,3.4484649801439557,9,0.001141694
2023-09-23,290.94983,286.03796,294.79028,296.14737,290.44653,304.8015,-0.8751445,-2.0984497,1.3586149,0.7437294,-1.691124,3.2840333,-3359731.0,-1580197.0,9259189.0,93215.5,-0.0322431,-0.046170212,-0.022852274,2880.164522404668,2046.2139021278613,75.58483828194431,0.833950620276807,1970.3933070055707,4655.716908982671,1484.0863526107416,2581.227404032217,34.52771608821136,97.77536860223556,0.0504659480458663,3.0482041927782846,9,0.00021373211
2023-09-24,290.47034,283.3374,297.62402,298.99005,290.9431,308.78247,0.66324,-1.5625563,3.7230072,-0.48930648,-2.4489908,1.9905638,-3508853.2,-1208014.9,9425084.0,93003.91,-0.033674218,-0.050274882,-0.019806525,3526.51459891059,2000.811116072591,66.94156850643988,1.5257034828379996,2033.0940945079765,5817.467702280404,1241.4768469438684,3063.934090657927,21.579090217534127,99.81215323663712,0.004489859811852,4.511670456435512,9,8.516064e-06
2023-09-25,292.69553,288.98096,296.75586,295.75668,292.37732,305.07373,-0.9844892,-2.5664825,2.1331615,2.1156406,0.5956095,4.137034,-2594568.8,-2046297.5,7249384.0,93149.555,-0.02489989,-0.04562575,-0.01306875,2776.302221797215,2271.5633606240594,84.37908648252622,0.5047388611731559,2224.1303199181807,4728.151234927002,1795.1349034471914,2908.2891621469494,42.10709972935441,99.47759024322822,0.0120697493471593,2.737263879081587,9,0.004958484
2023-09-26,292.18506,286.01953,296.7522,297.60614,291.8553,308.11353,-0.7336326,-3.8726664,4.3597717,0.13820432,-2.8326693,2.4633007,-2984658.8,-1557798.5,7782194.5,92877.914,-0.028643554,-0.042781156,-0.01678199,3189.5350843858782,2212.9114654832733,76.20258251307017,0.9766236189026052,2152.846943318429,5606.225754715388,1482.2982719904642,2907.6475624573486,27.54587137765212,99.50820002369676,0.0108922907260207,4.015683819900034,9,0.028060785
2023-09-27,291.72034,287.89758,296.90112,299.82593,292.49597,308.38635,2.1662633,-1.6365051,7.807556,-1.2848707,-4.3625736,5.739543,-3360652.0,-1139613.4,7967350.5,92644.41,-0.03225194,-0.058190566,-0.014811823,3563.473163490396,2152.588106348489,64.08207063622265,1.4108850571419067,2240.61814764819,5691.559918546657,1674.5413839936405,2933.8394637251126,33.24655130969447,99.32261876028062,0.0158798076423599,3.5486302176586517,9,0.036542166
2023-09-28,286.9617,284.61407,293.46887,289.34384,286.7318,294.4602,-1.5264587,-4.3322763,2.6425447,3.774264,1.5307951,5.430064,-3989012.0,-801798.94,3157641.2,93404.5,-0.038282264,-0.083151385,-0.024274575,1845.0290357763445,1587.175424802838,86.03914753745171,0.2578536109735067,1552.7904712261875,2529.589579386208,1351.421974955398,2379.907022592208,71.74220715061708,97.8246876150134,0.0494606483873467,0.5818041610006851,9,0.11019508
2023-09-29,287.35733,284.83716,290.50784,290.42065,287.2909,297.1129,-2.8526008,-5.021247,-1.1763306,1.4716517,-0.52796936,3.392044,-3081173.8,-1560976.5,5682274.5,93683.69,-0.029569803,-0.057708148,-0.022135733,1989.134920346274,1624.114907602103,82.58860860222227,0.3650200127441709,1610.1712500859114,2971.4434497471498,1371.4897878315642,1978.0414996256604,60.49885582786005,94.53549600867908,0.1030651930881085,1.1737541610782305,9,0.0108710015
2023-09-30,290.23355,288.13043,293.32837,292.99124,289.24548,300.80933,-1.6634041,-4.2065887,0.49531555,0.79985505,-1.196209,3.2693825,-3122698.0,-1587884.4,7437177.5,93450.22,-0.029968308,-0.042852823,-0.02548826,2346.9806526898133,1953.205481685505,84.804646510762,0.3937751710043083,1825.7147858245328,3699.206667434003,1699.8414474933743,2359.333713036627,58.46402062550403,98.40001651297555,0.0348229459964618,1.536501718405367,9,0.011854593
2023-10-01,291.96414,289.11542,295.11823,293.30637,289.6151,298.0681,0.49207804,-2.5605316,3.633109,0.19045745,-3.5747156,4.3306637,-2888182.2,-639012.0,5186170.0,93112.03,-0.027717682,-0.038265977,-0.021775771,2372.2948164615746,2171.7576512241867,92.28398368457653,0.2005371652373878,1869.2114266182016,3146.3329035623465,1810.622108663832,2633.443601481152,73.48105318542902,99.5564547483856,0.0092479110819085,0.8140917162777396,10,0.33494213
2023-10-02,289.7872,288.1277,292.62982,290.98502,288.78302,296.10938,-0.93601435,-1.934104,0.86705875,1.2432444,-0.7479553,2.9623625,-2266093.5,-826934.56,3410036.0,93054.29,-0.021747537,-0.03587013,-0.01805283,2048.075338737397,1893.133505223004,92.84871185566054,0.1549418335143932,1772.5483523239143,2796.927316021355,1699.5410710137658,2259.3464951939586,79.32944158900516,99.1187515728058,0.0163699708734732,0.5517986245900961,10,0.06474893
2023-10-03,290.22104,287.9068,292.93103,292.57352,288.6682,299.81018,-0.98682904,-3.2079773,2.1184235,0.8100992,-0.6678839,2.0611582,-3168229.2,-1347642.0,6387226.5,93044.6,-0.030405274,-0.041861724,-0.024880713,2293.609219092273,1952.182187160984,86.93098419092264,0.341427031931289,1759.5625542048497,3488.5825039717997,1675.5364439799914,2301.994802920063,64.04326109658474,98.05957361377976,0.0354926366239546,1.254380502383366,10,0.014072664
2023-10-04,292.28738,290.16663,295.4171,296.12637,290.7218,303.62244,0.56585264,-2.2906036,5.0017242,-1.6127982,-4.611396,1.4896169,-3704303.8,-716579.5,7887298.5,92805.27,-0.03554994,-0.0482594,-0.023988903,2886.574205745786,2216.965216152332,81.37312528339426,0.6696089895934548,2004.9368247981536,4353.027284862543,1935.8048746233285,2681.837773162465,47.474323287976326,99.73909883425448,0.0053240895180754,2.286457038833081,10,0.0046462812
2023-10-05,292.8382,290.8316,295.8396,296.23178,291.3026,302.99512,1.0071386,-1.805069,4.4016113,-1.2974265,-4.5163336,3.3463297,-3967602.8,-126209.51,7111600.5,92783.195,-0.0380768,-0.050580427,-0.028297035,2854.900118740105,2292.4943438663427,82.10372357735501,0.5624057748737629,2079.572761652171,4199.0929422496165,2018.86363684263,2751.572379806601,54.31925299159357,98.7841874034702,0.0253772669903246,1.918177023596897,10,0.17353924
2023-10-06,293.01773,290.57916,296.14612,296.47653,290.91425,304.33057,-0.5911775,-2.7148476,2.9383698,-0.56063074,-3.8536692,2.155222,-4567851.0,-1245930.1,8970163.0,93122.78,-0.043837342,-0.05501615,-0.026575543,2957.4235939246178,2324.3848456914143,82.92989587841113,0.633038748233203,2029.401484143199,4532.684954163751,1986.971177933431,2803.154998355188,50.6348300878547,99.10514003716077,0.0192535729263681,2.184567742187272,10,0.019939054
2023-10-07,294.27744,292.30908,297.55005,298.05014,293.38733,303.7036,1.0659312,-2.2976475,4.592987,-2.0601375,-6.114108,2.254449,-4238418.5,-787508.5,8667071.0,93182.46,-0.040675797,-0.054214485,-0.029536929,3174.365896851323,2505.799499733672,80.27773896461837,0.6685663971176513,2367.947922191906,4373.302075297816,2214.696426899819,3050.393594722665,59.21648438349516,99.50944886848632,0.0120317801478295,1.705227942857244,10,0.061066817
2023-10-08,293.97427,292.01318,296.16754,295.47922,292.39886,301.60156,-0.8872342,-2.8412123,2.0041215,-0.15166037,-2.1440678,2.1052523,-2770225.2,-545146.7,4857277.5,93214.76,-0.026585653,-0.04057849,-0.020015746,2711.292555175376,2457.4842222283137,91.687335849666,0.2538083329470623,2227.116315874356,3874.027158246976,2174.1931705573165,2806.791690689601,64.43159390716919,99.5487370868719,0.0109230932976797,1.3582487445394895,10,0.1284777
2023-10-09,291.28415,287.58875,295.28558,293.60474,289.7027,296.86243,1.2506613,-1.481102,3.5481644,-0.37639725,-4.593033,3.9989042,-3063733.0,-133743.89,3633960.0,93284.06,-0.029402427,-0.04629362,-0.023363225,2407.660061984707,2089.9099337811326,87.19234271369099,0.3177501282035744,1879.6506646525136,2927.0140792005964,1641.496126265468,2660.4460176528846,60.59950869280871,99.454439703369,0.0129292101539672,1.1023373796925289,10,0.30046493
2023-10-10,289.06372,287.55908,292.354,291.8281,288.59912,297.61206,-1.8271207,-3.8697605,1.2804232,1.822958,0.38382506,3.6226044,-3894106.2,-1532918.0,7714065.5,93650.914,-0.03737146,-0.05267226,-0.03202107,2171.004905782457,1806.9446991300424,84.81155043003427,0.3640602066524144,1751.78798659332,3061.7408147921337,1638.352621171705,2220.902974069475,55.450147318725065,98.08247209784996,0.0342552385024298,1.3640010224723624,10,0.02862237
2023-10-11,290.56805,288.40826,295.16052,295.65793,289.56934,304.18616,-0.6308878,-4.367139,3.5199604,-0.8353651,-3.631198,1.8701372,-5109473.5,-1167225.9,10614306.0,93322.37,-0.049035255,-0.063922435,-0.03193038,2841.7553012799617,1995.019094151938,75.78878495859668,0.8467362071280239,1863.7756803866016,4495.531438465001,1730.4685166485417,2640.2452851288785,40.83554703175514,97.55368218042386,0.0469910337651681,2.639818154122403,10,0.0017974019
2023-10-12,292.67062,288.62903,296.33368,296.21603,290.82703,303.73962,0.9598121,-1.2333536,4.158798,-1.0148687,-4.9691124,3.8058357,-3866402.0,-946248.06,8439664.0,92931.09,-0.037105583,-0.05253392,-0.029400362,2872.588475337831,2277.7281815550828,81.51695094254042,0.5948602937827485,2018.2813377150103,4382.322497554683,1755.1495874417064,2835.134740411364,55.50060508994921,99.53979885738464,0.0109301673957802,1.9344568707103265,10,0.07370089
2023-10-13,288.66473,286.33966,293.43213,289.88882,287.25232,293.86084,-1.072544,-3.1615696,2.4160185,3.3502836,2.0897093,4.7280436,-3251841.8,-541813.56,2670186.8,93449.57,-0.031207692,-0.06617847,-0.022730693,1906.617386603434,1766.0449282806949,92.5778949249328,0.1405724583227388,1606.1531441134084,2438.135431156752,1513.624008591456,2374.511725417897,81.62709798648525,98.64150099721547,0.0288974563046936,0.3521929750092936,10,0.20935027
2023-10-14,287.3233,286.29944,289.67468,288.8002,287.06946,292.6549,-2.7478178,-5.0607796,-1.1896915,2.3158646,0.95518494,3.3932266,-2762114.5,-465559.28,2461206.2,93849.81,-0.026507815,-0.051259436,-0.019371452,1778.8531889911592,1614.6301999585612,91.08360646023188,0.164222989032598,1587.2250944275224,2262.871701149549,1509.656389990746,1876.306004322372,77.11789481743544,97.55188268019194,0.0397843510607097,0.4852974925035555,10,0.093988925
2023-10-15,288.97675,286.87207,292.80768,290.9982,287.52344,296.83533,-2.1647954,-5.156952,-0.8982239,1.3845426,-0.28684998,3.600235,-2647752.0,-910226.7,4540538.0,93847.31,-0.025410285,-0.037600305,-0.020539591,2063.640189955456,1803.5555695648188,88.35430586508011,0.2600846203906371,1634.5822474200727,2922.242437195982,1567.013985123548,2284.4446680008787,70.33361372686917,99.14692697209084,0.0172025851321241,0.8669237292559123,10,0.012049516
2023-10-16,292.21292,290.34735,296.00513,295.1526,290.5304,302.7223,-0.97357607,-2.965105,1.6263838,0.23618479,-2.5194283,3.910553,-3906311.2,-1265458.2,8722285.0,93538.31,-0.03748859,-0.04685664,-0.019357003,2713.046615584331,2209.573804349669,85.086700761118,0.5034728112346621,1980.861400159902,4133.641712673083,1958.07566805474,2779.3239907201523,51.90279424076305,99.54035491444088,0.0095059949370511,1.9640937884877343,10,0.0074366266
2023-10-17,292.8918,291.34595,295.69336,295.965,291.68494,302.65015,0.42758343,-2.2504272,4.245178,-0.983797,-3.766201,2.6139526,-3451562.8,-619049.2,6713000.0,93367.94,-0.033124402,-0.044229455,-0.02182024,2826.0963728520705,2298.2720802640706,84.44971719738582,0.5278242925879996,2130.0239470924885,4116.484037173836,2085.2379776398843,2727.25661902816,55.63660703829153,99.46393543099173,0.0116058597350006,1.7969349571937814,10,0.015856583
2023-10-18,290.7739,288.7743,294.487,292.41733,289.7697,295.98938,-1.2929415,-3.1234493,1.650296,2.3051293,0.057876587,4.4607325,-3164227.0,-1079211.1,5516297.5,93571.81,-0.030366862,-0.0402793,-0.025743958,2238.6112176482607,2014.9964646891185,90.57119401341362,0.2236147529591422,1887.6728834801495,2776.673394235838,1771.5581769344487,2533.7472958746343,70.88253635817453,99.42502012803504,0.0116262433900049,0.8080066082770532,10,0.059961893
2023-10-19,288.4971,287.09735,291.25952,290.60822,288.6455,294.70557,-2.340588,-4.0502043,-1.1397638,2.3334937,0.802516,3.5738983,-3228139.0,-1107224.9,4892520.0,93684.12,-0.030980218,-0.045030426,-0.025006745,1996.3517111205267,1741.5980867969774,87.70388450243114,0.2547536243235492,1757.0043208588052,2567.886851517356,1590.0995676488255,2073.952867260417,67.83109578682594,98.45196362265014,0.0277796936618829,0.8260610615673093,10,0.049088646
2023-10-20,288.17804,287.0573,290.3747,289.91263,288.1582,293.45105,-2.1897948,-4.2974396,-1.0299559,1.7373253,0.35794067,3.3682404,-2027723.4,-752599.0,2801025.2,93630.25,-0.019459916,-0.036764644,-0.015264316,1909.4124970091068,1706.428409014928,89.61771109085277,0.2029840879941787,1702.8812113293527,2377.2886933391496,1585.9748389920553,1961.4647737521875,76.90313440532799,97.09357580371432,0.0516808516337821,0.5341932628454377,10,0.022516256
2023-10-21,288.53705,287.4676,290.95538,290.61093,288.42957,294.66406,-2.2995741,-4.3324785,-0.8137665,1.7738805,0.60728455,3.3727875,-2649410.2,-1095266.6,4823631.5,93641.875,-0.025426202,-0.03611684,-0.01990596,2001.9273425490828,1745.986582618748,88.00904392093905,0.2559407599303352,1732.836585199238,2561.3732175715345,1628.690247747197,2034.6650443886656,69.79052148067159,97.66524346097071,0.0405881332274479,0.7714623459767677,10,0.01930953
2023-10-22,289.08582,286.75464,292.14697,291.76764,287.2389,299.25732,-2.1002386,-4.5262604,-0.872818,1.1523634,-0.2383728,3.4685822,-3844478.2,-1564419.9,9040061.0,93577.09,-0.036895186,-0.04797958,-0.025321156,2184.419943477304,1813.0937004318928,85.48359141415237,0.3713262430454116,1604.7565080507072,3376.6047306792334,1555.097580015847,2192.4252778378604,54.82660476855864,99.5709247670342,0.0069864584440508,1.5142857226926614,10,0.003861983
2023-10-23,290.78537,288.2848,295.10864,294.60098,289.2572,303.22864,-0.7062409,-3.2777863,3.3204498,0.10081952,-2.1797924,2.7801783,-4696162.0,-1483830.0,10949623.0,93277.72,-0.045068733,-0.056152225,-0.023542782,2637.321280380827,2023.154144128004,81.4174954790852,0.6141671362528225,1827.080029030612,4255.830927112242,1716.7978380223665,2631.9048067228023,41.09178806524688,98.90790052562966,0.0200246427742549,2.485857782687812,10,0.00039072768
2023-10-24,292.2462,288.52905,296.43286,297.39682,291.9364,305.23987,0.9099601,-2.0845165,4.951828,-0.5769707,-3.5665789,2.2665024,-4339842.0,-820510.94,9248753.0,92893.84,-0.041649155,-0.055322804,-0.02274748,3110.748949742074,2212.02029020524,76.26580769918247,0.8987286595368338,2163.7898880278167,4772.839925339755,1743.934396324869,2852.174392323787,39.209849150736304,98.58127398864735,0.0314894873504831,2.806031413372025,10,0.0027222896
2023-10-25,292.37442,289.41296,296.4203,293.91202,290.33588,297.93777,-0.2199024,-2.6846056,2.354721,1.3951067,-1.5873222,4.674902,-2738969.2,-703658.44,4944881.5,92833.31,-0.026285691,-0.03705744,-0.021178478,2455.8033992065443,2230.3471103326656,91.08994435053351,0.2254562888738788,1956.6549871129664,3121.9502811160964,1845.3118084343855,2850.0093371877897,72.68831229117335,99.6137868148769,0.0088828706714552,0.7997356936719306,10,0.14504284
2023-10-26,291.30515,289.39722,295.00037,292.52386,289.88232,299.36182,-0.9963055,-3.3864136,2.9686584,1.1116351,-1.1708059,4.6504564,-3024550.0,-1170015.9,6372253.5,92750.19,-0.029026387,-0.04251954,-0.02355916,2263.710107336294,2086.58041156602,92.95045084067034,0.1771296957702748,1901.2206096217635,3397.524848125859,1843.4613898410305,2614.572078257532,64.48684103064053,99.66206083732337,0.0065755547379753,1.2065684003384254,10,0.18493906
2023-10-27,291.17538,289.42438,293.61835,292.85327,289.71515,299.52625,-1.9232212,-4.372284,-0.50172424,0.92112607,-1.0117664,3.1110756,-3116374.8,-1225827.6,5577004.5,92994.06,-0.029907625,-0.041844096,-0.025415478,2315.9019309728114,2068.104598132068,90.54157416543303,0.2477973328407436,1881.138861386184,3430.674187489341,1846.654023565489,2401.96666260371,68.89560892828251,99.25014926835372,0.0144499538049967,1.067090315673151,10,0.053095777
2023-10-28,292.60403,291.0291,296.14795,295.47202,291.4571,301.78296,0.19635196,-3.5308838,3.0299377,-2.7850797,-5.536169,1.0722752,-3604478.8,-371845.9,5965896.0,92911.56,-0.034591928,-0.04821842,-0.026627732,2729.9076450743128,2259.1792264549736,84.77576168099917,0.4707284186193392,2099.830052363111,3915.05562668126,2044.12885004775,2803.465665396382,60.80339639462391,99.29666299721298,0.015091397639323,1.404534335489111,10,0.2302448
2023-10-29,293.3231,291.6902,296.95044,297.7751,294.50647,304.6941,2.3731797,-0.38755798,5.115082,-4.3068113,-7.0856485,0.008481026,-4863268.5,655247.4,7198960.0,92782.65,-0.04667244,-0.061548203,-0.037061807,3116.8395055213564,2362.3495200188167,76.7649298627524,0.7544899855025399,2536.7722634211523,4627.400284193841,2130.7240151583346,2942.5582523355324,56.142757291605406,93.10484417327582,0.1753912165927877,1.9937646877873527,10,0.069387496
2023-10-30,293.1605,292.04785,296.89453,296.8143,293.35925,302.00354,1.7680577,-1.1279755,3.6878033,-1.8045832,-3.5810375,1.1029339,-3141768.2,100721.74,5395676.0,93005.77,-0.030151328,-0.042280994,-0.024913834,2937.0410311685223,2337.652797669702,80.55980595167973,0.59938823349882,2363.8424836191634,3965.457697358565,2178.9047282024776,2932.6757962873,62.85545212216338,94.08064351850794,0.1467017149897192,1.3298236248513908,10,0.009500568
2023-10-31,293.09515,291.53748,296.399,295.85,292.51892,301.62756,1.23186,-1.1332626,4.3089,-0.100839235,-2.3535957,3.2707367,-3126180.2,-642263.44,6235090.0,92974.18,-0.03000173,-0.041106287,-0.024124518,2776.0983579184267,2328.494154138821,85.33779421464767,0.4476042037796056,2243.8195001787917,3879.88493845355,2110.439255801354,2846.34463967398,59.5312061669808,99.44090574931968,0.0127458510627097,1.4371847077429856,10,0.075184345
2023-11-01,291.36444,288.62537,295.401,292.70615,290.0244,295.83392,-0.37128457,-2.5262976,2.0649295,2.59763,0.45951986,4.72464,-2788419.2,-928691.0,4258184.5,93148.555,-0.026760258,-0.038796663,-0.02170916,2274.852333301858,2093.2768170682907,92.24583391815594,0.181575516233567,1918.4368435252172,2750.6250406876184,1754.7376583321786,2679.209085249011,73.0080592870654,99.66424583011872,0.0072878216615404,0.7334044022341323,11,0.10688945
2023-11-02,289.32437,287.76074,292.21472,291.96564,288.53418,296.5304,-1.9681379,-3.5027075,-0.47782993,1.5748882,0.2094574,2.7751884,-3534897.2,-1295640.9,6540306.5,93182.805,-0.033924155,-0.047354106,-0.026915682,2184.8161652022973,1837.34501831187,85.17440934228075,0.3474711468904272,1744.507997600515,2869.0183106373665,1659.8280848493564,2201.7088511490706,66.82803616547847,98.76657430919327,0.0224447688819986,0.951709716410428,11,0.02175665
2023-11-03,292.369,289.3103,297.05847,295.7962,290.06573,303.53052,0.96333385,-2.7519188,4.616974,-2.527043,-6.1789217,0.91554356,-4589810.5,-1141637.4,9828641.0,92749.23,-0.044048086,-0.05850417,-0.028810589,2831.767976015542,2238.9294300005595,82.39107739932135,0.5928385460149825,1923.469094906142,4330.168542544395,1833.27753948878,2961.736885774999,55.36093354027112,97.40731627578528,0.0502386020439666,1.921229090260553,11,0.062348105
2023-11-04,289.28174,282.08667,295.6181,295.0972,290.50348,299.54456,2.9241226,-1.4232483,5.340042,-0.6037678,-4.4202995,3.915967,-5860578.0,-1025513.2,10725669.0,92809.02,-0.05624355,-0.07097169,-0.0452414,2648.380398375167,1873.2386105112373,72.5525874662538,0.7751417878639292,1977.4962428984,3434.383088576728,1141.4921345104742,2714.817058295811,37.12497542325518,97.13411036799693,0.0648145177329529,2.031201776824962,11,0.033280097
2023-11-05,286.96027,282.65454,290.5193,290.54263,286.26184,295.42493,-1.258472,-2.9917889,1.3256683,2.0134802,-0.44926453,3.9202452,-4668799.5,-2123315.5,10824702.0,93328.94,-0.04480614,-0.06022019,-0.037971146,2002.7429069680811,1579.4500243177715,80.49897195246463,0.4232928826503097,1505.9559424735792,2683.1131017010275,1185.971476343796,1979.4719959749443,55.94416338574954,99.34921848504572,0.010633110829395,1.0981491415827438,11,0.0014528449
2023-11-06,285.50238,282.43396,287.84686,289.45657,284.85632,295.98975,-2.0187685,-3.7127209,-0.4208479,1.9932815,0.013043404,3.3949423,-5062395.5,-2393072.8,11984456.0,93646.63,-0.048583448,-0.06869341,-0.042243224,1885.2315023705903,1436.354574701508,78.73848256281464,0.4488769276690821,1373.2259917874435,2776.73501085967,1168.5157869019406,1669.0745556378292,52.8252081955586,96.40564727092844,0.0500826755079347,1.274772718966128,11,0.00011903434
2023-11-07,287.21902,284.3766,289.74658,290.98865,285.42322,298.13623,-2.46179,-4.724533,-0.56233215,1.3868465,-0.23320007,2.4524536,-4986008.0,-2101664.2,11768375.0,93632.34,-0.047850363,-0.0666978,-0.04169399,2093.5490704675,1610.2957868148976,79.87854055614694,0.4832532836526024,1425.4659207144175,3159.1412800159765,1330.3431720504675,1884.9004361155105,55.73763952990204,97.73665665068572,0.0332219669426492,1.3761552428919557,11,9.505972e-05
2023-11-08,288.8378,284.40015,295.15063,294.4011,286.31775,303.33508,-0.60983706,-3.1801758,2.1811981,-0.3868989,-2.290784,2.1654434,-5084606.5,-1312566.1,12247247.0,93412.97,-0.04879661,-0.06437687,-0.03296153,2657.506251855331,1795.6137904782363,74.66712755780898,0.8618924613770945,1511.4614528630204,4281.914879147724,1332.4212320415993,2638.6539040527214,31.78112261890668,99.42511569636098,0.0092540607922956,2.860071424743716,11,3.4373206e-05
2023-11-09,290.71494,286.10693,297.09802,297.45523,290.47485,304.30304,0.83963627,-2.08282,3.778595,-0.8415857,-3.239482,1.9294064,-5241244.0,-891279.44,11063021.0,93205.91,-0.05029985,-0.06848915,-0.039986245,3127.5505942814366,2020.295369433458,68.69590979410566,1.1072552248479786,1973.92293604579,4525.582276931576,1490.7937125325004,2968.785528253409,39.695784813537614,97.94623612529806,0.0512385142316125,2.685673699927047,11,0.0018054546
2023-11-10,292.984,290.92078,296.99988,295.54858,291.601,302.70227,-0.9931259,-2.8399506,2.1499124,1.5179893,-1.3367672,4.0703344,-4570851.5,-1800012.9,9901693.0,93349.16,-0.043866135,-0.057685845,-0.03777502,2737.426042262983,2313.3385101407434,86.52387765907461,0.4240875321222401,2118.858388533666,4128.874285274334,2030.2362944748404,2951.3213803912413,54.33132152282082,99.49057001117708,0.0123101582319336,1.8652249218912451,11,0.045035537
2023-11-11,291.8128,287.64893,295.93774,298.61142,292.002,305.97668,0.09153286,-2.3765182,3.5644302,-0.8487317,-4.486841,1.4154663,-5661873.5,-1156925.9,11112764.0,93082.59,-0.054336593,-0.07080171,-0.039136175,3371.62329115695,2160.846966962029,71.08152370364735,1.2107763241949203,2172.6770921429065,4975.499555572224,1647.8899978200764,2767.997429844057,34.68351701187398,99.51932158171256,0.010602769898117,3.2269717017173054,11,0.0052666725
2023-11-12,291.05072,285.94702,297.7649,300.34818,293.70154,307.8734,0.5518347,-2.6819458,3.361679,-0.7374582,-2.864851,2.1870823,-5971102.5,-797983.75,11824307.0,92933.74,-0.057304244,-0.07818341,-0.044831086,3713.5378515086495,2067.318016300063,60.6628186307504,1.646219835208588,2414.321541028262,5532.047364948146,1475.2827599548325,3089.8646407214446,28.77178060214703,90.3639281650837,0.2902643772762012,3.9356608873072463,11,0.00016840623
2023-11-13,292.17868,285.96875,297.86963,300.47095,293.75757,308.91028,-0.1835735,-2.0566797,2.8393555,-0.26451132,-3.3903008,2.639254,-5544304.0,-992160.44,11653603.0,92925.914,-0.05320829,-0.070669144,-0.03918251,3741.6234203661497,2221.628164083551,64.98581276306287,1.5199952562825991,2422.674102076281,5858.605531107664,1477.381977006084,3109.2682927611654,26.831463901760472,95.28225954314742,0.1417826925556587,4.252998472008245,11,0.0007511254
2023-11-14,293.82047,285.1626,298.1604,299.1479,294.0492,307.82886,-0.33513102,-2.0130596,2.9727173,0.45010963,-3.5002089,4.8492355,-4884652.0,-1149225.4,10247829.0,92926.31,-0.04687766,-0.06266491,-0.03912864,3444.0437717121,2458.2047137313134,77.11058952833024,0.9858390579807864,2466.5579216254064,5518.377062136596,1401.236046689698,3163.6971401516407,26.032954096625,99.51089842216426,0.0134739376619904,4.027341651442237,11,0.011673413
2023-11-15,293.3624,288.20752,297.84875,298.72305,293.0448,307.35413,-0.5744017,-2.779952,3.6567469,-0.15046498,-2.7108793,2.7924118,-5321428.5,-1668165.6,11236204.0,92986.31,-0.051069375,-0.06896922,-0.04063969,3383.201255255008,2377.240301260153,76.13630417614155,1.0059609539948553,2318.286310423441,5374.538263733565,1708.2910825801982,3105.3926467828724,32.78768444376375,99.45563773828128,0.0135063806741018,3.586925274269576,11,0.0061378395
2023-11-16,292.4585,289.17114,297.99255,300.5021,294.44165,308.30096,1.6351994,-1.0190887,5.0542755,-1.7906961,-4.345916,2.1213765,-5772116.5,-1174660.2,11381112.0,92792.625,-0.05539459,-0.08160724,-0.039169807,3720.830563994344,2247.4793564255747,64.11955878819718,1.4733512075687694,2526.7139375027928,5664.73174731505,1817.0748929647727,3132.177504093463,34.341271555831234,96.14884337259892,0.1160322470025557,3.601755264008857,11,0.005922113
2023-11-17,292.78497,287.07788,299.23743,300.8347,294.99194,308.1117,0.38306198,-2.5369663,3.8301544,-1.3802104,-4.4464436,2.8298273,-5205539.5,-952893.44,10581335.0,92712.75,-0.049957193,-0.07220627,-0.033601064,3802.777229764208,2306.9028559846524,65.82368683342919,1.4958743737795552,2613.227963113989,5605.656824504091,1588.0926149506097,3372.6339010355696,29.85237577411092,98.57231908876976,0.0468140280897878,3.932235084646036,11,0.0028181474
2023-11-18,293.16147,290.04224,299.18054,301.60162,296.37036,308.83008,1.7998539,-1.2542639,4.7353363,-2.894145,-6.1107855,0.79006827,-5052165.0,-1399564.5,10730118.0,92686.305,-0.04848527,-0.07306148,-0.029044539,3954.403653619274,2348.568688923184,62.76946276358505,1.60583496469609,2841.4263731132805,5832.761785801999,1920.6059066574392,3361.304225853401,39.970921221352775,98.37287133175136,0.0531617748330459,3.486040882679161,11,0.0014428543
2023-11-19,293.65646,291.1447,297.26672,296.4456,291.4585,302.03693,-0.12442937,-2.8076925,2.3575897,1.111631,-2.1982384,4.5093174,-3274057.8,-1001714.0,6100025.5,93133.77,-0.031420898,-0.049382642,-0.020041412,2876.180103175717,2413.3054295431584,84.92661130253266,0.4628746736325588,2100.014928290537,3973.135493604156,2059.0447940288245,2999.016198047342,60.63242023248913,98.7337576246659,0.0278897944635009,1.4430622517874925,11,0.11605279
2023-11-20,291.43402,290.1208,293.7965,293.30515,291.2516,297.3634,-2.1432292,-4.677354,-0.27870274,2.3080804,0.75276566,4.125499,-3560107.0,-964569.2,4514509.0,93313.99,-0.034166094,-0.066780664,-0.02640062,2365.169785117592,2098.463140237904,89.26244642866584,0.2667066448796876,2072.919497649433,3016.462031136991,1930.191826494185,2428.4939556398986,70.51543202177282,98.8439605656304,0.0250359283840302,0.8893907981079983,11,0.05201388
2023-11-21,292.5745,290.88043,296.443,295.6846,291.60828,301.51013,-1.1401763,-4.32691,1.6587105,0.35248563,-2.76447,2.7098541,-4149237.0,-1281086.9,8276674.5,93128.73,-0.039819933,-0.056194983,-0.033312034,2769.1449696820696,2257.0028224046214,83.61377806867482,0.5121421472774484,2119.822681597755,3853.4899540011625,2025.0840144706276,2853.920096145237,57.777437674002265,97.78774464981906,0.0483006059012527,1.6270421975542022,11,0.023525322
2023-11-22,294.1296,292.052,298.12695,297.814,293.0548,303.86536,0.95187396,-2.6162844,3.735443,-1.8388705,-5.32685,0.96641254,-4675627.5,-1487112.1,9866371.0,92886.73,-0.044871666,-0.062248208,-0.038258594,3149.161557860737,2482.439432221814,81.31778802034815,0.6667221256389233,2319.7245123534744,4413.944908689879,2179.469388120486,3157.3940909937546,59.20406240638047,98.92114841176192,0.0262888399289718,1.697727989694662,11,0.033706073
2023-11-23,293.7109,291.76697,297.46814,296.96375,292.9724,303.32678,1.5844908,-0.5830561,4.007065,-1.3144495,-3.9743109,4.417758,-3974128.0,-587897.9,6851932.5,93090.16,-0.038139425,-0.061654493,-0.0298377,2968.1958757401703,2419.222632321008,82.76321942140073,0.5489732434191628,2307.9089164281777,4279.875807364574,2140.98765813064,3035.461856375584,62.375608363572944,99.7826621490705,0.0052376462313641,1.5361362164823968,11,0.08983293
2023-11-24,290.46506,285.87305,295.34442,292.19885,289.17188,296.37158,-1.2298989,-3.5218115,2.0324507,3.2482603,1.7049828,4.8820972,-3479101.8,-833003.56,3946466.0,93642.78,-0.03338869,-0.070028655,-0.022307727,2205.220786742193,1988.084719128376,89.98764812320707,0.2171360676138173,1817.1598394446485,2841.6359552852155,1468.155665963994,2669.996677488734,74.54224872585144,99.55159105618696,0.0104624233929384,0.6164096351532694,11,0.2214046
2023-11-25,286.07205,284.12842,290.27332,289.293,286.9276,293.406,-2.184766,-4.0215864,-0.7863445,1.7003142,-0.95803833,3.281458,-3503411.0,-494679.53,3503692.0,93705.445,-0.033621985,-0.064799,-0.02437624,1836.3234862423624,1490.3779073607975,81.59354317827288,0.3459455788815651,1572.6780634287622,2370.6823938069474,1308.6264432842434,1948.9251692170849,64.64074669683247,94.8076767155904,0.0877241604686328,0.834116317125259,11,0.104290165
2023-11-26,288.4609,285.04852,292.30072,290.88577,286.72253,296.77454,-2.1192572,-4.4003687,-0.36780834,0.8662692,-0.6370697,2.8274002,-2970872.8,-624221.06,4588785.5,93519.87,-0.028511252,-0.04493431,-0.02355708,2054.703005930503,1747.9666218434666,86.12080395131545,0.3067363840870366,1551.8536840868385,2911.563248974799,1390.7451772636082,2213.542814017155,71.38857769914429,97.1479622292741,0.0499628933204358,0.8109292842198533,11,0.052383732
2023-11-27,291.66772,289.86768,295.0371,293.6693,290.521,298.4729,-1.0147511,-3.6878662,2.0571747,0.5774788,-1.7089396,3.022873,-2964401.0,-829038.7,5980531.5,93490.414,-0.028449144,-0.039354432,-0.023941059,2431.1120891302744,2133.0460884321733,88.75888167944589,0.2980660006981014,1979.6856947292133,3223.1208799836386,1899.453483615093,2620.442625639087,69.33981146869947,99.52054017322486,0.010867680921036,0.9708605935477876,11,0.07278761
2023-11-28,293.17685,291.08386,296.9137,295.9387,291.3042,301.13025,-0.1870302,-2.393341,2.8218842,-0.7195847,-3.5250359,1.705555,-3953408.8,-1105325.1,8672551.0,93289.18,-0.03794058,-0.047978032,-0.024323536,2812.1176040319883,2341.1327077659967,85.62403689150075,0.4709848962659919,2079.7799816341026,3769.175144350824,2051.181183499776,2936.060172483578,62.02674400320566,99.75980360182224,0.0054398735206787,1.4055163298053763,11,0.08987095
2023-11-29,293.07547,291.0161,296.95825,296.61356,292.62036,303.55237,2.07393,-0.7332611,4.506531,-3.0438116,-5.2551556,0.34185696,-5180813.5,-842296.0,9102447.0,92984.305,-0.0497199,-0.06413192,-0.040926117,2912.1495851928958,2326.434606127022,81.34459576032897,0.5857149790658732,2258.018289785427,4335.592917968015,2042.4573475096556,2943.941525753984,58.13465788678413,96.72487467140924,0.0779625685448095,1.7673800040040468,11,0.19761765
2023-11-30,293.3207,291.48706,297.31042,296.45462,292.61584,302.06866,2.0782816,-1.8583221,3.7988892,-1.436288,-3.5264292,2.0219831,-4477642.5,-846541.25,8236060.0,93029.35,-0.04297162,-0.061225254,-0.032455914,2889.1600715058817,2363.81588518248,83.15534380070322,0.525344186323402,2257.384420473801,3980.4463425196345,2103.7798566471765,3006.8910988550238,63.62812005613134,95.82150431453846,0.0955332020290998,1.3972754057442325,11,0.023456287
2023-12-01,293.53555,290.5381,297.39233,296.29105,291.52478,302.07715,-0.6269166,-2.2790833,1.5275669,1.1388732,-0.7678461,3.8175087,-4472621.5,-1372353.4,9293119.0,93167.13,-0.042923428,-0.05321372,-0.03172634,2860.958841293353,2395.2112703069624,85.9990110998902,0.4657475709863909,2108.7605716665344,3982.402576808495,1981.8237971215,3021.699801200995,51.16909660753445,99.74699642570305,0.0061743681131856,1.933362147211332,12,0.007897688
2023-12-02,293.44876,290.51782,298.01672,297.13937,291.35754,303.8012,-0.30923623,-2.8597565,2.273117,0.414389,-1.469718,2.7442589,-5225012.0,-1446269.6,11081733.0,93045.34,-0.05014407,-0.06310371,-0.03415444,3052.701938885561,2386.0776902313387,82.36401129142119,0.6666242486542225,2086.75631780628,4397.78656067785,1979.2888417422516,3136.699329101841,45.33883712240958,99.655974757416,0.0076889348028053,2.3862594770167904,12,0.0016604336
2023-12-03,294.1143,289.79028,297.69678,297.7058,291.8203,304.61243,-0.22692849,-2.5595703,2.0445404,0.6773403,-1.463314,3.587752,-5271921.0,-1501320.9,10968812.0,92916.65,-0.05059425,-0.064846575,-0.038500812,3137.559980944201,2485.7974814658887,82.81263013016573,0.6517624994783118,2148.143886685487,4605.973788352815,1890.1411031292491,3077.3024200347927,41.28790972354625,99.751271016742,0.0063247759507507,2.6878119000263285,12,0.0007062764
2023-12-04,293.4904,289.93762,296.96265,296.8028,291.937,304.01392,-0.57503396,-2.1084452,1.3591652,1.239828,-1.072959,4.684798,-5203116.0,-1690287.9,11293911.0,93132.27,-0.049933933,-0.06325381,-0.039772816,2970.5134757387277,2390.5552190959725,83.82224452837127,0.5799582566427549,2163.8724124373543,4451.564819196515,1907.904537296121,2944.719867182521,42.85918805604381,99.66133245142905,0.0082986009470209,2.5436602819003937,12,0.0034566899
2023-12-05,292.90244,291.1825,295.79297,295.57193,292.79297,300.25714,-0.6943352,-1.9818382,1.4370937,1.4249506,-0.4715824,3.8480988,-3575713.0,-1155655.6,6730650.0,93429.79,-0.034315865,-0.05291445,-0.029265292,2723.716119281497,2300.576711188455,85.56325508587656,0.4231394080930417,2282.3597056475865,3581.4710318248103,2063.9403246646184,2743.798400724348,66.34166045437688,99.6497768987063,0.0082977939247653,1.2054636806197268,12,0.018484645
2023-12-06,293.9338,292.13403,297.9048,297.14948,292.41443,302.27832,-0.20757644,-2.2104034,2.3166504,-0.3757451,-2.3229828,1.7269821,-4405238.5,-1503836.6,9653108.0,93321.445,-0.04227676,-0.056163725,-0.03247421,3026.9789164583326,2453.9476268128333,83.30284866897863,0.5730312896454997,2229.275526395001,4029.0358309881,2190.656111696553,3115.805263567212,62.186408249101525,99.12355065666463,0.0198571598378762,1.480135502892675,12,0.054650962
2023-12-07,293.73398,291.6526,298.58374,299.39255,293.448,306.64673,1.5015011,-1.0862732,3.9544373,-1.6762952,-3.3847418,1.3508081,-5849252.5,-1150148.0,11165829.0,93143.51,-0.05613486,-0.07453557,-0.047113262,3467.670703866429,2424.6946188305988,72.95481431025266,1.0429760850358307,2376.84060272517,5166.26083115394,2125.714029127183,3244.431047019585,47.16078751879399,95.745889443224,0.1394812636499968,2.5490358583934354,12,0.012134366
2023-12-08,293.5325,290.93304,297.96606,296.11462,291.6963,301.75024,0.42093566,-2.0616655,2.1895585,0.8579801,-3.281128,5.8125734,-4295530.5,-1246406.1,8262957.5,93241.836,-0.0412239,-0.058299392,-0.035455976,2820.0640113152567,2394.892047254649,86.03711440409758,0.425171964060607,2131.53830177325,3907.628225878907,2031.8053050038227,3127.228318024669,57.535886770056464,96.9466103976621,0.0692275347981599,1.6149827593319592,12,0.14034978
2023-12-09,289.9675,288.60083,293.48102,291.9706,290.17212,295.38,-2.3324697,-4.517969,-1.0131226,2.9307919,0.68792534,4.588154,-3865335.0,-1022036.94,4345538.0,93471.93,-0.037095346,-0.08325821,-0.025304133,2172.8344401271347,1913.3405005230932,88.31788894665279,0.2594939396040416,1936.4785048459044,2675.7872126050465,1751.9799254475906,2381.6928807745467,72.54600702799276,97.29670541128064,0.0542309995279047,0.7087504947393568,12,0.071495615
2023-12-10,290.09286,288.42957,293.1469,292.9689,289.5724,297.9967,-2.7807152,-5.3665314,-0.99864197,1.244916,-0.36749893,3.126419,-3695330.8,-1096691.2,6229617.5,93348.4,-0.035463825,-0.058806673,-0.028459588,2329.427787731663,1931.178936180406,83.9945414183825,0.398248851551257,1864.1376307711275,3132.95357326143,1732.836585199238,2332.994500522112,64.89185184672807,96.94429483735992,0.057028064505346,1.0999219820738495,12,0.013105833
2023-12-11,291.82193,290.1808,295.30774,294.23013,290.99194,300.57043,-0.081985466,-2.9325743,3.7041807,0.5753568,-3.127408,4.985751,-4088032.0,-1400858.0,8362220.0,93078.91,-0.039232552,-0.053403493,-0.032399673,2519.3909868242285,2151.795346921513,86.67180897563189,0.3675956399027158,2039.352955257713,3647.862171907877,1937.541762460391,2664.038856628168,59.2564995157054,98.08957321909216,0.0414225158826106,1.4822808836077948,12,0.14377573
2023-12-12,289.9874,288.20374,293.55756,293.05115,289.2589,297.90515,-1.3930436,-2.7372427,0.41997623,2.2217422,0.16111153,4.1116514,-4740579.0,-1901265.0,9531061.0,93472.87,-0.045495,-0.060538888,-0.038347676,2339.7541856278367,1917.3826189331105,83.63201574348784,0.4223715666947258,1827.2792019561373,3115.8734202468163,1707.8754339320574,2392.973541932316,54.834079024539705,99.578525908219,0.0085185155172325,1.406748654434117,12,0.029232748
2023-12-13,289.96408,287.46497,295.19934,294.02914,287.88745,301.7594,-1.3152419,-4.5450287,0.85543823,0.6006557,-1.1568661,3.4475393,-4815465.5,-1448171.5,10675967.0,93330.9,-0.046213675,-0.06171487,-0.037204236,2540.66986580568,1920.862470573368,80.00718431233734,0.619807395232311,1673.4480768590026,3909.705548689617,1628.4138162652634,2646.501064223147,41.983173018207616,99.23921430746572,0.0130567470283706,2.268287103680791,12,0.0024652383
2023-12-14,292.27817,288.04883,296.95166,296.76154,291.6189,304.1792,-0.5011948,-2.6701288,2.6248627,0.04245385,-3.1238546,3.2539606,-5611731.5,-1579317.4,11755692.0,93160.01,-0.053855386,-0.070324846,-0.04072432,2987.3501517490963,2220.2364165852937,79.07448533539367,0.7671137351638029,2121.233349845464,4493.748012081893,1690.9368165225233,2942.774351293699,37.94474051869548,99.3485108210178,0.0141550259349464,2.7653772691921867,12,0.0012671533
2023-12-15,293.83932,288.63892,297.9519,297.32208,291.51392,304.771,-0.59428614,-2.1523247,2.322596,0.5188027,-2.1245565,3.1876576,-4724808.5,-1456716.6,10630049.0,93220.71,-0.045343656,-0.06024415,-0.035237245,3071.3679264128964,2446.5603815754143,83.48562351697431,0.6248075448374822,2107.324936410681,4647.657093676112,1756.2622207892296,3124.5854776487126,37.788119592103904,99.8726614255838,0.002887809985149,2.8913948728868824,12,0.013592152
2023-12-16,294.15808,289.2815,297.54688,297.7908,292.92322,304.0177,-0.685354,-2.1166668,1.0079365,0.47486344,-3.007907,2.3583145,-4687374.5,-1413966.4,10528283.0,93255.055,-0.0449844,-0.05749189,-0.034375936,3143.621978557989,2493.127968143627,82.60939505170678,0.6504940104143622,2300.879767324341,4452.526732140529,1829.9129228630225,3049.813822826164,41.6413908395302,99.91112888799763,0.0022765419582592,2.582255528344497,12,0.012301423
2023-12-17,294.40506,289.19214,298.438,297.66562,293.95667,302.5796,-0.8068342,-2.46426,1.5890036,0.22395347,-3.0979128,2.2991142,-4192996.0,-1239058.6,8802636.0,93143.5,-0.040239885,-0.05413905,-0.033898856,3097.5196393687656,2533.873276318665,83.8700133923046,0.5636463630501007,2452.5592557358736,4099.763924630463,1819.511410119342,3216.43405093421,45.40754465979273,99.67629085374284,0.0081088705568508,2.2170265687140938,12,0.05455524
2023-12-18,293.65097,288.70874,297.27515,297.1074,293.63977,303.09973,-1.303147,-3.5852356,-0.23740292,1.3458185,-0.9423237,4.353671,-4938915.0,-1736571.1,10553725.0,92945.4,-0.047398414,-0.06267545,-0.038025323,3001.2419246431514,2416.0286559848973,82.9718794614131,0.5852132686582545,2405.142980544205,4224.42870536186,1764.13700449404,3000.5325803369337,41.91670871714744,99.74707680333454,0.006338938839051,2.4536872299717665,12,0.010221773
2023-12-19,291.65073,287.7909,295.53027,295.25375,290.70923,302.4746,-1.9238437,-4.185508,-0.16496277,1.6297153,-0.3378442,4.2482986,-5040808.5,-1960401.1,11527156.0,92844.15,-0.048376277,-0.06911078,-0.03614499,2701.3306149011555,2131.9238770353354,82.13074365997687,0.5694067378658204,2003.347489753674,4074.995957831919,1663.060192991111,2700.3620726422814,41.34889510616889,99.82112118557023,0.0039114328892546,2.390030153647376,12,0.0016266133
2023-12-20,290.10165,285.30273,294.42175,294.3531,289.5193,301.22986,-2.3987367,-3.9452868,-0.4580536,1.8795605,-0.12760353,4.620346,-5020558.0,-2203049.0,11922408.0,93012.41,-0.048181936,-0.0728229,-0.03468454,2553.862241947193,1937.242885037134,79.07174116532565,0.6166193569100592,1857.848500270989,3791.126022977152,1414.2190840427058,2523.633374491717,37.95456460838671,99.79004981134072,0.0043437627725043,2.3281495273450714,12,0.0018504206
2023-12-21,291.15457,287.42163,296.3141,295.00714,290.46155,302.1477,-1.5076348,-3.6449566,0.94169617,0.97579974,-1.4622097,3.6163177,-4362804.5,-1760801.5,10391043.0,93165.43,-0.04186952,-0.060950335,-0.03024356,2664.280688017528,2068.881905456996,80.771727479185,0.5953987825605324,1972.263927821133,3998.704233776559,1623.855446658936,2831.7793183508884,41.148261868268186,99.4004126080114,0.0120397785005702,2.353306944324653,12,0.012462676
2023-12-22,292.99655,291.25317,297.01355,296.50854,291.4541,303.63794,-0.1294039,-2.5713196,2.7350922,0.059634592,-3.0815248,2.941512,-4346236.5,-1781061.0,10164430.0,93158.46,-0.041710526,-0.05984265,-0.029828511,2917.3921138633027,2316.4602033813776,82.33294116232572,0.6009319104819248,2099.436233906363,4356.892966120311,2073.1261353953155,2953.748792707066,48.755375988609806,99.5058521717838,0.0103929183656359,2.2326734190670594,12,0.032612864
2023-12-23,293.61725,291.86536,297.40613,296.59152,292.39026,302.33112,0.34007677,-2.5646973,2.4642944,-0.79672855,-2.243741,1.6779299,-4351916.5,-1471715.4,9283357.0,93162.41,-0.04176503,-0.05952581,-0.03123644,2913.0105122803866,2404.821299802995,84.39814709908892,0.5081892124773918,2225.9231875922005,4041.352911763842,2154.202901603474,3024.199935739183,55.600609409834185,99.1813436982369,0.0199207262385752,1.7623085039100528,12,0.06317837
2023-12-24,293.19254,289.7317,297.5802,297.3364,293.29578,302.438,1.249708,-1.4338379,3.913437,-0.5215227,-2.5358639,2.5838623,-4588726.0,-1222044.2,8663175.0,93121.96,-0.044037677,-0.063649416,-0.035169143,3046.2888925007087,2345.33221623629,79.04221233771275,0.7009566762644188,2354.583627703664,4066.386748796272,1883.11742997223,3055.906240129203,50.39347454407121,97.21539044280172,0.0707989335833549,1.9143593637774303,12,0.020009294
2023-12-25,293.02213,290.43433,298.42236,298.86386,292.9331,305.19568,1.154285,-1.6410084,4.1680756,-1.0439497,-2.6710033,1.4628439,-5423290.5,-1341963.6,11112288.0,93104.73,-0.052046932,-0.07168101,-0.04032944,3376.337831983474,2322.4434104439847,72.83536145858146,1.05389442153949,2302.2910639222296,4760.917800168496,1968.8736259075683,3213.445277154673,43.999336655001706,99.225437405588,0.0190385977308392,2.6038375272156298,12,0.0027622727
2023-12-26,293.2299,290.00293,298.06006,297.18066,292.3391,303.21484,0.82067007,-2.935357,3.782506,0.60256046,-2.372116,4.2661304,-4459754.5,-1157026.5,8663047.0,93126.84,-0.04279995,-0.067209475,-0.035953686,3003.187796944048,2349.6716157263104,79.22385967512831,0.653516181217738,2218.843679563736,4252.460949596663,1915.8249439468789,3144.820943202569,46.18828625522083,94.31577794216872,0.1433684175511862,2.2883221133054747,12,0.054133683
2023-12-27,289.30692,287.03296,292.69806,293.89343,290.33557,299.63367,-2.0073721,-3.8109055,-0.49354362,2.174197,1.0028261,3.772172,-4716381.5,-1868473.0,9193530.0,93433.37,-0.04526278,-0.07623443,-0.035412088,2466.0539860251715,1837.433538116688,76.24594915426792,0.6286204479084837,1956.6172154105973,3452.483158406312,1583.4706560885113,2268.9470337642674,46.7946244364219,95.51396995030764,0.0926536421041448,1.836906630699361,12,0.009747747
2023-12-28,289.17358,286.36792,295.0675,294.90506,288.21753,303.82898,-1.3414651,-4.2154083,1.6731415,0.66075736,-1.1898165,3.0627387,-5140059.5,-1601728.1,11662949.0,93331.79,-0.04932879,-0.07198757,-0.036955275,2694.729281790625,1829.7810687987,72.31801765187338,0.8649482129919247,1709.3909692374086,4404.77550513678,1516.417064523904,2625.3077187562008,35.391656781649445,94.91455569965204,0.0902748313994486,2.8381094915024088,12,0.00034288055
2023-12-29,291.53018,287.88232,297.46655,298.8969,290.9414,307.07117,1.3421417,-1.8784637,4.762497,-0.9482499,-3.9673223,2.0119934,-5337641.5,-1398954.4,11870251.0,93005.53,-0.05122497,-0.07462332,-0.03411833,3464.9553269113017,2119.7520366026606,69.14292427230534,1.345203290308641,2032.8753402694645,5290.366369803318,1672.8950764013791,3035.1732006495554,31.62153543750833,99.83947704859116,0.0032632314946629,3.617471293401939,12,7.3961783e-06
2023-12-30,291.48148,287.5056,296.91064,295.52377,292.01978,301.19775,-0.84135103,-3.6485624,2.1183472,2.2562191,-2.371935,4.537985,-3125484.8,-1054925.4,5713878.5,93204.086,-0.029995052,-0.068133384,-0.016837493,2711.6186922449906,2112.774719425065,78.51141378032868,0.5988439728199253,2175.0883409910507,3784.039006621082,1632.6999249131811,2935.521030309718,47.23977759385249,97.54735094805451,0.0569739226516121,1.8672138206539577,12,0.03455408
2023-12-31,289.71814,286.86145,293.33252,293.64542,289.97742,299.88123,-2.6564057,-5.3396454,-0.8336048,1.7796208,-0.19337082,4.4178696,-3766591.2,-2041298.1,9037871.0,93373.195,-0.036147706,-0.062383708,-0.02175078,2433.529178828885,1885.7146788378689,79.39476717613667,0.547814499991017,1912.727371834313,3503.204971003472,1565.9330106174698,2359.939195702546,47.8134342493076,97.69760289690632,0.0449414207228571,1.8282023655742516,12,0.016922299
2024-01-01,289.58496,287.11743,293.7893,294.14478,289.61365,300.14795,-2.3571913,-5.5714417,-0.43888855,1.2918812,-0.46244717,3.1591244,-3926843.8,-1916362.4,9499508.0,93279.336,-0.037685636,-0.058602348,-0.022653578,2519.936884577424,1870.9860731600916,76.52307203827237,0.6489508114173325,1869.03726718829,3558.5812310014144,1592.1717719068483,2427.416633287466,45.33706404754847,95.57427997407362,0.0848862441401756,1.942367309067109,1,0.007840715
2024-01-02,291.34787,288.708,296.36365,294.70654,290.48584,300.79846,-1.6658081,-4.7352095,-0.39213562,0.8751996,-0.98037624,3.1344147,-3672899.8,-1908736.6,9587837.0,93126.305,-0.035248555,-0.052207913,-0.02144859,2605.472531059233,2091.739712900433,82.63399222974631,0.5137328181588005,1975.2936831855573,3696.858004381395,1764.0542410163075,2840.2739131042736,48.45543242712117,98.9233447802556,0.0216988588442552,1.905529472141748,1,0.01843739
2024-01-03,293.16757,291.62878,297.6726,295.39462,292.12427,300.74097,-1.0098746,-3.883255,0.5121498,1.0451889,-1.7156858,3.7348967,-3210620.0,-1416168.6,7625204.0,92980.27,-0.03081209,-0.046055216,-0.019705832,2700.506600250819,2340.319548138168,87.86222096051212,0.3601870521126514,2189.3217217508195,3684.450239667145,2122.5474713949297,3072.855613203209,59.40564674195152,99.78008978094472,0.0048145421941271,1.495678745907495,1,0.11637102
2024-01-04,292.46466,290.94482,295.72803,294.6301,292.00574,298.49585,-0.7421761,-2.2192993,0.39762115,3.2199566,1.0061123,5.9605894,-4457271.0,-1784280.1,8230364.0,93049.555,-0.04277611,-0.059640605,-0.032925438,2565.5263536499283,2238.458673501858,87.99413482033502,0.3270676801480703,2173.182348481368,3227.523038759862,2033.3128694192487,2733.003868873139,65.03276502487688,99.48890736126116,0.0113226807091632,1.1020458126983943,1,0.08942411
2024-01-05,291.96902,289.97803,296.22327,293.95715,291.33154,298.28394,-0.8677857,-2.5722122,1.3791552,2.3724406,1.0804403,3.9856272,-4104757.2,-1936929.4,8484867.0,93116.69,-0.03939306,-0.052435726,-0.032417413,2467.3198939575204,2173.6610303400234,88.79160295997913,0.293658863617497,2083.3533900912025,3187.0725282595417,1912.80142501951,2816.270594315594,69.27287557325444,99.28231638380488,0.0152783066265556,0.943097288145595,1,0.03623698
2024-01-06,291.62778,289.39526,296.73706,294.66696,291.05872,300.75024,-1.538754,-3.1121674,-0.32788754,1.3156054,-0.30107957,2.9250402,-4450998.0,-1930331.0,9893056.0,93153.28,-0.04271591,-0.0572715,-0.035549432,2592.357362904568,2126.6182132953118,84.08389747119169,0.4657391496092571,2047.9393359864264,3686.4498767637374,1843.231994283043,2904.9969315624403,51.42314425079869,99.3282588307641,0.0144310685404971,1.79076143890213,1,0.016998053
2024-01-07,292.24594,288.54932,296.02344,295.83044,290.49426,302.7766,-1.2142434,-3.4326172,1.0169373,0.64942414,-1.1380892,2.5515156,-4417822.5,-1630351.1,10538125.0,93138.164,-0.042397525,-0.056934033,-0.035450794,2810.972217447918,2214.632145402288,82.18533271429953,0.5963400720456297,1976.3451555249371,4146.601931169129,1746.2024551394534,2782.4088660674424,42.366637811363866,99.654589329121,0.0071393040593156,2.3754426537180526,1,0.010773857
2024-01-08,293.5074,290.76367,297.886,298.32492,293.00024,305.08923,-0.003868997,-2.5501251,2.3033752,-1.0518907,-3.2168875,1.5766993,-4749661.5,-1439923.4,10824608.0,93073.586,-0.04558216,-0.062363416,-0.035218723,3262.3675217279037,2391.5511824888786,76.77196553901952,0.8708163392390248,2311.894043521244,4732.305817989721,2010.2374522932569,3112.3083057135536,43.770333389412485,99.15334093049304,0.0207067098749562,2.6449578840414083,1,0.028183589
2024-01-09,293.9511,290.25708,298.32397,298.68063,292.9485,304.72522,0.4663572,-1.9829102,2.635749,-0.48231602,-2.673542,2.5876303,-5069976.5,-1487524.9,10825720.0,93195.82,-0.0486562,-0.06826048,-0.0387291,3310.2594178028703,2458.7340275694914,76.35814843262261,0.8515253902333786,2304.48792367432,4635.590177640313,1946.9235769300512,3194.681091361548,43.39925186712167,94.17443418087996,0.1422328183161125,2.5871250499533662,1,0.04099503
2024-01-10,293.40884,289.48755,298.48828,298.6394,292.71655,304.1366,-0.61793643,-2.3318024,1.6505258,-0.5826809,-2.794963,1.9699545,-5091365.5,-1365867.4,10654239.0,93202.54,-0.04886147,-0.066658095,-0.039132487,3295.790066129284,2383.1428899043804,74.85180656232467,0.912647176224904,2271.5551256184144,4482.841884023022,1854.0983903734311,3226.070682152485,42.57106341838241,95.97278981909916,0.0965828434853624,2.567728733827549,1,0.025369024
2024-01-11,293.23663,291.10657,298.42163,298.36624,293.69788,304.36804,1.4597694,-1.7068176,4.064728,-2.3596184,-5.2541494,0.2128458,-4717019.0,-1409395.1,9338050.0,93082.37,-0.045268893,-0.068661764,-0.030274615,3241.1480058499824,2352.3825525873326,74.68875846232258,0.8887654532626496,2413.7765022760987,4542.370297856618,2054.112159077649,3213.3052380096256,50.808331834358206,96.0802481443774,0.1150879638827268,2.1005376054961133,1,0.012173129
2024-01-12,293.58298,291.77917,297.31836,296.2273,293.57568,300.63745,1.9290341,-0.5325012,4.8971863,-0.81477386,-3.6699839,3.610229,-3239197.2,-150969.39,4221556.5,92984.336,-0.031086346,-0.057210505,-0.022929024,2825.2951050675306,2400.0769686300446,85.37133209303092,0.4252181364374858,2395.6521304952144,3662.202691213005,2142.623389877544,3008.3228389413694,67.67041442879903,99.66875062823276,0.0080282928998194,1.0571958163526147,1,0.16583136
2024-01-13,292.48,289.97968,296.729,293.74512,291.53638,297.34778,-0.48214734,-2.3162851,1.6747437,3.1103094,0.8780772,5.807768,-2898481.2,-691055.2,3488748.2,93329.664,-0.02781652,-0.0550507,-0.018753316,2423.9482972338465,2243.2903494191582,92.6700700496375,0.1806579478146882,2110.293938702582,3013.6364993839084,1913.0013812029915,2903.586974748255,76.9912475825505,99.6850998657287,0.007601957990686,0.6263990939222768,1,0.41003165
2024-01-14,292.1515,289.81604,295.8872,295.0118,290.58508,301.258,-1.1493367,-3.3639784,1.2737122,0.5239709,-2.1499586,2.3193057,-4090972.0,-1256476.6,8023045.5,93387.06,-0.039260767,-0.052596882,-0.0318615,2669.350790281625,2203.9655688656067,84.66252087868342,0.4653852214160187,1987.7140412575293,3797.346797079285,1893.2358696584915,2759.529061542529,61.87226755838147,97.82498165119776,0.0435496961924911,1.4424609797199628,1,0.03971582
2024-01-15,293.54654,291.42578,298.04272,297.93073,293.19226,304.64246,1.1847216,-1.8403168,3.5076113,-1.9020215,-4.4119473,0.6995697,-4877434.0,-1105376.9,9689797.0,93271.99,-0.046808384,-0.06413191,-0.037646353,3173.734319983832,2395.1160826350592,78.49122584789244,0.7786182373487726,2339.5527950990363,4613.842512652756,2095.710227474453,3141.5700925057645,50.85302393798855,99.18367387350835,0.0200640825240129,2.1098243826183203,1,0.0042974176
2024-01-16,293.272,291.55762,297.90173,299.00458,293.82056,305.9784,1.3309158,-1.4838638,2.9671068,-2.3349526,-3.9397545,0.55681896,-5625335.5,-972628.2,10733669.0,93260.26,-0.05398594,-0.074703954,-0.04432399,3384.4508438620105,2355.7786051709813,72.03297447643641,1.0286722386910294,2432.094154451147,4975.978187155546,2113.1049600074566,3115.2373419640444,48.91801554009195,91.6225005223166,0.2040491397458004,2.3669327576354813,1,0.0014550284
2024-01-17,293.79395,291.49268,298.79358,299.24417,294.6654,307.2566,1.4276356,-1.6605167,4.4636993,-1.2627697,-3.6633387,3.1194518,-5525870.5,-1046938.8,10369661.0,93280.12,-0.05303139,-0.07195398,-0.04362907,3430.903874142418,2434.927942385935,73.47889756142709,0.9959759317564832,2561.583725888671,5345.394019447776,2104.5206673482794,3285.112559273261,47.60805998082795,96.77553761352206,0.089034002664895,2.692997074139802,1,0.026142918
2024-01-18,295.20215,292.71265,298.91797,298.38333,293.86963,304.25623,-0.10855069,-2.509491,2.930252,0.10315901,-2.5866022,2.5273778,-4810327.5,-1313036.9,9659675.0,93210.48,-0.046164367,-0.058685757,-0.036292803,3251.58066419124,2649.879344883017,84.03427190326347,0.6017013193082222,2439.455275176394,4513.525286641268,2271.004022519978,3309.4380212433,54.291348712864384,99.73020625391356,0.0068270750015822,2.020417465177601,1,0.02475349
2024-01-19,294.9484,293.10144,298.74976,298.19565,294.26,305.03198,1.557046,-1.0675507,4.575856,-1.7042394,-3.5644302,0.805212,-4244051.5,-682345.7,6995750.5,93042.88,-0.040729858,-0.06296716,-0.031171247,3200.097264564753,2610.6690379359325,82.97508729936666,0.589428226628821,2498.713899391096,4716.979106389167,2326.434749675612,3276.579876345259,62.97834938564223,96.1262565140155,0.1078750776474817,1.7243507088443344,1,0.07165126
2024-01-20,293.97928,292.71094,297.8722,297.6884,294.3468,303.4193,3.227494,0.66958714,5.5606613,-2.1320193,-3.9217596,2.089426,-4258450.0,-594403.5,7003032.5,92869.625,-0.04086804,-0.069951415,-0.030333102,3094.372882024649,2458.5125575211864,80.26758712856652,0.635860324503463,2512.0588289790026,4302.653441912339,2270.762951805308,3109.7445409500046,64.90964726731146,95.00741420686226,0.125477757117168,1.4965355243392564,1,0.087310225
2024-01-21,293.6255,291.63452,297.3048,295.2394,292.31543,299.37292,1.5149962,-1.7444963,3.6929827,1.0406276,-2.1903038,5.168908,-3959356.0,-806425.94,5896244.0,93030.91,-0.03799766,-0.058277052,-0.030904075,2659.9943793887,2406.8119670713486,90.70739422289778,0.2531824123173511,2215.572514481427,3399.7554820366045,2123.3103139900786,3005.8782278203257,75.81291889198211,98.63086975941538,0.0322904074916914,0.7220808564329759,1,0.15879819
2024-01-22,291.25598,289.85144,294.82397,293.72714,291.17407,297.9961,-1.6805087,-3.2855225,0.050992966,2.6408179,1.2478509,4.360631,-4064578.2,-1213421.5,6694890.5,93356.73,-0.039007466,-0.0639295,-0.030471489,2429.7522252878443,2076.0019342436995,86.37972287448135,0.3537502910441448,2062.848029548621,3132.839434892404,1897.496605395897,2586.54972654367,66.83163541270464,99.44883356221465,0.0121506988328596,0.9720954713219636,1,0.062309477
2024-01-23,290.56985,287.95264,293.89417,291.4295,289.24878,295.27808,-2.1861389,-4.632614,-0.70703506,1.9670601,0.29312992,4.560211,-2102342.0,-280664.12,2035231.0,93286.24,-0.020176027,-0.051786683,-0.013289386,2099.401038416296,1988.5288403408008,94.75673612326246,0.1108721980754958,1826.09866981121,2659.2295727899404,1680.4931149521633,2443.1431560210067,88.32211312642364,99.26183841690305,0.0147477962394496,0.2873309695448993,1,0.32353252
2024-01-24,289.1166,285.76306,294.27197,291.7809,287.78882,297.47833,-2.0913455,-4.4574394,-0.06477547,1.9259814,0.11053467,3.6134405,-3908562.0,-995111.3,7030785.5,93067.98,-0.037510194,-0.051987328,-0.031648777,2166.695813696529,1818.6259624513004,85.19005767629362,0.3480698512452287,1662.8375629227646,3037.3164871265253,1457.6151622538944,2500.5495841221136,61.20697973706707,99.2216257981462,0.0138591243386097,1.0982814674647057,1,0.0968864
2024-01-25,290.40164,288.84497,293.92523,291.50024,289.2256,296.14307,-1.2869279,-4.044693,-0.20078754,2.6382468,1.0540009,4.7999563,-3216906.8,-808743.94,4652054.5,93052.78,-0.030872423,-0.048939295,-0.023757556,2111.291048422632,1967.3124498658,93.47543669391058,0.1439785985568324,1823.3987704102196,2802.63728695394,1779.5905156087947,2447.8196498892044,80.26288832134269,99.68570421233848,0.0062008467950233,0.5290317170316508,1,0.24868852
2024-01-26,289.4653,287.56018,294.15198,291.41064,288.38342,296.70886,-1.5204679,-3.7702227,0.48871803,2.6842597,0.8397522,4.393714,-3766021.0,-1284610.8,6949393.5,93228.82,-0.036142234,-0.053056516,-0.030261226,2109.627827654997,1856.974300386806,88.80917905685898,0.2526535272681907,1727.7104958981686,2900.0647036462647,1638.4689527707772,2482.189975990003,69.76580225628366,99.38056699583171,0.0107738644149001,0.7246639766024907,1,0.0749291
2024-01-27,290.96014,288.95935,295.21582,292.9061,289.32532,298.27014,-1.0084535,-2.4448214,1.576396,1.7157513,0.34109312,3.7127335,-3567569.0,-1423169.4,7661026.5,93198.664,-0.034237705,-0.046452392,-0.028607598,2322.3776426066192,2043.3090244771824,88.9448576245632,0.2790686181294369,1835.033286683796,3184.454959304223,1792.657156238433,2649.1607442347567,71.12449866793433,99.77379145565986,0.0041547507702121,0.8544609056962986,1,0.025072481
2024-01-28,291.92538,290.09534,295.21533,293.9495,290.18018,300.23132,-0.6260392,-1.8576365,2.0520477,0.76363325,-2.2059822,2.8541536,-3780974.8,-1487683.0,8501335.0,93249.164,-0.036285743,-0.04827032,-0.027765347,2479.2465298968814,2165.518164150436,89.00322141802933,0.3137283657464453,1937.4668683787693,3576.047271943529,1927.0813059273944,2649.0819052445445,57.0770860591021,99.53640743504334,0.0091906602447018,1.5289255548125502,1,0.111574106
2024-01-29,291.58328,288.79187,295.69983,295.15445,289.00183,301.2032,0.59626275,-1.9533844,3.9890442,-0.8401657,-3.0683737,2.3244915,-4484197.5,-1201118.0,9577533.0,93223.71,-0.043034527,-0.056964714,-0.032626946,2692.2342541821063,2121.42858992057,82.06905923857715,0.5708056642615359,1797.5315180840282,3785.23732662653,1773.552873140378,2728.3283649330447,53.00675165294415,99.98529041363729,0.0002815591334992,1.7178493435145867,1,0.0511155
2024-01-30,291.2973,287.93896,297.1079,296.1412,289.94397,301.99774,0.9603829,-1.3899231,3.7854614,-0.6972799,-2.2566605,2.1258926,-4738180.0,-1017979.56,9760713.0,93158.13,-0.045471974,-0.06054296,-0.03636733,2857.513309490361,2086.983490617632,76.35680837495893,0.7705298188727286,1908.6731067777748,3964.125580280168,1679.0133457664062,2970.549981549394,46.73268246347536,96.978938732997,0.0622057207857828,1.9751881583150956,1,0.012486457
2024-01-31,292.9778,289.92188,298.23193,296.01343,291.5244,301.79846,-0.3617123,-2.7336416,1.7180023,0.25543234,-1.9993591,3.1136374,-3855381.8,-1221048.2,8796112.0,93222.72,-0.036999825,-0.048304077,-0.029189292,2807.8949850424874,2317.632296807348,84.02222616304897,0.4902626882351399,2108.7121654864286,3918.579630520163,1905.999067744124,3177.214341675708,50.45514851617697,99.19440215540808,0.0204646327362697,1.933053452469728,1,0.067355625
2024-02-01,292.22263,288.9176,296.96045,294.12585,289.42395,298.74817,-0.3535525,-2.3779955,1.2785966,0.7971143,-1.279419,3.4988687,-3459705.2,-1229483.0,7455304.0,93463.07,-0.033202548,-0.047150016,-0.027695596,2495.6260589335134,2207.533652820374,89.29818036861319,0.2880924061131394,1846.6037647635064,3276.271257391953,1787.878160498583,2944.3306739531413,65.2744301871103,99.6438835755846,0.0071045312544424,1.115903393326334,2,0.0823223
2024-02-02,292.50797,290.43225,297.04126,294.08353,291.15784,299.42212,-1.4347343,-3.3758974,0.22694778,1.3383251,0.031558454,3.5881615,-3798055.2,-1604815.6,8236576.0,93626.69,-0.036449667,-0.04918468,-0.031353287,2490.7200049436183,2247.497063282516,91.19807648003562,0.2432229416611024,2060.7440232624485,3409.649401824618,1968.615382541269,2958.6739986639477,63.72603748784527,99.5868566812912,0.0090490159881005,1.23681494581377,2,0.1033637
2024-02-03,292.5266,290.32825,297.0022,295.05215,290.50574,300.5041,-1.082949,-2.4143934,0.20678139,0.4703257,-1.1142159,2.5852785,-3923367.2,-1204200.4,8549862.0,93587.12,-0.037652276,-0.04948497,-0.030141113,2659.7447341194006,2251.033051868056,86.66718123917865,0.4087116822513446,1977.778387236546,3633.7136723125727,1955.710886701457,2951.733050515719,55.92214097815441,99.86219124918664,0.0027495208827251,1.5627179892150835,2,0.046304237
2024-02-04,293.14502,291.10205,297.1621,296.0512,292.63977,301.84338,-0.040118188,-2.3199253,1.93396,-0.539584,-2.97649,1.9314661,-3521892.2,-885391.06,7447529.5,93508.27,-0.03379935,-0.046722755,-0.028868895,2811.939713370466,2336.64799827812,84.64121071008141,0.4752917150923461,2260.743992589465,3928.80656208101,2053.5288226916277,2980.2381156192428,62.40566495930484,99.3253394178146,0.0155481777300387,1.3015300586988885,2,0.062892795
2024-02-05,291.80936,289.05493,297.58276,296.2324,291.0631,302.8474,-0.299998,-1.8682575,1.4108205,0.19931255,-2.5629578,2.3169065,-4741343.0,-992659.06,9753615.0,93428.74,-0.04550233,-0.06379895,-0.03733849,2870.383828636923,2153.9916468726324,78.02130699305425,0.7163921817642914,2048.5055477855108,4163.547122304149,1803.640852952728,3056.3753284510863,48.52012451239947,97.09022513593214,0.0635768331990921,1.941326902641347,2,0.013123462
2024-02-06,292.42303,289.4818,297.62927,295.98288,290.7152,301.85883,-0.5585479,-2.7383947,1.2686975,0.8081634,-1.9175568,3.2744293,-4860860.5,-1363395.1,10160572.0,93493.414,-0.046649333,-0.06056816,-0.039250452,2821.5927636890247,2238.477129876515,82.28475188625332,0.58311563381251,2004.1034431313883,3932.3274481022872,1853.42119638674,3064.8968803034863,49.76853862376464,99.70269804331753,0.0068085707133509,1.915992764742931,2,0.004274307
2024-02-07,292.52957,289.33862,296.93262,296.384,291.06335,302.41913,-0.58581364,-2.9369793,1.3407135,0.32844135,-1.4054623,3.398078,-4598225.0,-1117952.8,10051233.0,93348.65,-0.044128835,-0.059006836,-0.037063204,2896.404902075641,2252.4356494508925,80.97469135725368,0.6439692526247487,2048.537008026995,4061.959202764685,1836.5904277808088,2939.404789177582,45.33069862296582,99.27838681402066,0.015927551204234,2.2179136421089622,2,0.0075871404
2024-02-08,292.71927,290.22485,297.1195,296.4459,290.85828,301.9431,-0.7141296,-3.8239288,0.85931396,0.4431828,-1.412549,2.9680738,-4717817.5,-1248288.0,10135829.0,93234.57,-0.04527656,-0.060392886,-0.038450986,2902.7194436647987,2278.2563539482994,81.36762327617504,0.6244630897164989,2022.259435196112,3951.594801162548,1942.9558410973275,2972.620571669525,50.16762143418581,99.90070346710634,0.0021168186025961,1.9434223266567587,2,0.006668826
2024-02-09,292.9296,289.9851,297.33984,296.43863,291.22095,302.20807,-1.3780648,-3.951477,0.48336697,0.36994445,-1.6520615,3.4648466,-4473882.5,-1169052.4,9993836.0,93342.88,-0.042935535,-0.05819095,-0.037798762,2902.8362424536917,2309.452660406468,82.53109170577214,0.5933835820472227,2068.933343627154,4012.6971013392954,1913.660626087442,3012.202546082555,48.71603528576078,99.52007962540316,0.0111452977504754,2.0184202905697486,2,0.01081865
2024-02-10,293.41913,288.60938,297.33716,297.06738,292.38782,302.86597,-1.7056423,-3.3325195,-0.25211906,0.70438147,-1.2923574,3.321886,-4733970.5,-1304969.4,10254719.0,93491.1,-0.045431577,-0.06016645,-0.038141727,3009.7901579715667,2384.399629511513,82.48710449881655,0.6253905284600538,2225.5848136340296,4167.9979118607,1752.9398971274677,3011.717343326102,42.55483791120345,99.9043765553409,0.0021489925613395,2.389074504661848,2,0.012503724
2024-02-11,292.98996,288.39624,297.6255,297.25015,292.19067,302.9624,-0.83427024,-3.0118103,0.64863205,0.044399053,-2.8219957,2.6738176,-4708097.0,-1184697.6,9920856.0,93499.48,-0.045183267,-0.060949687,-0.037468936,3050.147612386358,2321.8074236620528,79.98869875630434,0.7283401887243053,2198.409658924786,4191.197236454349,1729.1330701880315,3064.202749512331,42.28231030495567,99.75806033200833,0.0055776230359961,2.3603621766820746,2,0.005340593
2024-02-12,292.91287,290.55237,297.85596,298.42322,293.5299,305.34155,1.1504358,-2.1823273,3.996338,-2.38201,-5.300808,1.603591,-5520303.5,-1190184.9,10242889.0,93506.01,-0.052977953,-0.07742652,-0.04085594,3267.327528593514,2307.7971560754463,73.29274573317504,0.9595303725180684,2388.8930761983493,4800.372859655819,1983.6121954886416,3106.7293800760594,50.879693593323616,98.51999000860262,0.0388522119541053,2.29093592985092,2,0.0038324872
2024-02-13,292.99655,290.86426,297.8136,299.2858,294.53784,307.2931,1.6527647,-1.4982758,4.373764,-2.2828512,-4.4393244,1.5429859,-5490987.0,-848239.94,9760177.0,93443.9,-0.05269661,-0.0784146,-0.039725766,3442.8983575981124,2315.7440608334696,69.75884921724064,1.1271542967646428,2541.653008964008,5356.284162702145,2023.02165261058,3098.874797215682,46.12678890641239,85.97449212930374,0.3649252287591207,2.7262848517873364,2,0.00788506
2024-02-14,293.87277,292.44824,297.72107,295.61743,293.13318,300.9707,1.6111432,0.030814826,4.4528947,-1.0252503,-3.3360758,3.5965018,-3010934.8,-65729.055,3520207.2,93434.49,-0.028895725,-0.055956207,-0.020783007,2723.3147241775528,2442.710565382913,90.04110711555705,0.2806041587946402,2331.01165977156,3734.2473586672672,2233.9728489118947,3081.777358315274,77.82299670826097,99.55733433102657,0.0106372867072195,0.7281178756090094,2,0.26997226
2024-02-15,291.78708,290.21643,295.76233,293.186,291.68958,296.68372,-0.29083434,-1.8169508,3.0711985,3.1767972,1.279591,5.7477612,-3068431.8,-533151.44,3074754.0,93474.555,-0.029447518,-0.058861237,-0.021152927,2341.9004095342843,2146.5751399816245,91.87777117026508,0.1953252695526599,2130.6426015182647,2895.6724527099027,1941.9199909703325,2738.7008474104464,77.58389862657481,99.42599271260616,0.0136321532809834,0.5947548003323955,2,0.17137407
2024-02-16,291.08542,289.68842,294.24786,293.67526,290.73572,299.104,-0.82929367,-2.0723734,1.2845783,1.819368,0.27540588,3.827569,-3201942.0,-930286.94,5654446.5,93371.69,-0.030728808,-0.046482228,-0.023590114,2430.2333790700927,2054.039734411836,85.75702976152964,0.3761936446582572,2006.697185738932,3346.112738612784,1877.9448895968687,2496.851326211007,67.31749999884266,98.2501690493085,0.0355270685346124,0.9925802008419072,2,0.01723059
2024-02-17,291.49823,289.46057,294.68567,294.04092,290.55054,299.62927,-0.70523596,-2.111699,1.1280222,1.2164284,-0.93019104,3.3915014,-3202837.2,-993645.8,6496928.5,93187.086,-0.030737402,-0.047509916,-0.023754558,2492.148359426554,2107.9831442880886,86.23958431250928,0.3841652151384658,1983.38283445358,3451.58860143298,1850.9160295338684,2564.7623293585166,68.3712116372882,99.68803253075149,0.0062843791175764,1.0455136952450566,2,0.006989956
2024-02-18,292.35727,289.64075,296.6433,294.03143,289.76343,299.5459,-0.36927533,-1.7719002,1.0601511,1.0532664,-0.7092844,3.4787402,-3222549.8,-1171368.2,6985162.5,93056.09,-0.030926581,-0.04366377,-0.025978489,2487.383046255431,2227.8399638639494,90.5851844638053,0.2595430823914821,1886.9190671518384,3434.6552125558314,1872.26152618521,2888.6271982148014,67.95471528400066,99.5955152240811,0.0080697918570342,1.0506521190396492,2,0.07080695
2024-02-19,292.3867,290.03577,297.052,294.836,290.23767,300.10803,0.019674322,-2.4076748,2.5726733,0.3791909,-1.4883099,2.9959126,-3950681.2,-1376233.6,8341114.0,92832.0,-0.037914407,-0.0508604,-0.030976411,2619.4791572693566,2230.202490510225,87.06841430120107,0.3892766667591316,1944.533066182652,3550.245436081077,1919.8182580249672,2960.5852623706182,57.70508064154151,99.68911695423664,0.0067091231901622,1.4918448024300768,2,0.053979453
2024-02-20,292.92862,291.06848,296.46057,294.67593,291.5448,299.34827,-0.9918447,-3.001648,1.2103062,0.4010569,-2.0102673,2.503119,-3299065.2,-819211.94,6425827.5,92687.195,-0.031660896,-0.044933576,-0.0265547,2579.400672510318,2304.4726708191665,90.27684755136146,0.2749280016911515,2111.408260992264,3394.805697389957,2049.1977711160957,2856.951006906865,68.62831475859836,99.65942575389994,0.0076195580789999,1.0031581343865428,2,0.19678521
2024-02-21,292.68008,290.83313,296.25183,294.0726,291.3722,298.67535,-0.59772605,-2.452219,1.6720171,1.1364888,-0.6001129,3.400707,-2829193.8,-736505.7,4623069.0,92756.88,-0.02715157,-0.04216497,-0.020571662,2481.8371089822376,2268.7548530763047,92.07619979416016,0.2130822559059329,2088.6756086119453,3262.137712869076,2019.0577693379305,2821.140300022936,72.24625767533055,99.66165848599414,0.0076318749356378,0.8481624391455194,2,0.14098969
2024-02-22,293.14932,290.8357,296.52954,295.6375,291.5475,301.09497,-0.43418398,-2.375557,2.5538025,-0.2832966,-2.8808546,3.5868874,-3488201.2,-876278.5,7170040.0,92861.68,-0.03347602,-0.04534314,-0.02533637,2752.115252149459,2337.1190015246552,86.76669658031385,0.4149962506248045,2111.763660752306,3761.4275402137578,2019.3839488390893,2868.870364525425,60.53757154313902,99.71258824902064,0.0063168043330515,1.4536102618522455,2,0.13022117
2024-02-23,293.6328,291.58728,298.10242,297.3248,293.2968,303.52173,0.6044011,-2.0698605,2.8060455,-1.434589,-3.8491793,1.9934187,-4488425.0,-837690.8,8793865.0,93177.51,-0.043075092,-0.05842383,-0.033892646,3052.434203366085,2409.751321945361,80.816588834136,0.6426828814207248,2354.73471827957,4327.988341017837,2117.0361977090506,3152.7773096378664,57.59149047523509,97.4937791515336,0.0628314918530986,1.6555411200842705,2,0.028719103
2024-02-24,294.2993,292.43567,298.72778,297.3744,293.77136,303.08435,0.5352415,-1.7240753,2.68956,-1.1037732,-2.9374666,2.0838747,-4306900.0,-876236.3,8243136.0,93536.25,-0.041333012,-0.057967324,-0.03366544,3041.9740564682925,2509.53206460932,83.37459435730064,0.5324419918589725,2424.7342798992963,4220.695384283996,2232.2251777198626,3272.308951201908,65.83567780614362,93.45564448052424,0.1597090335919683,1.29963245706705,2,0.10813102
2024-02-25,294.59583,292.22253,298.78198,296.51184,292.66968,300.98108,-0.9540441,-2.6782446,1.4397688,1.2840116,-0.9941673,3.3133821,-3612939.8,-1137832.9,7595302.0,93746.56,-0.034673125,-0.04615229,-0.029624505,2880.949523866166,2555.319507625715,89.40885216921424,0.3256300162404517,2264.9496264667123,3736.510240423849,2202.781604667429,3282.8527183210904,67.65784718915688,99.35086102482848,0.0168847536254911,1.15142531036913,2,0.06649288
2024-02-26,294.31024,292.72302,298.0526,295.7911,293.6056,299.66217,-1.589819,-3.1689272,-0.098443985,1.6840357,-0.16963196,3.3452005,-3384503.0,-1171670.9,6586339.5,93611.375,-0.032480832,-0.04526276,-0.027993571,2755.0735816916745,2510.4308805655032,91.64092248765918,0.2446427011261713,2400.077098651905,3458.290276271221,2272.468148237805,3143.424090592291,71.20883637111987,99.4690380848465,0.0129421651773241,0.9338756848778824,2,0.043181278
2024-02-27,293.9831,292.4912,298.46765,297.51846,292.90515,302.9837,0.4715166,-2.7346954,3.5585938,-0.73963016,-3.6350708,1.4522247,-4393193.5,-972366.7,8656211.0,93218.66,-0.042161167,-0.055556044,-0.032199875,3103.0525669029853,2460.309401638306,82.25804733735326,0.6427431652646797,2298.303062115598,4196.3368107516535,2239.9545394696192,3222.114741560802,57.59754006008364,99.59461323026044,0.0094071994438299,1.7442743743943578,2,0.009332072
2024-02-28,294.7606,292.58276,299.05945,298.22284,295.05847,303.6496,1.2595648,-1.1203032,4.1583023,-0.41452205,-2.4075518,2.9055686,-4082238.0,-634504.75,7548595.5,93112.57,-0.03917695,-0.053397775,-0.03391627,3197.65450778225,2582.140173380338,81.60692207084584,0.6155143344019116,2623.861041868645,4359.801808844777,2252.746513758332,3337.2968848368496,61.52244074461678,96.42662785186268,0.0990140963091334,1.5650946700937212,2,0.06276676
2024-02-29,294.73123,293.1029,298.2887,296.55807,293.1704,301.6449,0.47622362,-1.2918358,2.3877766,0.84648746,-0.94784546,3.267369,-3692299.8,-895960.2,6650162.5,93235.6,-0.035434738,-0.04887756,-0.029455457,2894.4950745961664,2574.8873115326373,89.96664303484368,0.3196077630635287,2336.390793300472,3883.7944208395775,2326.645818025319,3187.9763738152037,68.60814901476103,99.67279077449491,0.0079877040043802,1.148943418285428,2,0.22084576
2024-03-01,294.17288,292.63208,297.7898,296.17093,292.71094,300.9287,0.5433056,-2.2389526,2.6808288,1.1335204,-1.0809937,4.3207808,-3885616.8,-1249248.0,7751538.5,93189.46,-0.037289985,-0.04883628,-0.03282931,2823.2626635156485,2488.476173495893,89.18367058685494,0.3347864900197557,2270.762951805308,3725.10156451754,2259.663652010259,3094.468469113503,65.79149773087367,99.61117343000517,0.0090192277605856,1.273444833767689,3,0.08069264
2024-03-02,291.8316,289.2506,295.8687,295.14194,291.05762,300.72345,-1.665821,-3.50525,0.14986897,1.5861098,-0.24963379,3.2094574,-4657432.0,-1270780.2,8398275.0,93282.63,-0.044697043,-0.058696844,-0.039293103,2664.1831460483404,2155.277648695201,83.03628490208781,0.5089054973531397,2047.7978045126376,3680.677192756682,1826.3119693491487,2756.4358061707453,52.71447512205018,99.03137762362064,0.0219896659540067,1.6902802907258228,3,0.025812501
2024-03-03,291.98117,289.56506,295.9685,295.56982,290.7074,301.72552,-0.90077186,-3.1085358,1.1416473,0.2274394,-2.1220922,2.995575,-4592335.5,-1130061.0,9506659.0,93232.555,-0.04407232,-0.06080272,-0.037189633,2762.511724215034,2175.0980111364306,82.05993498473028,0.5874137130786038,2003.1161255296329,3902.024267466436,1863.269053613104,2773.163225637408,49.44900537246932,98.3363575987916,0.0343964288802819,1.904792689142347,3,0.00700483
2024-03-04,293.3097,290.62158,297.6062,296.54236,291.45837,301.65015,-0.4607199,-2.202942,1.5004008,0.06719867,-2.234229,3.2012186,-4046333.0,-996421.2,8766670.0,93184.625,-0.03883237,-0.052695356,-0.031888753,2911.989363700224,2363.310938710208,83.64997747785803,0.548678424990016,2099.9988515556406,3884.978956520727,1992.299145657377,3060.667058593096,52.52324363992315,99.35518708352376,0.0152419016263565,1.8131876997859764,3,0.010398313
2024-03-05,294.2679,292.09485,297.27832,296.63953,293.474,301.8095,0.43560982,-1.9033871,3.0087051,-0.25005504,-4.2187862,3.121029,-3964332.8,-1100488.5,7576477.5,93201.914,-0.038045414,-0.05214791,-0.032861568,2909.6381955048478,2503.236291918504,87.39749564347288,0.4064019035863431,2380.660708884462,3921.092519832354,2185.3061825862314,3001.10414481875,62.46391654807107,99.6743991565117,0.0081964520711221,1.4272568635533145,3,0.08170672
2024-03-06,293.46664,291.7638,296.59082,294.5644,292.53564,298.26636,-0.16051422,-3.529953,1.7906971,2.0232377,-0.6131352,4.451104,-3418928.2,-867662.25,4744090.5,93363.49,-0.03281121,-0.052674267,-0.026145607,2551.6530998300764,2382.050082165406,93.69270835984383,0.1696030176646706,2246.154928113515,3183.737193985201,2140.5625474761205,2879.4971682850123,74.96146706952798,99.72284202971154,0.0065853682349356,0.7353084137443252,3,0.6037612
2024-03-07,293.26776,292.02173,296.7173,294.926,292.24976,299.90833,-1.4676727,-4.3004,0.28260803,1.8418816,0.1165815,3.2823486,-3646133.8,-1057932.9,5808432.0,93567.48,-0.034991685,-0.04983186,-0.027316032,2618.1927635769403,2353.2262557186973,90.73521685403529,0.2649665078582425,2206.523064869896,3508.796710910034,2175.353638792617,2901.5371980224763,67.40805526712553,99.45342452304186,0.0126156097527145,1.111321277409976,3,0.09071083
2024-03-08,293.6487,292.17896,296.66687,295.9093,292.99988,301.13184,-1.8598088,-4.8992767,0.0904541,0.28066087,-1.7418604,2.2507286,-3467858.0,-869193.44,6427159.5,93488.055,-0.033280786,-0.04468895,-0.028225547,2787.102013730124,2408.940081240652,87.80643571916688,0.3781619324894716,2311.841568471856,3769.523979856562,2196.803503660375,2892.7333297554133,63.94921818536292,99.24828475082168,0.0176172249662085,1.3589428654285134,3,0.05166457
2024-03-09,294.468,292.85278,298.2168,296.98813,293.5078,303.39795,1.2572385,-3.550537,4.846283,-1.6820186,-5.3108883,1.526516,-4172560.8,-865027.56,7757590.0,93172.28,-0.040043768,-0.05482751,-0.033002254,2981.964499643467,2534.329259099843,86.52417373669137,0.4476352405436236,2385.63669454116,4297.38538522694,2290.8483976565726,3174.3498397223807,63.23564839569431,98.43007978239876,0.0399186378240237,1.4924107300883238,3,0.07336271
2024-03-10,294.72256,293.05994,298.64404,296.76797,293.82434,303.36646,1.2526714,-1.9215851,3.986349,0.24291873,-2.1209574,4.92771,-3980203.2,-988807.5,7572395.5,93179.96,-0.03819773,-0.052012436,-0.031935204,2935.22470356966,2574.4679788932103,88.83032249288205,0.3607567246764493,2432.6611091623868,4289.629027853618,2320.4614554303885,3256.0765844596945,65.89660691853463,98.4682480209945,0.0386043328599812,1.324881457449304,3,0.070935994
2024-03-11,292.45776,289.98596,295.99915,295.12988,292.31482,299.68182,-0.86194533,-2.2166862,1.5913887,2.335155,0.8386078,4.0070944,-4209424.0,-1117202.2,7365428.0,93501.52,-0.04039754,-0.055095475,-0.034100022,2653.147572822892,2238.766087028222,85.78054907738682,0.4143814857946701,2215.4882620770454,3462.299299150178,1913.7643456979329,2778.316914099166,57.781878762540565,99.10944922068258,0.0202134051713051,1.3982850142107448,3,0.031119734
2024-03-12,291.6227,289.67578,294.74512,293.86755,289.86975,299.6637,-1.437684,-3.3061743,0.56547356,1.4714869,-0.43892384,3.5886803,-3720973.0,-1211209.9,7574424.0,93594.69,-0.035709914,-0.050491616,-0.030142568,2468.5534365587414,2125.4589998076376,87.84435944007531,0.3430944367511035,1899.703738683031,3458.6013904504084,1876.437068873744,2574.107466127522,63.01039465987878,99.73855989757094,0.0051197681827518,1.2793230046155513,3,0.0065577766
2024-03-13,293.04166,291.21173,296.17615,295.7377,291.6975,302.2334,-1.1570143,-3.6604624,2.1491547,0.6695986,-2.210205,3.298972,-3927036.2,-1109281.1,7666870.0,93464.26,-0.037687488,-0.051837344,-0.031779114,2775.769268360949,2324.7232591911966,85.75257611150484,0.4510460091697524,2131.7011918742987,4018.581448805394,2067.7356387418386,2808.2537471028218,53.638851704488246,98.509101761091,0.0320577046488892,1.8512424670551149,3,0.004218763
2024-03-14,293.98032,291.11206,297.7693,297.35934,292.81628,303.73267,-0.2622305,-2.807663,2.6769257,-0.13372128,-2.6266766,2.6140924,-4401574.5,-1119551.9,8827427.0,93349.336,-0.042241596,-0.054878976,-0.03125847,3073.6783866799647,2461.562092051448,83.56378950366647,0.6121162946285167,2285.66527540924,4380.578304694235,2054.8218183536706,3090.67664524689,47.76276760273301,99.48227161378308,0.0121353337335681,2.256521514496077,3,0.0016677922
2024-03-15,294.04855,290.8213,298.79517,298.65323,293.1222,304.0053,0.52361137,-1.970499,3.7487793,-0.61576384,-3.0165796,1.7944641,-4502331.5,-778545.5,9062783.0,93149.98,-0.043208558,-0.05809883,-0.03304122,3319.3046561010765,2478.225449061324,78.68664408633592,0.8410792070397526,2329.4264516918934,4449.377917704207,2017.5517311055887,3285.4219064650133,47.17253442088715,99.8828984289118,0.0030276022932021,2.321106906018005,3,0.0015795465
2024-03-16,293.6227,290.98853,298.9391,299.40457,293.03503,305.6306,0.7356658,-1.5842896,3.1243896,-1.1639217,-2.5562878,1.3535938,-4533086.5,-603435.7,8629597.0,92973.43,-0.04350371,-0.05901821,-0.036349438,3471.429610282415,2413.245287390441,72.80827205036475,1.058184322891974,2316.8839404684268,4879.399187542,2038.914284887273,3313.583462420812,46.059025629480026,94.78996646990808,0.1604532791550086,2.4535607156809744,3,0.00029550647
2024-03-17,293.9258,291.34668,298.94617,299.33624,294.17517,306.14,1.4865508,-1.2769775,3.932312,-1.3969755,-3.1912785,1.8073092,-4794975.0,-694105.25,8927392.0,93063.68,-0.046017032,-0.06598909,-0.038852017,3448.9440713411,2455.27840250374,73.33947407618041,0.99366566883736,2485.729386271929,5021.424732721754,2085.333844103014,3314.974279522652,50.57412490493342,95.64239863265476,0.1228360688413904,2.301672648421353,3,0.013658017
2024-03-18,295.15726,293.23535,298.8496,297.13748,293.60242,302.0124,0.3283628,-1.9310627,2.8337178,0.12670065,-2.0308352,4.247363,-3690960.2,-873526.56,6881541.5,93166.93,-0.035421886,-0.047406223,-0.030204512,2995.020572784569,2642.635150959752,89.28421091786358,0.3523854218248167,2399.607170475569,3967.4916821838574,2345.7994768638546,3296.050336221108,62.27617588912231,99.1439522925976,0.022849056210382,1.496610192332957,3,0.22793175
2024-03-19,294.91928,292.74548,299.14038,297.05304,292.82324,302.8376,-0.1597957,-1.8698578,1.5562744,0.24952026,-1.6147614,2.725822,-3948725.8,-1056918.9,7791678.0,93110.125,-0.03789564,-0.049893748,-0.030193102,2996.6795125785898,2606.1032027410133,88.83290944509673,0.3905763098375763,2286.652567774493,4161.191641102193,2275.640386917893,3353.325432433614,59.40186606777726,99.76446480635477,0.0054984502066968,1.6797524631056773,3,0.07561254
2024-03-20,295.36908,293.286,299.5055,297.69016,293.57666,303.05548,-0.08381611,-2.1030064,2.029827,-0.2829117,-2.4660883,1.9415045,-3884358.2,-972005.3,7391592.5,92901.23,-0.037277915,-0.04956335,-0.030068494,3109.650599303829,2678.682231825207,87.9244651466372,0.4309683674786221,2395.7965061757027,4213.695772128563,2353.162015337152,3426.4749996383757,59.27704364624893,99.80527958088145,0.0047074429825447,1.645044614829187,3,0.060277037
2024-03-21,294.3961,292.52527,299.15405,299.46176,295.32605,307.77637,1.9620776,-1.0014801,4.7523346,-2.105894,-4.8145494,2.8535008,-5278683.5,-368815.03,8592213.0,92878.65,-0.05065915,-0.07014461,-0.043441646,3473.498713805556,2524.8930514244707,75.29812026697368,0.9486056623810852,2667.011352841352,5502.310050241823,2244.7056889678447,3356.0397562047237,50.10380898412556,96.01455139103024,0.1167361045523121,2.6580784080839392,3,0.019858947
2024-03-22,292.7647,289.5653,298.59033,293.8264,290.37695,299.42053,-1.2529414,-3.513853,1.3438053,3.2875166,-0.9312086,5.916689,-3043221.8,-204927.95,2519550.2,93424.69,-0.029205581,-0.06290431,-0.020962575,2445.4567312825343,2293.141916026692,93.67722610904448,0.1523148152558425,1961.7449078042357,3409.3298506424885,1863.2980004536328,3245.702264995057,81.81644258997534,98.89313546588366,0.025718571158211,0.5053239094257492,3,0.20907138
2024-03-23,289.45267,288.12555,292.66455,290.99722,289.52478,296.06665,-3.478318,-5.822934,-1.5762424,2.7915742,0.62564087,4.5310135,-3566650.2,-111274.414,2700098.0,93744.38,-0.034228887,-0.07106486,-0.023008976,2044.7543994148853,1851.777810294411,90.83519024496628,0.1929765891204745,1858.498234044558,2789.701064770247,1699.3074771398342,2264.228173508198,76.78532259723647,97.20318840375153,0.0529908942668223,0.6468497048097738,3,0.13571577
2024-03-24,290.19138,288.66406,293.7173,292.1144,289.4131,297.4513,-2.1060042,-4.0236683,-0.7205334,1.0613557,-0.19892883,1.9812775,-2806797.0,-404524.62,4053418.8,93558.37,-0.026936632,-0.041293606,-0.019768126,2205.042800387912,1942.2278670823384,89.1055747235926,0.2628149333055734,1845.3261591388912,3032.398890618714,1759.0946756754963,2416.6664376620947,68.92811385841757,98.91173713992455,0.020545631164289,0.854326195772617,3,0.23806791
2024-03-25,291.3041,289.58252,294.80756,293.56128,289.71033,299.01056,-1.0553771,-2.25449,1.0601816,1.3910388,-0.97753906,3.5154161,-3358764.8,-1151947.9,7057955.5,93305.22,-0.032233827,-0.042565506,-0.02685516,2421.4865932011844,2082.9393363281583,87.84009124809148,0.3385472568730258,1880.562427101298,3327.646974177957,1865.3397490982836,2583.9548582602674,62.06377113998422,99.71910357897788,0.005593451810847,1.207697612078783,3,0.020456722
2024-03-26,291.3397,289.34277,294.9425,293.44226,289.62634,298.47552,-1.1220981,-2.6399822,0.5734768,1.587121,-0.49981803,3.7207355,-3345826.0,-1248715.5,7436289.5,93404.12,-0.032109655,-0.042933926,-0.027516015,2394.55443370498,2087.5489808797947,88.46983022943947,0.3070054528251855,1870.5471228021336,3223.624052241244,1837.0763790966143,2605.3507927928067,63.76440971543264,99.71795591224311,0.0058088180823529,1.1086942218243134,3,0.01752206
2024-03-27,290.67038,289.305,293.88293,292.57297,290.2848,297.41418,-1.9198009,-3.835064,-0.69882774,1.3803393,0.10935098,2.387349,-2401382.8,-563778.44,3874261.0,93586.87,-0.0230459,-0.0423302,-0.016801445,2260.238573627226,2000.5847730145524,89.2103233565706,0.2596538006126737,1950.3409185930293,3025.6610286676296,1832.6569580459604,2441.4545645045323,72.41084415508936,99.4036211241212,0.0125159938957026,0.7749938255396155,3,0.024757903
2024-03-28,291.6344,290.1173,295.51685,292.35382,290.58447,296.5901,-1.0675744,-2.5358658,0.27731323,0.65668696,-0.43171924,1.8243935,-1432492.6,-181515.86,1925181.6,93667.73,-0.013747532,-0.026644401,-0.009100596,2226.616632661106,2126.848850952951,95.6553902830948,0.0997677817081551,1987.637446132719,2879.369951466193,1929.7663873185347,2698.1580902586734,86.04624299635702,99.48803223818048,0.0103296117626389,0.3429355607388042,3,0.24908909
2024-03-29,291.6716,290.36414,295.08618,293.8362,290.47302,299.7757,0.6266946,-1.0773764,2.2751923,0.06749877,-1.3724022,2.3983972,-2933671.8,-817017.94,5761028.5,93588.84,-0.028154239,-0.038113825,-0.020387504,2463.474112847709,2130.8560670063343,88.46085035577028,0.3326180458413745,1973.6945594456304,3481.5040815249563,1960.155424014299,2628.3010376776483,64.97063274814785,99.77328045226976,0.0047028137010056,1.1062567268346362,3,0.047175378
2024-03-30,291.89966,289.985,295.12,294.50485,291.22656,299.55273,0.63751954,-1.8250475,2.5200157,1.1804136,-0.6086942,3.958578,-3668034.0,-1020428.2,7322734.0,93410.07,-0.03520186,-0.04555748,-0.028185299,2559.2346483968563,2161.44367947818,86.2058599394972,0.3977909689186763,2069.663369712229,3436.0408632578888,1913.6458094034365,2633.7279236992526,59.25738156963239,99.66316683027124,0.0072547409813741,1.3444585322798084,3,0.013212033
2024-03-31,290.65225,286.80286,295.45605,294.39117,288.71277,300.74927,-0.1964825,-2.2603865,1.1582336,0.285651,-2.1493378,2.5070174,-3914720.0,-1028658.25,8229264.5,93324.195,-0.037569292,-0.04897825,-0.028018428,2578.061758262155,2005.9817773114976,82.20429706425688,0.5720799809506569,1764.5922646524416,3686.239344009848,1559.9808044272372,2688.1997665581657,44.5320236197348,99.77939217900634,0.0045743551578739,1.9905578911024573,3,0.0011437279
2024-04-01,289.95834,285.5979,295.42505,294.2027,289.23987,300.875,-0.81573105,-2.795455,0.57702637,0.2082278,-2.1745472,2.467109,-3641142.0,-775603.5,7500874.0,93263.01,-0.03494378,-0.04871122,-0.029017223,2540.626854217501,1924.7140070822109,79.75141402431768,0.61591284713529,1825.0609246304105,3713.431979910872,1441.9120279919457,2683.133032924709,40.6117864393573,99.55555137393505,0.0095067274443731,2.1343166425860582,4,0.00010434857
2024-04-02,291.26822,288.59448,296.41602,295.2816,291.18457,302.18982,0.10932663,-2.301468,3.1031494,-0.43750235,-2.7863493,1.354372,-3228135.8,-565420.6,6376666.5,93149.836,-0.030980187,-0.043201372,-0.025647568,2703.866281733284,2081.093300957796,80.28414120980052,0.6227729807754881,2064.2095188190046,4008.4621985407366,1751.2671029052592,2849.2739665092586,49.13261054328959,99.6486057785591,0.0076850088964597,1.8602926171635883,4,0.01844778
2024-04-03,292.3253,289.84082,296.29248,295.36172,290.29285,300.79553,-0.5939905,-2.1285543,1.0083523,0.954288,-0.9330292,2.5620441,-3328056.2,-961200.2,7162847.5,93261.77,-0.03193912,-0.04184541,-0.025353452,2705.3131067150466,2222.051919526167,84.22981591909966,0.4832611871888799,1951.335495207667,3696.224880099156,1896.2175008374743,2828.082979082663,54.95944671705367,99.90608628770671,0.0020087622167593,1.617401564353146,4,0.00458324
2024-04-04,292.87772,290.19177,297.2113,296.10648,291.47668,302.524,-0.7227215,-2.6923218,0.9660492,0.3700086,-1.4544563,2.9998538,-3712785.2,-905949.7,8142599.5,93396.195,-0.035631336,-0.046970624,-0.026161402,2856.5822056250545,2301.216154159802,84.23136869524905,0.5553660514652525,2102.4115696854383,4086.6292261048616,1938.8902909442932,2989.055557346548,48.14089275899693,99.52408410845952,0.011097764244525,2.1192894329078937,4,0.0010832628
2024-04-05,292.3881,288.22632,296.13135,295.91632,289.77844,302.34668,-0.8618643,-2.8314667,0.8286352,0.57144505,-2.0877075,3.4940183,-3787406.2,-871027.5,8685147.0,93411.44,-0.036347467,-0.04925929,-0.028791815,2815.9255072032506,2235.0941112243486,82.87866431184774,0.5808313959789024,1888.7198827595528,4044.990225944503,1710.3572368490188,2800.6500532601644,42.68886197079903,99.82338722580262,0.0035947903655812,2.3129274777756748,4,0.0001393973
2024-04-06,291.11072,288.07617,295.17133,293.76633,289.5912,298.8756,-0.8631249,-2.9687195,0.7763262,1.8271068,-0.19906563,4.0999565,-3357251.8,-1195635.4,7622670.5,93469.57,-0.032219306,-0.04514513,-0.02791656,2446.3196943791822,2061.142320644085,86.0162852340534,0.3851773737350969,1866.36860779192,3301.136846038007,1693.9159856231022,2641.9849776503875,56.74160906358602,99.60435417165144,0.0083470543829348,1.362481409542042,4,0.008854088
2024-04-07,291.1893,289.22253,294.78394,294.20612,290.64087,299.3733,-1.9170221,-4.572418,-0.22445679,0.85963887,-1.1163368,2.7050009,-3968928.0,-1167170.2,7380258.0,93527.305,-0.038089518,-0.052192803,-0.030301733,2518.358362360265,2068.54935154386,84.28387218244198,0.4498090108164045,1994.7257932102136,3399.8290412143238,1823.0437818421456,2580.2257228779645,55.04749992158386,99.44375909378928,0.0115028706730395,1.50409805554193,4,0.04894027
2024-04-08,291.6349,288.87122,296.34973,294.87683,291.45398,300.79053,-0.2722666,-2.6047058,1.8032684,-0.84437966,-3.190525,1.3077652,-2336510.0,-292686.28,4522919.5,93364.74,-0.022423321,-0.037569895,-0.018636648,2620.96614875566,2130.686916836747,83.26399090477874,0.4902792319189128,2099.4201610611635,3695.143511916516,1782.58130512335,2837.886481205395,57.123907456055576,98.60541326850806,0.0311795522188149,1.411689907732824,4,0.028038861
2024-04-09,291.9299,289.92725,295.766,294.92886,292.2876,300.0255,-0.050838243,-2.1766605,3.7275543,-0.8112352,-3.2625895,1.571579,-3049976.2,-410910.25,4994901.0,93304.25,-0.029270403,-0.038629487,-0.024505,2621.313485128044,2167.1292642939675,84.09543396322724,0.4541842208340758,2211.7334628026106,3533.067113708456,1906.648807348741,2739.309679893938,59.93465555274813,99.0031832310368,0.0232895352161317,1.352856442852942,4,0.32514134
2024-04-10,292.11032,290.3004,296.3015,294.80923,290.44263,300.2503,0.14103432,-1.6812534,2.2594147,-0.101441644,-1.9812012,2.345045,-3222865.0,-797344.2,6939897.5,93213.98,-0.030929605,-0.04167811,-0.025434768,2614.177195303097,2191.2505470508586,85.75122018009603,0.4229266482522381,1969.9068969862485,3580.0342543229945,1952.2702003073416,2829.6278269687614,59.69251148570583,99.8842037208223,0.0023879866154202,1.3240792309493428,4,0.027351476
2024-04-11,292.89978,291.375,297.1322,294.3077,291.4834,298.80737,-0.9917807,-2.691451,1.102704,1.072235,-1.2538681,3.4058657,-2877782.8,-1114071.5,6213892.0,93361.79,-0.027617875,-0.037062623,-0.02408833,2521.815793626763,2301.843275802278,92.06216148072872,0.2199725178244841,2103.296842588976,3287.802352074776,2089.0436496348143,2974.8887714089506,72.07627087652837,99.48965730048928,0.0112362603863202,0.8921810664445166,4,0.011614531
2024-04-12,291.75424,289.9933,295.72913,294.1913,290.89612,299.25256,-1.902288,-3.5332909,0.049084663,1.2091615,-0.07945633,2.4512932,-3356102.0,-1050695.4,6900296.5,93575.29,-0.03220827,-0.042623807,-0.027490336,2514.8907721266182,2142.3654048900858,87.17929482557848,0.3725253672365328,2027.085879828976,3375.654283055528,1914.653573568923,2733.186173330995,59.546256011007486,99.76607343025309,0.0049284990827886,1.331489580547112,4,0.006436944
2024-04-13,291.9216,290.28564,295.86133,294.69287,290.37122,300.56305,-1.5358514,-3.6333008,-0.5302887,0.4450589,-1.4011469,2.402321,-3300452.2,-826462.56,7269982.0,93506.99,-0.031674206,-0.043016773,-0.026222287,2603.8917893129537,2165.9665113534797,85.67860458193967,0.4379252779594746,1961.0332846569331,3646.284846861919,1950.446382875211,2755.2013946201923,57.26383943677475,99.74933521102882,0.0052917877867976,1.4697386335178997,4,0.0035320665
2024-04-14,292.86038,290.30127,296.56604,295.00696,292.53613,299.66345,-0.6194933,-2.7625275,1.0316315,-0.050128534,-1.8989096,1.9496918,-1953863.1,-374439.75,3856941.2,93374.47,-0.018751087,-0.028991522,-0.0155943185,2627.311876179664,2296.928494292004,88.36001732954708,0.3303833818876597,2246.223147825284,3458.551610537688,1952.3757562358437,2875.195731681735,63.29330673370581,99.39777927072744,0.0141280643885775,1.1502792581075865,4,0.018368881
2024-04-15,293.12668,290.771,296.47546,295.39163,292.89294,300.22583,-1.0012256,-2.9186096,0.20968628,0.0014329776,-2.2097673,1.9400616,-2286326.0,-316255.28,3930288.2,93430.086,-0.021941708,-0.031162055,-0.01774792,2694.18638765564,2334.357694568658,87.98660388197187,0.3598286930869808,2296.5634785289785,3574.8942069918144,2011.165939507399,2859.5210670291003,60.92756143943897,99.56085458569017,0.0103622352089428,1.3268883595154612,4,0.064810775
2024-04-16,292.74762,289.94604,297.68506,296.46054,292.01257,302.26538,-0.009417082,-2.0822296,2.4552307,-0.7589956,-3.478116,1.3304443,-3343593.2,-470259.28,6337348.0,93463.56,-0.032088224,-0.042154707,-0.023730285,2899.631596680842,2283.3427329872866,81.80536440574693,0.6162888636935556,2174.1103007650204,4026.0220828382576,1908.924428877671,3075.145689737485,51.33319481088364,99.75966010711832,0.0057014355281257,1.8280718910157732,4,0.020489376
2024-04-17,292.85233,290.06775,297.64075,296.35568,293.063,302.66394,1.2211329,-0.34822083,3.4340515,-0.71174335,-2.7134771,2.8789344,-2527437.0,-138821.64,4014828.2,93309.4,-0.024255633,-0.035396487,-0.0194372,2858.3144753818124,2297.516864037088,81.54938395889045,0.5607976113447244,2320.9002095227124,4119.7597936517805,1923.714685454632,3067.002505275869,60.45200456033251,97.52082306726057,0.0578939434041271,1.470366760860894,4,0.04623115
2024-04-18,289.8182,287.33093,296.61572,291.83798,289.51038,296.97522,-1.0999162,-2.5316334,1.7037841,2.848895,0.6045275,4.853537,-2874799.2,-367079.38,2682600.2,93507.62,-0.027589245,-0.051282562,-0.018582975,2157.3589534668963,1907.8802265115185,88.33147628646866,0.249478726955378,1856.79491230884,2946.94778361447,1614.351295032788,2883.825469391132,72.04393643640756,99.60275993316692,0.0091911374096462,0.734596464763288,4,0.1510502
2024-04-19,285.74835,281.4485,290.43262,289.8123,285.23413,296.12415,-1.5529757,-3.2149658,0.49225235,1.3287002,-1.7360611,2.9865246,-3407932.0,-1027871.7,7237312.0,93653.51,-0.03270568,-0.049019504,-0.025162341,1919.4084822385776,1464.159725724414,79.28549441137817,0.4552487565141634,1407.8500974657109,2799.429344920225,1093.2677562268125,1968.66095273778,46.68227960513679,99.91240187211368,0.0013230630160521,1.3382199213826351,4,0.008032154
2024-04-20,287.5743,284.78943,291.83826,290.75046,285.90552,297.42517,-1.7547601,-3.6376495,-0.583725,0.8177971,-0.5839691,2.2336578,-3227469.2,-923966.0,7719484.5,93719.22,-0.030973792,-0.04502268,-0.026096888,2056.048251289281,1648.6952764416317,82.84630024617746,0.4073529748476494,1471.2803182486982,3027.6544237326434,1367.174269305376,2150.555845533133,53.007903113742046,98.94712212692193,0.0169629321190254,1.4227583001815187,4,2.8887238e-05
2024-04-21,289.2001,285.7273,293.67334,292.66052,288.48328,298.7379,-0.628188,-2.4987164,1.6194458,0.029915258,-1.7727327,2.3471718,-3378453.8,-1046141.94,7775490.0,93582.875,-0.03242278,-0.04360596,-0.025271147,2308.309954003332,1826.415562773558,82.59784879392777,0.4818943912297744,1738.820302838498,3274.277716935589,1454.2018406503234,2410.1275251282127,44.72745151034504,99.6933573895442,0.0064278169845224,1.7980291294362714,4,0.00020441998
2024-04-22,288.54434,284.52417,294.71216,293.44553,286.67493,300.11548,0.4571168,-1.597002,3.0924988,-0.84331346,-3.0805597,1.3994693,-3464323.0,-707468.5,7920950.0,93384.97,-0.03324686,-0.047638446,-0.027323877,2442.330420522561,1758.9316278353217,77.2972890156753,0.6833987926872389,1547.054308560353,3551.799135449799,1343.4078939131375,2568.922704728502,40.56439272665836,99.93388022138195,0.0011011713966358,2.07222808680683,4,9.526972e-05
2024-04-23,288.09372,284.13037,296.15356,294.30875,286.80054,302.78455,0.7276695,-1.7916679,2.9402008,-1.5038711,-3.3817863,0.71603394,-3521074.0,-410967.25,7431502.5,93345.9,-0.033791497,-0.04856262,-0.028151864,2588.0557907786724,1706.656662131063,70.49449779465137,0.8813991286476092,1559.745606542746,4148.497961816365,1308.796129676211,2804.418565689702,42.3890832946944,98.10678452531198,0.0393937333612866,2.1121209454657337,4,2.8277864e-05
2024-04-24,288.58292,283.9419,297.2046,295.28583,287.93262,303.66357,1.0831977,-1.0608797,3.5158844,-0.59452826,-3.4495678,3.23162,-3661389.8,-388090.66,7443380.0,93343.625,-0.035138097,-0.050304536,-0.028999899,2733.2551076719105,1769.8296574136982,67.90384090417552,0.9634254502582126,1678.3266997679427,4363.29160719634,1292.5104694360984,2987.8508405040134,39.94157506649222,99.50370447160044,0.0118506993509322,2.3053129646425723,4,2.3240516e-05
2024-04-25,292.30704,290.91943,296.6986,294.21103,291.62646,298.37585,-1.4639505,-3.2453766,0.8943968,0.88640755,-0.9592012,2.6479187,-2011394.6,-626821.75,4096711.0,93496.52,-0.01930321,-0.02776724,-0.017181356,2503.881845393102,2217.276183556021,89.56750069487009,0.2866056618370812,2122.2391565171206,3204.563377608348,2030.0646266036777,2898.272984888906,64.60518928214994,99.37581492321486,0.0141133679555277,1.1342491418380174,4,0.005470295
2024-04-26,292.14075,289.9214,294.96014,294.6304,291.72717,299.89172,-1.6249671,-3.9209585,-0.010026932,0.5318701,-1.6371336,1.8735311,-2552851.2,-843704.2,5222651.5,93504.49,-0.024499532,-0.032015633,-0.01953922,2581.6431332419093,2194.5169860276114,87.01689259729635,0.3871261472142979,2135.662781871873,3505.370215617738,1905.940010155913,2608.1588983658003,54.60070871855616,99.39025089463568,0.013597016990514,1.5914132346812728,4,0.008915128
2024-04-27,291.4711,288.62036,295.92773,296.12814,290.6421,302.4287,0.5158556,-2.2119598,3.0518847,-1.4941915,-3.9697628,1.1059074,-3234366.0,-648044.7,7277319.5,93276.99,-0.03103998,-0.04227399,-0.022106837,2867.625006565888,2108.208074931601,77.90362258203801,0.7594169316342856,1994.8794658171853,4064.20827122016,1754.1748260293891,2766.318314783411,45.7830129389828,99.53979989605698,0.0098832701016881,2.1998892100203413,4,0.00082574226
2024-04-28,290.44037,288.16113,296.81494,296.70694,291.24915,306.0487,1.3936013,-1.4545984,4.051071,-1.7857367,-4.3547554,2.4754038,-3711788.8,-146098.48,7134468.5,93201.945,-0.035621773,-0.05272319,-0.026994377,2959.347413677755,1977.439330896453,69.3759742150047,0.981908082781302,2072.601628739332,4995.705265709059,1703.2021683273272,2918.6574483960044,43.92290258128669,95.71724740758938,0.1083409272539638,2.623878219341062,4,4.3740147e-05
2024-04-29,292.63083,289.18677,297.00586,296.00534,291.5287,302.28906,-0.7899948,-2.8471222,0.4375801,-0.18582308,-2.6311169,1.456645,-2750393.8,-817349.94,6158843.5,93383.82,-0.026395332,-0.035418466,-0.0194665,2828.8338393138943,2266.427390767504,83.62472225901577,0.5624064485463901,2109.2769649587394,4031.539306483732,1818.8878418243928,2952.383158319841,46.36715338153019,99.73743443410014,0.0057319192240697,2.138141826290774,4,0.0020028735
2024-04-30,289.8179,286.1494,297.54077,296.79614,289.66968,303.761,0.29271013,-1.7148409,2.0739288,-1.3085963,-2.8035145,0.99689674,-3343157.8,-478856.25,7386954.5,93366.586,-0.032084048,-0.046039566,-0.025987811,2984.577144351728,1916.2032411367093,68.04307935217923,1.0683739032150184,1875.7090342770025,4387.681260991385,1494.9382410858736,3048.699147910079,37.14549462012419,99.24920971630056,0.0199772667812044,2.594617429141734,4,0.00023909815
2024-05-01,288.95053,285.60693,295.34155,296.5225,288.7473,304.8689,0.6865491,-1.6891785,3.0550232,-1.6567017,-3.3468618,0.4445219,-3472929.8,-465068.62,7449020.5,93264.28,-0.033329457,-0.051008448,-0.026065193,2948.541649597008,1803.0167016877888,64.99991864750517,1.145524947909219,1768.500708844386,4673.556146579802,1442.7670161901756,2669.5303376485745,38.39049365709602,87.65569887513841,0.2589766462645268,2.6066848298042964,5,1.6698059e-05
2024-05-02,287.49118,284.0044,294.4336,296.71854,290.15967,306.91223,1.6619841,-0.586853,4.3962336,-2.9126062,-5.0179243,-1.5659637,-3878600.8,-122035.96,7430185.5,93006.68,-0.037222654,-0.060817994,-0.026831372,2985.8310294626067,1639.8557503089942,58.22636682356679,1.3459752791536124,1934.951905230841,5243.593044539677,1297.8909869699469,2525.466196064687,35.04171134777541,83.91247394385209,0.3296051518314682,3.318270176845666,5,1.1940298e-05
2024-05-03,289.02505,286.2312,295.87695,296.39145,289.7483,303.17126,0.017975062,-1.9452639,1.7611084,-0.8463891,-3.6605377,2.9759216,-3112487.2,-335953.47,7120360.0,93161.19,-0.029870316,-0.044711515,-0.02385585,2905.4558692318224,1811.8131081604288,65.07694381984145,1.0936427610713937,1885.1051382378248,4241.82949866598,1502.9462260673974,2757.8136139193284,37.540745911583095,99.1179168543246,0.0200567641272068,2.5989399530582515,5,3.1502903e-05
2024-05-04,289.90918,284.19336,297.06372,296.45154,290.39136,303.6952,-0.23352222,-1.8326035,1.7667694,-0.9666191,-3.3652058,1.562937,-2997133.8,-542790.3,7183438.0,93419.1,-0.02876328,-0.042788707,-0.023637027,2941.4194516789084,1928.3912661210727,71.26765917923788,1.0130281855578354,1963.5325359664437,4371.194552408668,1314.2789240727172,2962.671509855756,31.24046855784466,99.52736804218628,0.0106487355060103,2.9636663511106818,5,0.00040068146
2024-05-05,289.07935,282.86426,297.3601,296.24216,289.63647,303.36487,-0.46520624,-2.0761213,1.8501949,-0.6985834,-2.5180702,2.197281,-2889494.2,-519382.28,7227009.5,93605.914,-0.02773027,-0.043646775,-0.02222391,2895.272403468134,1838.4459974548488,68.32571041975454,1.0568264060132848,1871.7528727163008,4289.238527060692,1202.7803066550543,3015.865827651968,29.00829335763132,99.53217672799198,0.0114573647508746,2.998594016759225,5,3.5986064e-05
2024-05-06,288.2485,282.41162,296.51685,295.38736,287.135,302.73743,-0.42500272,-2.2827883,0.9097252,-1.3549238,-2.8865805,1.125473,-2887657.2,-637975.94,7343802.0,93483.47,-0.027712641,-0.044886023,-0.020341778,2764.7076286074785,1737.670389488082,68.90926188253353,1.027037239119396,1593.9876882175315,4137.249541595748,1166.760703636396,2866.6730947614133,28.717178688694425,99.62781819776528,0.0089343994883097,2.9140192130181224,5,1.3816445e-05
2024-05-07,288.2616,285.41846,295.29077,295.84293,288.06152,304.26355,0.100912966,-2.3928223,1.4244581,-1.5673035,-3.4229584,0.7488365,-2825358.2,-557483.94,7172281.5,93329.81,-0.02711476,-0.047170296,-0.018710332,2841.6792061314604,1723.8134796600282,64.9605335765558,1.1178657264714318,1692.3194285503002,4515.40979719072,1425.020026383754,2661.2869351404065,35.40344700845441,91.59374631759404,0.2078744789229797,2.6584984729454435,5,1.0900951e-05
2024-05-08,287.99802,283.8147,294.82983,296.49423,290.68823,304.9558,0.7290872,-1.5201864,2.4742126,-2.6873558,-5.110464,-0.44029236,-3008009.8,-575701.4,7141572.5,93311.69,-0.028867655,-0.051361077,-0.018770553,2930.999612338096,1697.4094185535084,61.84260153609929,1.233590193784588,2000.69592129566,4696.654153656134,1281.6209656568378,2587.476328976976,31.5381349121525,86.90396622628282,0.2620118135622618,3.068752440173021,5,7.736682e-06
2024-05-09,288.428,284.98682,296.5066,295.6541,289.27417,305.58154,0.48182675,-1.9322853,2.0649078,-0.56982803,-4.1690207,5.5093236,-2760113.8,-498850.38,6864178.0,93524.02,-0.026488615,-0.05002301,-0.016521655,2785.851227312111,1752.0864245271175,65.98104359359095,1.0337648027849935,1829.0583777459933,4865.904052504604,1385.0992299125128,2864.8994527620307,35.55826295947998,99.20545683007622,0.0179714470295007,2.896870229993963,5,0.001937757
2024-05-10,291.2791,285.95264,295.64355,295.08282,291.72302,300.69287,-1.1929942,-2.9829102,0.85668945,0.47208512,-1.9687777,2.6955986,-2458352.2,-1099053.9,5807982.5,93496.125,-0.02359263,-0.036246862,-0.015714645,2659.328478072616,2088.253832750252,81.49140540799266,0.5710746453223641,2135.1080967415705,3674.09888278492,1475.8250024195954,2719.018537524847,41.03006735146753,99.5249228305948,0.0102609468408413,2.1211103615356617,5,0.03097232
2024-05-11,288.6843,284.0796,296.2473,296.00027,289.3706,303.89307,1.1688554,-1.380188,3.9167633,-1.3546892,-3.2592793,1.130209,-2570823.2,-820531.2,6697399.5,93275.99,-0.024672007,-0.03988876,-0.015936596,2850.825570852592,1786.3994921229971,67.54346193937494,1.0644260787295952,1840.3380325248,4420.940822288364,1304.3905806435864,2820.369813361609,32.97325230817864,99.8564705584156,0.0029356961768057,2.715379132151325,5,0.0018696925
2024-05-12,286.66602,283.36328,295.31738,296.1546,289.66187,304.96777,1.8945392,-0.69792175,4.0548096,-2.5223706,-4.085602,-0.7261667,-2912240.0,-430444.28,6929139.5,93116.69,-0.027948558,-0.054755747,-0.016114576,2872.606919077158,1555.128381281633,57.440705696739,1.3174785377955252,1874.7775122273029,4699.841151411104,1243.6246826179904,2665.604009285149,31.59471312915337,83.62842508508307,0.3069306049023086,2.953340385526937,5,4.6456494e-06
2024-05-13,285.16785,282.24268,293.96484,296.61414,290.9253,305.6858,2.7769966,0.11444092,5.58801,-3.17591,-5.861204,2.4384737,-3164791.0,253822.58,6732686.5,93074.07,-0.030372275,-0.06471216,-0.016456336,2945.769325051387,1409.5273902450715,50.20690227285824,1.5362419348063154,2030.813816335182,4894.611760915539,1153.5624143757311,2453.793791999901,30.803328448895844,73.89327056771397,0.5633337039718942,3.214802946112174,5,2.359308e-05
2024-05-14,289.79276,282.87915,294.3252,292.10434,289.17535,297.4845,-0.2847313,-1.829586,1.8811224,1.7590437,-1.7627125,3.887693,-1506240.0,-407740.22,2850940.0,93384.48,-0.014455278,-0.027208503,-0.0072549856,2196.354511214884,1899.0410977496192,87.39384290017682,0.2973134134652642,1817.563382897519,3038.4386312237234,1203.98189960505,2508.730846129279,44.67440213765675,99.57903236066036,0.0088530470265336,1.49103323656886,5,0.06653795
2024-05-15,288.4736,287.42163,291.59692,289.91776,288.52246,292.80792,-0.9555457,-2.4994135,1.0254793,1.7211843,0.30288696,2.995778,-1386515.6,-396069.03,1091201.1,93570.28,-0.013306292,-0.030811338,-0.0054752836,1907.3797571326247,1739.4908556276575,91.29679507758716,0.167888901504967,1743.197152667182,2284.479287278051,1623.855446658936,2118.315636692902,79.47713074130226,99.40696236252596,0.0105857514362246,0.4256297403018598,5,0.05574148
2024-05-16,289.2573,287.12805,294.56824,293.57602,288.56995,301.3225,-0.79599637,-2.9094782,2.5955658,-1.0516567,-3.440484,1.1133671,-2261411.8,-771190.3,5118131.0,93446.305,-0.021702606,-0.03342849,-0.01561925,2469.582086985368,1832.5747753250907,78.58921754159344,0.6370073116602771,1748.514167081137,3811.6437125635775,1593.2686701958207,2546.389673535204,42.94911095673642,97.35157255695404,0.0463081290465231,2.125786548789828,5,0.0044387123
2024-05-17,287.7269,283.67578,294.70288,296.22153,290.4021,305.58643,1.4340358,-0.9898834,4.140589,-2.6095142,-4.827426,1.6972094,-2836371.8,-136800.4,6465002.5,93423.12,-0.027220454,-0.0446542,-0.018452158,2888.4267591508888,1667.4537027830504,61.56137263885887,1.2209730563678385,1964.866613765989,4867.245393326877,1269.8206779846666,2567.464942211003,32.69142125547395,94.80454403056297,0.1276523322818866,2.967682824687522,5,5.2723935e-05
2024-05-18,288.6451,283.47998,295.96338,294.77637,289.6305,301.54163,0.26230913,-1.7945862,2.7342834,0.13267949,-2.2158375,2.8892183,-1979190.0,-653627.06,5747594.0,93531.71,-0.018994145,-0.028774558,-0.015749715,2616.138568559037,1781.7254304656162,69.87466330260388,0.8344131380934209,1871.0409618892693,3860.5534239461,1253.350961230213,2772.3016737336347,33.66787178882661,99.20406422115596,0.0181641903157546,2.5607872468327715,5,0.0052317963
2024-05-19,291.21756,286.57983,295.47485,293.6636,290.8744,300.25977,-0.054563403,-1.6370802,2.8382616,1.15333,-1.8023577,3.8925076,-1858170.4,-1030897.3,4645895.0,93595.65,-0.017832728,-0.026111547,-0.012900736,2427.914250668831,2075.397089280764,87.39473733111197,0.3525171613880676,2024.31333125548,3582.0227856101683,1537.5069587062203,2691.2758033060204,43.48734170375547,99.562979942471,0.0091838819534632,1.998020618904818,5,0.021403143
2024-05-20,290.9689,288.96802,294.35974,293.01245,289.99878,298.30896,-0.07089795,-2.3715172,2.4788022,0.6065634,-2.0229416,4.373698,-1600888.6,-856330.8,4183819.0,93602.805,-0.015363613,-0.02464041,-0.010313995,2329.037207084405,2038.3882009830172,88.76647671626392,0.2906490061013876,1915.320732699241,3191.8260202206056,1793.6506934706292,2514.053710554161,57.24615375386374,98.66672216937744,0.0267942126584775,1.345344878443883,5,0.020456294
2024-05-21,289.38818,288.03314,291.81482,291.7693,289.07556,297.5371,-1.8093243,-3.6790218,-0.5425434,1.1116356,-0.0832873,2.2161388,-1753944.0,-1185716.4,3624097.2,93865.73,-0.016832475,-0.031265806,-0.009947493,2156.863852922974,1844.210672428099,86.74284017616719,0.3126531804948749,1806.0192834757809,3048.030514110001,1689.2298652764016,2147.40600681333,56.566537428851255,98.28684588317608,0.0325463660740292,1.32386519250316,5,0.012386785
2024-05-22,289.56665,285.06567,295.50854,293.7845,288.67212,300.42548,-0.8974138,-2.9131927,0.4499359,-0.56786615,-2.3399172,1.2479057,-2033186.6,-841342.2,6110716.0,93777.68,-0.019512348,-0.031807102,-0.014277189,2485.113945784478,1872.921173881836,79.77106472784111,0.6121927719026423,1760.0030104204284,3617.011023372731,1392.3180230496616,2696.7964167911973,39.44049032800957,99.38289086084558,0.0147207615746333,2.1595526719380223,5,0.0007386027
2024-05-23,286.72305,279.82568,295.25098,294.37717,287.57703,302.5465,0.80390435,-1.7337532,2.93161,-2.3017426,-4.845052,1.1042976,-2389366.5,-643935.56,6536135.5,93495.1,-0.022930581,-0.03976368,-0.014570673,2581.297311186105,1586.1056899730604,66.3420584673029,0.9951916212130448,1640.2536142024996,4091.944995630156,978.6463049029238,2654.842557234354,27.96345659598152,99.72884898459176,0.0061547694331784,2.6347248898154785,5,9.4232644e-05
2024-05-24,286.18854,281.8252,293.15393,294.52353,289.27856,303.45557,2.1284373,-0.89546204,5.7521667,-3.5447197,-5.836383,1.8045654,-2781360.8,274417.56,5976509.5,93220.72,-0.02669252,-0.055140037,-0.014096221,2595.623389212103,1519.124064790736,60.28742272347157,1.0764993244213674,1829.5710627131573,4311.606981756207,1121.5114391659465,2334.0085236972272,39.35477118218734,87.46814333464303,0.2672213622854272,2.4088952601635203,5,0.0069733416
2024-05-25,288.14246,285.7107,292.4525,290.4078,286.67004,296.5558,0.18605371,-2.6342573,3.314613,1.0785271,-3.9548073,4.2167635,-1656482.4,-29211.135,2581731.8,93597.04,-0.015897142,-0.0342173,-0.007382713,1974.871380213356,1707.7311126827044,86.7015462939698,0.2671402675306517,1546.562804416105,2873.41747324542,1452.619893593092,2234.566991026634,71.59957275371927,96.5288202839468,0.054006806749003,0.7519002687545908,5,0.03270423
2024-05-26,286.92178,285.3899,290.24048,287.7066,286.20117,292.03113,-1.1501963,-3.111227,0.86417294,1.8716722,0.2588501,2.6975842,-1543477.4,-285160.28,858001.7,93894.75,-0.014812641,-0.03225702,-0.008590406,1657.02692429168,1574.505953342947,95.088494780318,0.0825209709487334,1500.0016040117362,2176.630781737215,1422.3472393775523,1944.8787037259335,84.21137877974714,99.61916094807724,0.0065077804184227,0.3436599894919179,5,0.29502237
2024-05-27,288.78162,286.80182,292.4724,290.3992,287.47253,296.0896,-0.80299824,-2.8282404,2.1009521,-0.92562574,-3.480051,1.6350708,-1846804.5,-246571.3,2760267.2,93723.164,-0.01772365,-0.024354694,-0.014157341,1984.6833955198224,1776.8094252650644,90.6603471478118,0.2078739702547578,1629.2110796556476,2793.580558678012,1559.8755804625991,2237.335822712256,75.30884708529143,99.54292950428282,0.0076476938904754,0.6123946323346868,5,0.31505486
2024-05-28,288.4399,283.12402,292.30957,291.19864,287.81836,297.03308,3.1507108,-1.2640438,5.9541006,-2.7363331,-4.540118,-0.030815125,-2082394.0,-406984.25,4126463.0,93497.52,-0.019984588,-0.029450187,-0.0140891,2075.054700462242,1741.095677997756,84.51956744792743,0.3339590224644863,1666.009238512779,2957.2195562773345,1223.8916371942562,2214.763807457139,62.42663835791903,98.166628547326,0.0362896753307884,1.07160249663723,5,0.021590136
2024-05-29,282.29782,279.9685,286.94788,286.89963,281.0327,293.1985,1.7722006,-0.99364567,4.429739,-0.1728832,-2.7839308,3.9590378,-2759866.0,-420930.78,6180630.0,93767.63,-0.026486238,-0.047233153,-0.019824842,1590.4458166516667,1161.5947935180875,74.78600808124072,0.4288510231335792,1062.8258831317237,2340.454387464946,988.2894687557078,1574.7489998662368,52.94443813596816,93.9371410980284,0.068427481932066,1.0057080496882018,5,0.00027436606
2024-05-30,283.40836,280.44263,287.72058,286.03354,280.49683,293.09875,-0.75768256,-2.4152927,1.6759796,1.2733442,-1.539978,3.3548536,-2027558.6,-1006162.25,5300680.5,93960.914,-0.019458337,-0.032839138,-0.014913692,1507.0856245013777,1250.6903891324278,85.18630750669053,0.25639523536895,1024.694511452209,2326.047834658441,1020.9060635305882,1655.531551882066,58.39929752487791,99.6842640758777,0.0034998821889548,0.825555001274118,5,0.00021391551
2024-05-31,284.8143,282.3723,289.05408,287.00046,283.2589,293.4242,-1.7310991,-3.883257,0.61955166,0.9665591,-1.3020325,2.738845,-1804037.4,-987211.94,4637014.5,94085.25,-0.017313218,-0.027810836,-0.013686674,1598.6136615480634,1372.409638215776,87.77780447752127,0.2262040233322871,1234.9824123953565,2373.348037447176,1163.6781697437798,1803.542397495872,56.90269303449235,99.55479776078587,0.0062431497957607,0.8813536340030133,5,0.0011832644
2024-06-01,285.08237,281.89307,290.95166,289.06418,283.87805,295.93042,-1.5810412,-3.2646856,0.18997192,-0.36736003,-1.8708782,1.9807634,-2322577.2,-657858.94,6097776.0,94088.04,-0.02228961,-0.031541996,-0.017217565,1845.2524812293989,1400.7857792930654,80.00427590906254,0.4444667019363333,1287.034664439357,2766.76872147355,1126.66795057678,2034.18817582522,43.7157883604486,99.35126857924456,0.0098329315644077,1.450588443124954,6,0.00034476363
2024-06-02,284.75586,279.68726,292.14185,289.85117,282.49268,298.27856,-0.14860933,-2.2317047,1.8556366,-1.1710358,-2.8424072,1.0653582,-2275990.2,-423275.62,6205689.5,93982.586,-0.021842515,-0.03216589,-0.016701553,1970.9450763179616,1376.8904944424337,74.63819032670264,0.5940545818755281,1173.1399854795309,3186.0530741973253,969.3792752630268,2191.7241375426743,42.66642917709806,99.63352719074624,0.0056609370555584,1.6703468382437283,6,8.810491e-06
2024-06-03,286.63535,283.7379,293.37183,291.40753,285.50732,300.60156,0.63423985,-1.8295946,3.2340546,-1.7313066,-4.055747,0.64619255,-2127958.8,-341874.47,5189420.5,93980.164,-0.020421868,-0.030230008,-0.01577521,2145.648281031454,1549.727649920568,75.28780637842186,0.5959206311108866,1433.3636762672156,3654.516955175725,1275.0867694913843,2365.6802335905063,47.9901312660171,94.76029709712704,0.0828456766716071,1.768665951131647,6,0.0004263795
2024-06-04,287.81967,286.08484,291.89136,289.1044,287.1582,293.7107,-0.75445086,-3.1816807,1.6380806,2.317187,-1.0501852,4.2789974,-1303593.8,-521359.66,2376217.5,94078.69,-0.012510496,-0.021244125,-0.008388371,1812.7687726031609,1669.289834003385,92.31251930005072,0.1434789385997756,1596.3864776408998,2415.684610107415,1488.6420833204418,2157.707206262753,74.52259101598388,99.66982941390307,0.0058396625465093,0.5252216177741457,6,0.054379966
2024-06-05,287.5223,285.60803,291.27258,289.96933,286.8546,295.01093,-1.7218987,-3.901638,-0.27774048,0.7099001,-0.6512276,1.937973,-1733783.9,-614984.06,3697980.0,94029.375,-0.016639,-0.02306567,-0.012422812,1931.8189215011216,1637.3272746581415,86.44742232789723,0.2944916468429798,1565.2375581673075,2616.257947954145,1442.871031688937,2075.6549378141444,55.64062962703769,99.6316523567671,0.0065160131341795,1.150325776759464,6,0.0111824125
2024-06-06,287.04642,283.73218,293.21875,290.01782,284.36804,297.52258,-0.17214793,-1.7395897,1.1025915,-0.3151192,-2.196167,2.1423438,-1938433.1,-740187.5,5286176.0,93887.44,-0.018603006,-0.026441762,-0.0123513425,1978.424333240573,1594.613067302408,85.26939689582852,0.383811265938165,1329.5901776715104,3045.3795306872657,1274.5997040720565,2343.391092986318,43.50655427418573,100.01277011906292,-0.0001899982298677,1.676750985504305,6,0.00089589873
2024-06-07,287.30698,283.46777,293.30493,291.4741,284.70898,299.01355,-0.6127361,-1.644496,0.8620882,-0.44754505,-2.7478027,1.453058,-2083965.0,-482478.0,5762178.5,93951.805,-0.019999664,-0.027481915,-0.011915398,2158.4643013742366,1622.5080020316177,80.10319698825515,0.5359562993426191,1359.9278709346356,3328.2365918633927,1252.3304368696456,2355.917073391052,40.99969549757603,99.93243272306415,0.0011428791872688,1.8062714060578888,6,0.00040352982
2024-06-08,287.46652,284.48206,293.3589,290.97363,284.74548,298.19995,-0.75311023,-1.7204542,0.79327583,-0.2306229,-2.3964233,1.9687605,-2027981.4,-656969.94,5540729.5,93962.01,-0.019462394,-0.027401015,-0.013100253,2090.202862125981,1636.5284216427465,82.22453115405716,0.4536744404832349,1363.211485688808,3171.1645827967423,1339.6682688505962,2363.788975692777,45.25186654698569,99.6507155233463,0.006465967603422,1.6598903050170408,6,0.00010604065
2024-06-09,287.19724,284.01807,292.62085,291.75186,284.44568,299.12103,0.15111224,-1.8326721,1.9051056,-1.4652328,-3.2190657,0.90208626,-2194603.2,-540764.2,5860009.5,93742.23,-0.021061452,-0.029296843,-0.013719359,2207.3858178379733,1608.9526251545778,78.26185514457565,0.5984331926833951,1336.4454872193337,3349.4874600965218,1299.0706035040937,2258.0868255510527,41.16442049264505,99.8155987867166,0.0033663518553619,1.905216426549267,6,8.030783e-05
2024-06-10,285.78735,283.01904,292.85083,292.65912,286.4192,300.34497,1.2812164,-0.64152527,2.8338318,-2.3220913,-4.194435,0.3740244,-2564554.8,243484.89,6024560.0,93611.49,-0.024611847,-0.037757423,-0.018280111,2325.558691926652,1468.4718795739766,65.93433230029402,0.8570868123526757,1521.4959648680076,3599.9759347852832,1215.3207796282818,2290.5707790368274,42.74483058723675,87.8059308581629,0.2177397201533356,1.8953806818105083,6,1.479713e-05
2024-06-11,286.4338,282.3933,294.6167,292.10825,285.44214,301.06128,-0.011366899,-1.720974,1.3870049,-0.3949746,-3.3550587,2.5636206,-2089135.1,-249202.19,6022910.0,93800.164,-0.020049281,-0.03216171,-0.015301214,2249.444580011183,1540.6862238894555,72.31770812379933,0.7087583561217276,1427.2392798512487,3754.0414337945617,1165.3238455504438,2553.9577082005594,37.87540133433155,99.74894446830058,0.0048521348975941,1.994122549812241,6,5.9843055e-06
2024-06-12,286.9385,281.6941,293.89685,291.4196,284.95654,298.66223,-0.62742084,-1.9120474,0.78567123,-0.5915281,-2.4186249,1.3118773,-2072415.9,-548203.56,5915307.5,93794.59,-0.019888828,-0.028833603,-0.014234353,2159.642417301779,1588.1678690427434,78.70703304828173,0.5714745482590354,1382.3367000964654,3259.5962737291843,1111.6097778743174,2443.5471013316514,34.15568509306917,99.8170180745901,0.0039477322019511,2.1462588351688274,6,1.919962e-05
2024-06-13,284.95926,280.00854,292.6333,291.45493,283.5918,300.4795,0.18925847,-1.803338,1.6344604,-1.8877254,-4.2782993,0.8236332,-2196763.0,-344263.28,6106339.5,93649.06,-0.021082178,-0.031659298,-0.015677528,2177.867837850726,1401.909227248157,70.65725019878288,0.775958610602569,1262.7331382286357,3628.480381266405,991.007870802207,2259.835104391428,31.834819607525432,99.9433895444502,0.0008472165848179,2.223661293781348,6,2.2236442e-05
2024-06-14,282.8005,278.6953,290.62378,291.8619,284.66162,300.39355,0.39675713,-1.901062,1.8999939,-2.9957914,-5.338133,-0.11114693,-2796347.8,441616.97,6107689.5,93625.12,-0.026836349,-0.04883339,-0.018165687,2227.502851096533,1213.327158175398,57.19734102394733,1.014175692921136,1355.6772497857582,3610.247988978568,905.211061057654,1992.575468235579,35.672554370090985,86.71197572402357,0.2552905164662181,2.1263209299336547,6,1.5901656e-05
2024-06-15,285.26395,282.6626,292.60767,292.4247,285.33765,303.0996,0.7149889,-1.1601019,2.4532013,-2.5122259,-4.392578,-0.78329754,-2384700.2,-23916.404,5913565.5,93755.4,-0.022885798,-0.039260805,-0.015691752,2313.557415418369,1417.9354075429285,65.24023379068616,0.8956220078754411,1417.469974433684,4224.399064490158,1186.613369573258,2256.237000402815,39.46707183676387,85.65043762204152,0.2174061997444607,2.4697025943930284,6,1.0283022e-05
2024-06-16,285.90952,282.88098,293.73584,292.4564,285.20947,301.32886,0.33486357,-1.0234251,1.4400644,-1.8558139,-4.073303,1.6502056,-2125895.0,-229598.33,5878397.5,93629.66,-0.02040206,-0.03334843,-0.014842757,2309.9521988052807,1481.3838660505708,68.1277089784174,0.8285683327547098,1405.5670693964066,3813.0529470166543,1204.129709507159,2419.43197947568,38.37375374889174,89.97297505364438,0.170015656405749,2.1030384493702448,6,1.5252517e-05
2024-06-17,284.0247,281.214,292.09766,292.36276,285.51636,302.66223,1.0932533,-0.32888794,3.0464172,-2.8932774,-4.7605133,-1.6338873,-2400919.8,-43324.38,5869005.5,93383.4,-0.023041455,-0.041477397,-0.015504653,2292.3151217156915,1307.3098286676031,60.492611360997735,0.9850052930480884,1434.214198801655,4119.353824286344,1076.0051357859174,2185.6891290939056,36.399204687639305,92.12502743618546,0.186835677596569,2.5003908961450487,6,3.886227e-06
2024-06-18,282.1206,278.90112,291.03345,291.67767,285.11987,301.53345,1.1014928,-1.1643066,2.8167238,-2.8920414,-5.152011,-0.55293655,-2547779.0,90073.66,6042866.0,93379.664,-0.024450853,-0.04653124,-0.01568316,2189.697446722211,1151.7794652352732,55.92989395998537,1.037917981486938,1397.2987452551945,3858.718026004339,918.2071628568042,2044.686284448005,30.664820787575653,80.2978775952114,0.2788504992447486,2.596488335868768,6,1.4952056e-05
2024-06-19,282.5616,279.98877,291.72388,291.15332,283.73584,301.2373,0.95549196,-1.1698608,3.410904,-2.396386,-4.546932,0.09540081,-2275237.2,-139139.89,6050588.0,93507.695,-0.02183529,-0.041892346,-0.014190173,2141.767280375138,1188.172243049583,59.9310384142421,0.9535950373255552,1274.9105779550357,3792.771434891277,989.6644210396422,2135.222286281736,32.02626384550157,86.08246385895501,0.2174436445231335,2.40978909451977,6,1.7004675e-06
2024-06-20,283.82498,279.44214,293.9817,291.0792,283.6626,300.75647,-0.15141706,-1.8350544,1.6248837,-0.89968055,-3.5210114,2.5924335,-1924953.4,-337223.75,5922444.5,93668.4,-0.01847364,-0.033167493,-0.013139908,2134.7644950026383,1304.024669157696,66.25263780643236,0.8307398258449422,1268.7057837849854,3687.7922700313416,953.1599682816526,2456.3382852074,30.72412412027484,99.52445548052152,0.0088023403023178,2.267241773845431,6,1.7046924e-06
2024-06-21,285.14917,279.542,293.84033,290.6123,284.1604,298.00525,-0.86368585,-2.1627626,0.99774647,-0.4662166,-2.5176468,2.1976576,-1810461.4,-687628.44,5829399.5,93655.836,-0.017374868,-0.026908435,-0.012936918,2054.6312710429,1422.3947351117567,74.82065964853616,0.6322365359311429,1311.4075003363637,3134.5518924895828,959.7380601816805,2435.058229874316,30.777105060930843,99.92913614838524,0.0012899485050711,2.158612604319231,6,8.836267e-05
2024-06-22,284.74603,280.65405,292.45508,291.68573,284.66943,301.0288,0.17649019,-1.7913446,2.3474426,-2.3154285,-5.306365,0.64558417,-1874335.5,-508001.78,5726430.5,93502.31,-0.017987864,-0.031416498,-0.012051023,2213.1864488302786,1377.6866075371042,67.80661400132364,0.8354998412931746,1356.3775758805607,3746.934931776367,1035.7547625905374,2234.923542849097,35.25046556561631,99.70950829453804,0.0051264350617179,2.1841653210636607,6,6.928277e-05
2024-06-23,284.18143,281.43445,290.5061,292.9786,286.5298,303.67908,1.2141091,-0.6804571,3.6835632,-3.0441635,-5.3183937,-1.8037872,-2134627.2,-164137.3,5744949.5,93352.055,-0.020485865,-0.0404664,-0.012321463,2389.7111849400176,1318.3795342151454,58.93992613528392,1.0713316507248722,1532.5029003866027,4367.165237827184,1092.2274986557063,1977.8241437043905,35.14949500903254,83.27384882928399,0.2863244217344008,2.72864457979083,6,4.25434e-06
2024-06-24,284.71716,282.24182,293.7119,294.02744,286.60645,304.3943,1.416255,-1.1297293,3.60878,-2.337949,-4.623474,3.696375,-2141035.0,28732.752,5746727.5,93351.69,-0.02054736,-0.040278383,-0.0120936455,2537.951005088778,1368.930000614928,57.11802142475846,1.1690210044738498,1540.173505530248,4549.163932703373,1153.495996225039,2415.866403629744,33.23512930476649,91.64200977555204,0.2037265295136542,2.888041888241754,6,3.7939983e-05
2024-06-25,289.19052,284.08008,293.86377,290.6721,288.1172,294.67786,-0.66785717,-2.3228521,1.8599157,1.9688416,-0.9463644,3.6307726,-921028.94,-446683.0,2227395.0,93673.805,-0.008839048,-0.015797699,-0.0043622674,2002.917971470004,1824.781527729136,91.45613254130296,0.1781364437408683,1698.393395551185,2563.536434438369,1304.432879376234,2438.5753095736945,56.40932843178632,99.7978254306046,0.0037068825485657,1.048623236606986,6,0.032484207
2024-06-26,287.90604,283.7937,293.81152,293.21402,287.48657,300.735,0.6801726,-2.9175262,5.2210693,-1.2777203,-4.848136,1.610037,-1769143.6,-687680.9,5123475.5,93472.28,-0.016978346,-0.026362218,-0.011154217,2424.10002544306,1684.9214108621518,76.0414436365266,0.7391786145809084,1630.6907839788964,3683.161502449792,1279.831264550293,2430.7412470678405,36.98568520539705,99.6839773715029,0.0052713533473875,2.2838802837931134,6,0.008758531
2024-06-27,287.745,284.396,291.91992,291.907,288.47107,296.92554,0.6899061,-2.0873108,4.1527557,0.17150934,-1.8832769,3.0443099,-1342001.1,-374849.84,3817733.2,93263.57,-0.0128790885,-0.021446072,-0.00922498,2176.7255806517314,1665.2614044351892,77.9031418432844,0.5114641762165423,1737.4587738596051,2938.152864868467,1332.0549414846232,2161.562772950722,49.95273157549386,98.73676848811056,0.0233760838574978,1.4576186842394725,6,0.012629959
2024-06-28,286.86108,282.63623,291.7893,292.9678,286.53052,301.87195,1.792491,-2.2027588,6.077774,-1.8964783,-3.2256222,0.58013916,-1658869.9,-548982.0,5139936.0,93178.945,-0.015920056,-0.027346166,-0.010065573,2367.470517911828,1574.8927495863063,71.22237103716655,0.7925777683255212,1532.576027015154,3935.321670439019,1184.5137670519644,2143.9818802629275,37.20262552575311,98.3429649681705,0.0301774323326158,2.197317866841751,6,0.0011512788
2024-06-29,286.93338,282.53442,292.3723,291.86612,287.70898,298.1997,0.8958137,-1.5950022,4.76375,0.18486321,-3.2475615,3.720893,-1487948.6,-385419.88,4444960.0,93359.24,-0.014279735,-0.02382848,-0.009912357,2174.8035628102853,1582.360049182512,74.30305276074182,0.5924435136277729,1654.2927335526504,3171.1184402159565,1176.437689370203,2223.4371921811003,37.86893581963528,98.92288638435006,0.0179910651892175,1.9412200273885156,6,0.0078114066
2024-06-30,285.54596,283.16956,290.30884,287.183,284.9679,291.5083,-1.4442725,-3.0549507,-0.46360493,1.9312315,0.4973532,3.1012201,-1506553.5,-858426.3,1938858.0,93656.195,-0.014458287,-0.028739419,-0.0058142804,1602.2608557907113,1444.5684161450392,90.0345552674254,0.1576924396456719,1383.3720794016274,2106.58325910493,1227.6255403140913,1953.310899067746,76.22752936453769,99.04929991047942,0.0153488522076188,0.4208009695608775,6,0.045382705
2024-07-01,283.80945,282.19946,287.0443,287.15845,283.96252,291.95923,-1.4583982,-3.7271967,0.7964325,-0.029758252,-2.103364,1.5239334,-1169279.6,-689617.56,2520125.2,93825.71,-0.011221493,-0.028697195,-0.0052626966,1609.654655948519,1282.6449003297416,80.91664658458313,0.3270097556187771,1294.2842825969328,2166.8781820326594,1150.207779734837,1584.6375862451607,58.747057061257856,94.4677695229506,0.081351728705546,0.8285739161931744,7,0.0034653908
2024-07-02,284.53232,280.97412,290.69727,288.22687,281.23975,296.58337,-0.60718,-2.2238007,1.2854767,-0.62345475,-3.1099186,1.5560675,-1511810.9,-1015362.25,5397319.5,93826.87,-0.014508741,-0.027469259,-0.009472772,1773.9815379740096,1352.2768859908138,81.62736056140716,0.4217046519831958,1077.8894006596474,2878.20402658743,1058.5965078462636,2001.836334320351,37.23809431868236,99.99753839340384,2.8988749859308884e-05,1.7841819082209778,7,0.00016092126
2024-07-03,284.1195,280.43018,292.3235,290.95187,284.0796,301.17957,1.1735196,-1.271966,3.8515472,-1.4327174,-3.1922455,0.5697222,-1716036.1,-538576.44,5904959.5,93584.04,-0.016468678,-0.030187452,-0.010114261,2128.507407949804,1317.212675917673,68.53824611181061,0.8112947320321311,1304.3905806435864,3780.029066011184,1020.0374936387732,2216.6849097677577,32.087169509577855,98.74207706859993,0.0207835051425629,2.225424476224112,7,7.13039e-06
2024-07-04,284.22452,280.3252,291.85083,291.8123,285.46997,298.7339,0.7556987,-0.5524502,2.10665,-1.688757,-3.8674622,1.374116,-1702963.5,-257681.89,5344938.5,93482.94,-0.01634322,-0.029761333,-0.010364466,2211.353382140236,1327.8977756620131,63.76662708962573,0.8834556064782224,1429.851365332946,3273.49483063152,1012.7401655592836,2152.247273596497,31.95147824656156,88.38268276948695,0.2074003828352088,2.183617305063549,7,2.7237953e-05
2024-07-05,284.1237,278.5747,291.6665,291.90387,284.62195,299.17932,0.53325504,-1.1164255,1.8255157,-1.5048475,-3.0763702,0.9970312,-1626319.1,-409961.28,5413605.5,93617.46,-0.015607669,-0.028082598,-0.009581949,2230.348352267982,1322.6910907094546,64.54371791827158,0.9076572615585272,1352.1258211780914,3361.061464952835,897.6711100163375,2127.56716781343,28.31665653515698,91.50520087288888,0.1303000787487108,2.351742130994636,7,2.1213698e-05
2024-07-06,286.6031,281.43213,290.95215,289.7792,286.53503,294.83386,-0.1440085,-2.0680885,2.2725182,1.7133878,-1.7756147,3.8197384,-1349518.8,-1072108.0,4398838.5,93877.52,-0.012951234,-0.023696352,-0.007467322,1901.9521072756472,1549.3299496544444,82.70324789781242,0.3526221576212029,1533.0270424362625,2588.113536892524,1092.0557141366637,2034.2507103719852,50.624990409754886,99.59133097936672,0.0065948513070295,1.1538920828145682,7,0.0143688945
2024-07-07,286.73917,281.49023,290.6604,290.71756,285.0846,299.25464,-0.5336744,-2.5854044,3.2817883,-0.084219195,-3.8828535,2.9504242,-1394692.2,-948642.7,5101624.5,93655.28,-0.013384761,-0.021192744,-0.00870707,2061.50352708358,1561.319930760823,81.29685984752047,0.5001835963227576,1394.0550087832908,3376.068551975177,1096.3665610833823,1997.1858030958929,33.44858022337474,99.76875204098486,0.0033378394450901,2.202802746975178,7,0.0038203085
2024-07-08,286.75974,285.6339,289.02197,288.44733,286.1283,293.45923,-0.62023616,-2.903634,2.4412117,1.7282897,-0.44068623,3.7231054,-1142972.9,-964476.94,2890955.0,93528.82,-0.010969028,-0.020896915,-0.0053966637,1742.2314286342807,1556.8916131801864,90.17217579031328,0.1853398154540942,1492.876620068588,2378.489941552923,1445.3230853637383,1799.8467070711602,61.06708902780967,99.1853131904186,0.0129894512372834,0.9260153714273012,7,0.022331638
2024-07-09,286.7577,285.09924,290.3645,287.60605,285.3208,292.47583,0.21037896,-1.4313927,2.2089667,0.78885716,-1.181859,2.674913,-1776431.6,-822296.5,3196098.2,93483.21,-0.01704829,-0.024462724,-0.012790504,1652.837650670498,1558.8312949726414,94.82763317959864,0.0940063556978564,1415.9005421233485,2237.811753112217,1395.4010827182783,1960.200822131388,75.73813733215034,99.6169474656462,0.0057216046425401,0.5243128874818432,7,0.2234877
2024-07-10,287.2559,285.2588,289.92334,289.7468,286.05548,295.17255,1.2198687,-0.95722103,4.3603363,-1.3735133,-3.9142551,2.0630512,-1900999.0,-559561.8,4316943.0,93326.66,-0.018243752,-0.024712369,-0.013827199,1915.630633217473,1609.4112838789497,86.29955197704358,0.3062193493385232,1485.787381049299,2642.18161622267,1410.1363914511546,1906.1762501567312,62.08944490256883,99.16759185205166,0.012955193342643,0.9903315259265266,7,0.18285204
2024-07-11,288.8973,286.28375,291.84882,290.7571,286.51282,298.30237,-0.7139724,-3.1363373,1.1940918,0.18491624,-1.4795265,1.4272054,-1436261.0,-646167.8,4296242.0,93642.1,-0.013783695,-0.019785114,-0.009456396,2041.497165334289,1791.4970489150408,89.62856063239126,0.2500001164192484,1530.8096597387143,3190.573279588202,1508.1115623795897,2151.976238149461,58.46341251455302,99.68986654692678,0.0050652473787913,1.325255261563448,7,0.009408434
2024-07-12,288.94095,287.24805,291.55634,289.87524,287.59668,292.88074,-1.0646244,-3.4592762,1.1018524,1.8590713,0.69701135,4.1950808,-1108255.9,-684608.94,2532900.0,94127.49,-0.010635851,-0.014694468,-0.007579934,1904.202731177572,1792.4161278224292,94.42062492460742,0.1117866033551427,1642.3378805491775,2294.8250501902044,1605.7086439392988,2112.935236257667,75.09276871800688,99.55096676745924,0.0084555760791686,0.549629806858962,7,0.01817988
2024-07-13,286.4635,285.41962,289.14526,287.45395,285.8141,290.11218,-1.5853513,-3.8810368,0.32819557,2.3683805,1.2657043,3.8325853,-1333706.8,-659891.06,1651818.9,94255.98,-0.012799487,-0.024426477,-0.00673776,1629.418452536043,1527.124288568108,93.84644268323702,0.1022941639679353,1462.496891287862,1929.1395744938343,1425.1286303499146,1814.0756904109164,80.20497123646896,98.99110014411376,0.0154313202179146,0.3743077705407019,7,0.04075836
2024-07-14,286.67233,284.2345,289.58093,289.80276,285.6914,297.3202,-0.9852753,-3.3974352,3.0991058,-0.09734651,-3.195732,2.4900436,-1977891.5,-809321.7,4695344.0,93936.07,-0.018981684,-0.0273967,-0.012649144,1936.0077851905232,1549.617539734486,83.92421697226115,0.3863902454560371,1450.7839466097585,3008.6533252220247,1317.8706598908625,1865.1514205193423,45.55414441453952,99.29036097624784,0.0116989576082694,1.6006150776538102,7,0.0035338881
2024-07-15,286.967,285.7578,289.65515,288.68842,286.42938,293.0332,-0.1626877,-1.4619303,2.3899164,1.5354514,0.30826765,3.1787367,-1467967.1,-876479.2,3380435.8,94078.06,-0.014087975,-0.021561686,-0.010231336,1772.7607363553443,1577.8142278786083,90.15744461280023,0.1949465084767362,1522.507481241397,2316.6210789660804,1457.1137897761791,1873.977310307646,63.99687448473036,99.44308246707008,0.0090539686995543,0.829336069864263,7,0.0062843985
2024-07-16,287.22592,285.68005,290.3629,289.35165,286.37927,294.47418,-1.0342084,-2.8971653,1.2041559,1.0012127,-0.44015992,2.9909344,-1595378.5,-898704.2,4252094.0,94209.01,-0.0153107345,-0.020984782,-0.011292805,1857.2173222935653,1605.7932687669074,88.2380330010559,0.251424053526658,1517.540389785098,2531.7576642210843,1449.7042499588642,1960.00410362812,57.54285636160874,99.35039983724964,0.0099366560789289,1.0749119880743252,7,0.003231724
2024-07-17,287.26016,284.90076,290.4923,290.16702,286.04565,295.48523,-0.08317905,-1.434453,2.0160828,0.2109278,-1.5272894,1.8324432,-1756516.5,-920940.56,5025171.0,94150.1,-0.016857166,-0.02250682,-0.011177342,1965.6843696461729,1610.2206930745583,84.67905672064838,0.3554636765716141,1484.8329343121145,2692.974936193737,1377.2587823406782,1976.101292075829,51.749299139386885,99.60998560433735,0.0059503681806402,1.296187271918334,7,0.0014954305
2024-07-18,286.41724,283.735,291.49072,290.0456,285.01306,296.56067,0.21825899,-1.7646561,1.5513515,0.28437507,-2.5745392,3.3072448,-1801371.1,-756508.06,5730814.5,93955.15,-0.01728763,-0.026284656,-0.013512939,1953.305252790505,1527.3648469631662,80.44786931142278,0.4259404058273388,1387.4980998925605,2874.264142838525,1274.838034737542,2104.262968088376,46.74750154059395,97.23116516733307,0.0456136849609961,1.5306174683843463,7,0.00020733589
2024-07-19,285.29892,281.7318,289.93353,288.44882,283.41345,294.49524,-1.2659693,-2.3450098,-0.0527277,0.6323048,-0.67450774,2.1212964,-1856070.6,-986168.94,5945430.5,94181.54,-0.017812578,-0.025162738,-0.013855957,1757.586153315303,1419.827687469892,83.18051984853825,0.3377584658454111,1247.7979823744786,2535.027068427303,1114.450643380935,1907.4095452266351,44.89657642040265,99.24501840473512,0.0101723459879149,1.396886703372946,7,0.0005544282
2024-07-20,284.29507,280.30298,287.70886,287.213,282.17383,294.70667,-0.7837214,-2.3003368,0.87392616,0.57745796,-2.1300964,2.3316422,-1847342.9,-1169578.6,5731085.5,94110.664,-0.017728817,-0.026597403,-0.013816055,1636.3979670539472,1329.7894062916369,84.92703856578449,0.3066085607623102,1148.2218123427697,2568.059468292654,1011.201771837724,1654.279697698208,39.60959358532249,99.99676941121812,4.348964700420765e-05,1.5508615498725398,7,0.00026770993
2024-07-21,285.02634,282.0199,289.18408,288.5408,282.984,296.4082,-1.4078661,-2.8281164,0.024248123,0.3027304,-1.5311766,1.914917,-1954816.1,-881930.2,6166216.5,94000.29,-0.018760232,-0.028062496,-0.0140799275,1791.5627302394448,1396.0794050904024,81.7209721496702,0.3954833251490428,1212.4723089093304,2847.9297183748167,1136.3600534187117,1818.5761281281243,46.51315575056913,99.50387193537875,0.0082812922111622,1.5232677328003934,7,0.0018337357
2024-07-22,285.77316,281.17407,291.4568,289.91788,283.27673,297.74774,0.39970276,-1.6265221,2.6773682,-0.11794317,-2.326004,2.741465,-1949817.0,-717511.2,6378273.5,93969.72,-0.018712256,-0.028733257,-0.01336698,1972.5797371190283,1470.8873061314926,80.17181495332466,0.5016924309875357,1236.454408153043,3086.697353193001,1073.0907164866687,2099.789863835038,35.30994370715125,99.92830229353498,0.0011313386734912,1.9693172746873484,7,0.00010809901
2024-07-23,283.60544,277.47632,290.02173,288.63666,281.71924,296.3418,-0.81983787,-2.8234434,0.9907913,0.2912376,-1.6768341,1.6856695,-2021076.9,-891475.5,6339103.5,94118.26,-0.01939613,-0.029656166,-0.013714143,1810.6806546686284,1278.545566881309,76.17702159717555,0.5321350877873195,1113.5029771187455,2836.526012975616,831.5168458411202,1918.110185068046,29.31462084385504,99.90863482685464,0.0014070927190439,2.0050091671344954,7,0.00030750764
2024-07-24,283.1394,278.28882,291.2307,289.1684,282.12646,297.14685,-1.5384398,-2.6874886,0.036328316,-0.08799585,-2.2566357,1.8803725,-2057879.6,-609713.3,6516832.0,94100.65,-0.019749325,-0.032379013,-0.01444769,1883.700573027432,1244.5691266894216,70.527292534931,0.6391314463380101,1144.560458760704,2977.507807292378,880.0194197745926,2070.203099575399,29.555570521739316,99.69731204088166,0.0052129307812431,2.097488387517785,7,2.0016072e-05
2024-07-25,284.07162,278.1333,290.04517,289.95993,282.00732,298.2552,0.6003279,-1.7185898,3.377243,-0.9053335,-2.6676064,0.7831421,-2101748.0,-920393.8,6296696.5,93900.68,-0.020170325,-0.03099834,-0.013538596,2002.6617265110965,1317.8627010952844,74.06588682328255,0.684799025415812,1135.3959646059352,3181.619453897945,870.5467267830044,1920.962671123873,28.177352292067432,99.9941549042634,0.00010594896744,2.2189796338186025,7,6.212299e-05
2024-07-26,283.37225,279.5957,292.18628,291.21732,283.66553,299.94617,0.15446132,-1.4465322,1.3043394,-0.634334,-3.8063812,1.5722885,-1918908.9,-427691.66,5743634.5,93728.96,-0.018415632,-0.03368876,-0.011987861,2135.049392978714,1259.698609702867,62.742280759641375,0.8753507832758465,1268.9534634444792,3516.6180482468108,963.292961882889,2197.8072299661158,34.25104637839415,89.73998305818529,0.1413217815009738,1.983137638689688,7,3.8016951e-06
2024-07-27,284.99973,279.57764,292.5813,291.55594,285.46082,298.32263,-0.46320733,-1.9959393,1.1807604,-0.6243087,-2.7938538,1.589447,-1712999.1,-437707.75,5287354.0,93767.18,-0.016439531,-0.026515082,-0.011931861,2168.196983998518,1402.7829347750628,68.68430264586975,0.7654140492234554,1428.991662348845,3194.4256688662413,962.0959259503828,2252.541338651433,31.38672309817447,97.04164002526628,0.0534910718876399,2.1467105070803942,7,0.0
2024-07-28,285.5369,280.98364,293.20483,291.9902,284.80615,300.5885,0.31180683,-2.0903034,3.38443,-0.9481526,-3.285757,1.7418346,-1970077.4,-601179.0,6316650.0,93760.48,-0.01890669,-0.030222455,-0.012541903,2265.519706634648,1453.609828994212,70.34548283225855,0.8119098776404359,1368.6849927443784,3651.723265433709,1059.2827685686989,2341.373971888004,30.184304013046734,97.43209492690906,0.0497946356895938,2.4950258781621213,7,5.3953577e-06
2024-07-29,287.532,282.55908,292.3103,291.07877,285.80127,300.12817,-0.5427916,-2.0376377,3.02312,0.94333434,-2.0738525,4.1176157,-1529323.0,-1022445.3,5636067.5,93774.87,-0.014676804,-0.022669308,-0.009342017,2082.812528172395,1639.9542120607225,81.3453443572608,0.4428583161116727,1461.2692675357237,3554.449435743935,1178.3892949325848,2214.8648816663226,33.33301552959718,99.69106591246836,0.0049367490558197,2.3696442533357294,7,0.0009786388
2024-07-30,286.44534,285.3236,289.8058,287.63004,285.99695,291.29456,-1.2791528,-3.9355392,1.6521215,2.2899907,0.14758301,4.023328,-1435550.4,-443947.72,1610688.6,94115.12,-0.013776876,-0.029141743,-0.007877974,1648.1485803536316,1525.8005112989306,92.70786044056996,0.1223480690547009,1480.110163094566,2078.52100137177,1416.1620078329604,1892.003296841057,77.42946064873928,99.51330706544849,0.007227846222647,0.4189193065202821,7,0.11030388
2024-07-31,286.55038,284.38757,291.01965,289.4667,286.13635,296.8485,-2.695185,-5.3611937,-0.4931183,0.6671303,-1.8772411,2.785722,-2009378.6,-1009372.06,4882027.5,94133.914,-0.019283863,-0.030117929,-0.011027705,1882.917036632196,1538.9620115500522,84.51666500111321,0.3439550250821433,1493.662838921967,2924.5629252319445,1331.3118598927877,2042.9123794710304,46.71254379841586,99.03023025461904,0.0145939499375922,1.5328272056078438,7,0.013274058
2024-08-01,287.59113,282.47534,292.04077,290.8027,285.62585,298.13013,-1.4336504,-3.008397,0.32905293,0.3409544,-1.7277737,2.3121438,-1881791.0,-1053286.9,6323908.5,94084.32,-0.018059414,-0.026073905,-0.012761777,2056.594796750744,1650.840455736711,83.8542670546037,0.4057543410140325,1444.5593170452962,3157.991718395687,1171.7731610023354,2177.9417811540625,37.66436230926986,99.4449123650861,0.0096981677555138,1.9685542758823984,8,0.001020296
2024-08-02,286.95926,280.64185,292.39282,291.3182,285.3711,298.56836,-1.3926868,-3.2359524,0.2758913,-0.44681737,-2.0992146,1.5040121,-2012099.0,-949054.56,6740754.5,93973.75,-0.01930997,-0.028316403,-0.013230263,2134.4416425362806,1592.757008786075,79.52116516757407,0.5416846337502055,1420.5906358777297,3241.4665651314544,1034.892288693503,2226.2785288356413,31.99429002022114,99.67987061375344,0.0058219553421192,2.2043823513747967,8,0.0005662314
2024-08-03,284.80835,279.9956,292.24878,292.46066,285.5348,300.03558,-0.50159806,-2.4195328,1.0799255,-1.8001372,-3.8119354,0.58401203,-2331924.8,-427427.72,6835340.5,93824.54,-0.022379315,-0.035904802,-0.013701822,2318.229482120275,1387.6314818133667,65.40754202258596,0.9305980003069084,1435.95110353527,3535.1596811351565,990.1286413758356,2206.388745695156,28.848245444707366,99.53293319174637,0.0081194488533878,2.477756919118327,8,9.2209266e-05
2024-08-04,285.4639,282.7036,291.7854,293.15533,285.85828,301.49634,0.053441837,-2.2423563,1.6949768,-2.1093347,-4.1875753,-0.21726799,-2252560.0,-498268.38,6403381.5,93835.69,-0.021617657,-0.037951566,-0.0118719265,2417.190535581816,1438.596902847631,63.49018948615326,0.9785936327341852,1466.7362363007169,3850.3998194607434,1189.8859432558245,2143.45803540144,36.64750373447685,85.34114670472734,0.2310210894277643,2.243849571611811,8,1.45815475e-05
2024-08-05,286.40176,281.2566,294.04443,293.7733,287.698,300.9314,0.26546296,-1.6228352,1.9494352,-1.4827667,-3.4578857,1.644,-2180323.8,-644060.6,6560609.5,93812.73,-0.020924412,-0.03470334,-0.012245248,2491.539582692851,1533.7610549471929,65.70115564648123,0.9577785277456584,1653.1198685142188,3725.6858837180903,1079.123338394296,2465.835967906215,30.36341530172264,95.22268342186304,0.1088977173301987,2.56951401008638,8,4.734825e-06
2024-08-06,286.4905,281.04956,294.04688,293.58505,286.74255,300.87427,-0.7938883,-2.3187294,1.5275011,-1.0543773,-2.914669,1.2628975,-1984677.0,-703231.3,6451306.0,93660.87,-0.019046806,-0.03188782,-0.010481731,2472.728876031843,1549.6295631514297,67.79005152200502,0.9230993128804132,1553.8757939270652,3713.273070179395,1064.044586221625,2466.2061774354142,29.0967306630561,96.60275594354466,0.0697660636093751,2.602322521831778,8,6.059271e-06
2024-08-07,283.79263,278.1831,292.7422,294.08615,287.6278,301.40222,0.88916165,-2.2332,3.331253,-2.6281557,-5.246768,-0.7387781,-2367331.0,-589527.3,6750932.0,93349.664,-0.022719108,-0.04135258,-0.010547804,2547.1354152505933,1298.5025663198237,55.41391414789385,1.24863284893077,1645.6438157354028,3829.373497305284,873.5705066975502,2275.174652280734,27.099403627444744,95.71203637120824,0.0845011564801909,2.6926623548811337,8,3.067471e-07
2024-08-08,282.8323,277.70068,293.26636,294.23502,286.88477,302.68823,1.1226126,-0.5010613,4.063801,-2.0783641,-5.079483,2.6174326,-2594019.5,-276809.78,6699991.5,93174.71,-0.02489462,-0.051070858,-0.010330034,2583.6821584090626,1226.2351305603647,50.28063625799291,1.357447027848698,1568.3070462717735,4125.53413500912,844.668204952273,2350.303302409933,26.41235138474416,97.63489839406748,0.0485929957864436,3.004651916766387,8,0.00019112216
2024-08-09,288.49936,284.7456,293.26172,291.38577,287.25604,294.4104,0.6091309,-1.0973492,2.7517927,-0.19443278,-2.5368242,3.7358208,-1305972.9,-493938.5,3068091.2,93406.13,-0.012533328,-0.021526085,-0.0063269036,2096.9572276770123,1747.0586942814632,83.73556760963682,0.3498985333955491,1606.5405825501814,2521.877228159382,1363.2224793885994,2349.6290196379546,63.30831782438951,98.8033321313955,0.019671627698988,0.918478240652807,8,0.040887445
2024-08-10,283.29074,280.04456,288.69672,285.23334,282.78918,290.04486,-0.11230174,-1.5401773,3.2992687,2.4475932,-0.8734455,5.4402905,-2438130.2,-701314.8,1949919.0,93561.6,-0.02339856,-0.048695352,-0.015602161,1413.869614651209,1248.1799533616306,88.3631023953234,0.1656896612895782,1196.7391864621036,1920.925505442004,993.4584143821828,1762.778736021771,63.10178287474727,99.25820857310694,0.0109368783343109,0.5809161422830859,8,0.62691724
2024-08-11,279.93378,276.06726,285.57886,285.184,278.65784,293.71814,0.44725934,-1.4466562,2.7123718,-1.1388339,-2.9052124,1.207227,-2711256.0,-1215963.8,6485706.0,93608.54,-0.02601973,-0.04396548,-0.019524261,1461.389646404043,991.6867646419709,75.06910088787492,0.4697028817620723,902.8622090903408,2416.793737222157,752.985621885823,1440.1110822002458,35.23643477936362,99.96985803927484,0.0002967104430949,1.497107213496938,8,0.033371378
2024-08-12,278.75336,275.8954,284.58716,286.40942,280.239,292.68182,2.1699224,-0.8647829,4.4168596,-0.4309887,-3.6029053,4.069905,-3275611.2,-310626.34,7486488.5,93557.695,-0.031435806,-0.055005357,-0.022700604,1547.3299884747903,912.7716405726138,61.50560612093875,0.6345583479021765,1006.7840693685488,2266.659587851037,743.8707898993616,1349.018240754431,35.63945745479915,86.45329172634234,0.1449660194956389,1.355798039244234,8,1.6576438e-05
2024-08-13,280.42075,278.57214,283.35132,283.13443,278.6902,288.25757,-1.4400086,-3.4759398,0.76317406,1.6546164,-0.036356926,3.2773857,-1866380.4,-1287595.9,4956608.5,94030.52,-0.01791152,-0.03759999,-0.013194525,1237.0659958072995,1020.5562592885772,84.02253219649494,0.2165097365187222,904.8894011484084,1713.7967466256837,897.5114522969382,1242.6314082947608,63.223382620625976,99.65425039232434,0.0031813013054274,0.5819181171866628,8,0.0006876835
2024-08-14,282.23453,278.89398,287.0448,285.56943,279.02588,295.4314,-1.4412979,-2.8715754,-0.08910465,0.22824436,-1.7550564,2.2289495,-2223349.2,-1028702.94,6915920.5,93934.1,-0.021337325,-0.035507716,-0.017191501,1513.920431868433,1168.6481277895386,82.18919632022981,0.3452723040788942,926.1650215817498,2684.169635321937,917.7534836521947,1584.6877937603056,40.88994852067557,99.87694214700922,0.0011469432375141,1.5866140532311916,8,7.593288e-05
2024-08-15,285.29007,281.6267,290.615,289.35086,282.2478,299.542,-0.348773,-1.9360285,2.24292,-0.6414406,-2.6907825,1.6328001,-2430294.8,-906555.06,6987303.5,93780.79,-0.023323365,-0.032860115,-0.0150885945,1949.8684386389664,1424.276916754098,80.63169427673839,0.5255915218848681,1153.9609941415756,3433.863631499509,1106.5507366344482,1991.4703798629257,34.75101198890435,99.99592531936572,5.0847097677888086e-05,2.221507809515662,8,3.1738997e-05
2024-08-16,286.43002,282.0349,292.81738,292.38898,282.57617,301.63098,0.13215174,-1.8809385,2.1427917,-0.7083505,-2.4024506,0.95153236,-2689137.0,-608438.75,7220637.5,93701.15,-0.025807455,-0.034875963,-0.013928992,2363.298578366072,1534.9034894481877,73.27276525422418,0.8283950889178843,1179.7435679033867,3880.655550190509,1137.5122902406688,2285.821138809392,31.922385170538767,99.5316703008362,0.0064837510615195,2.59753278330998,8,7.56388e-05
2024-08-17,285.59872,280.75708,292.95508,294.91763,285.72266,304.61353,-0.19199537,-1.8544149,1.2653522,-1.0149031,-3.8485107,0.80925274,-2822999.8,-239776.98,7586583.5,93632.28,-0.027092127,-0.03667655,-0.014621709,2729.6107100134154,1455.8263979068909,59.65861367861714,1.2737843121065244,1453.7596733697098,4606.261462184174,1043.0593638468308,2305.429997815444,26.336366008757068,87.70336471789855,0.1933202273963363,3.012179888958516,8,4.708249e-06
2024-08-18,285.1978,280.4807,293.5017,295.25577,285.65857,303.0243,-0.8179113,-2.2071772,1.7446356,-0.7682137,-3.2444916,1.1881583,-2895280.2,-299585.1,7634066.5,93627.53,-0.027785797,-0.036917556,-0.015209377,2753.0781392205863,1422.0864718674636,55.78524106071357,1.3309916673531228,1447.662889722273,4206.145207442054,1023.5669214494468,2384.7378281239253,25.248881220921017,89.04125346276935,0.2516683870460008,3.079631568727372,8,1.3392864e-05
2024-08-19,285.47855,280.0891,293.5437,294.65265,285.97754,303.06482,-0.04963317,-2.2101974,1.9803467,-1.0128833,-3.1093292,1.6669312,-2890246.0,-351011.03,7725452.5,93570.87,-0.027737483,-0.037889488,-0.016036227,2685.3501382937543,1450.0258065252565,60.11277047684312,1.235324331768498,1478.2318453451655,4215.958808175337,996.497850192837,2390.92804182471,24.17208251112555,88.57478066673241,0.2286024193903729,3.1260176580766075,8,3.841783e-06
2024-08-20,286.94705,279.76367,292.87427,293.61975,286.92432,301.96826,0.020641768,-1.8619642,2.9594898,0.61397856,-3.4491425,3.8866081,-2526906.5,-721644.7,7457722.0,93656.21,-0.02425054,-0.033278853,-0.015647676,2463.032963097558,1595.7803149544818,67.61315417795453,0.8672526481430758,1572.34145110209,3957.358857532297,974.4853047720156,2293.904151342784,31.957853810777376,97.35912772250778,0.0470102966853769,2.692671899074276,8,0.00016387916
2024-08-21,287.57227,283.09326,291.95435,291.90576,286.32874,301.4297,-1.5370954,-3.2632856,1.1366825,0.6848023,-1.3608065,2.896202,-2545033.0,-1242291.6,7570765.5,93751.195,-0.024424499,-0.03233742,-0.016211964,2230.57112144958,1650.553890029452,79.32026655912016,0.5800172314201273,1512.54540239187,3835.499196464756,1221.3746725556043,2166.21725930431,31.84395589709329,99.48445687147758,0.008605056556727,2.6141245239091515,8,0.00064139505
2024-08-22,284.74243,278.90332,291.7035,294.44113,285.95764,303.49805,-0.08971727,-2.4038563,1.7875214,-2.213578,-4.574401,0.5312109,-3008580.8,-445606.97,7915280.0,93413.32,-0.028873136,-0.042547554,-0.020330017,2661.760560471439,1386.1274117966948,59.22113093372718,1.275633148674744,1476.3084533963406,4322.118674554234,918.3467963308452,2132.499511337853,22.96376250956401,99.6200086458994,0.0075063794176394,3.299518508563168,8,5.5177126e-05
2024-08-23,283.50314,278.88184,292.31738,295.2682,287.61426,304.56104,0.7750249,-1.1187525,4.1148562,-2.4102404,-5.649061,3.8998232,-3355678.0,-153340.27,7920422.5,93169.79,-0.032204203,-0.053388692,-0.022020863,2779.741397139592,1273.1058838447,50.61053551385229,1.506635513294892,1644.2040427277775,4592.534537076808,916.9822962925914,2215.8421410708625,20.61583142485056,97.01260303676862,0.0581407687334333,3.609504852357482,8,0.00096999574
2024-08-24,287.60538,284.4707,291.6272,290.44434,287.01868,301.57324,-0.44067144,-3.1705265,4.0560102,1.9160233,-2.1404276,6.2971,-2744289.2,-1608789.0,6136310.5,93475.88,-0.026336748,-0.040133905,-0.017907873,2009.744196687977,1646.564333970635,85.06396344539704,0.3631798627173414,1582.0036568789862,3867.655641426262,1338.661767073098,2122.3365148623384,35.442208874608944,99.38802479020003,0.0101549763462128,2.4968730504413696,8,0.062747344
2024-08-25,284.5764,281.88892,288.5819,286.1147,282.5946,290.1178,-0.2146343,-1.8577461,3.2287798,2.1977553,-1.2551613,4.35828,-2212396.8,-659118.9,2063904.0,93944.49,-0.021232214,-0.04232761,-0.014387112,1496.9044953634796,1352.9465893441666,90.54964696214442,0.143957906019313,1181.2057868570826,1929.8260931093891,1126.3520248294851,1749.8559187606616,77.94984230710061,98.87949119971096,0.0153823454339726,0.3581866603385142,8,0.1161788
2024-08-26,279.426,276.95276,283.83167,283.86484,279.53674,289.38794,-0.98873585,-2.1129322,0.8928089,1.9737271,-0.97639465,3.272646,-3479262.0,-1946910.9,7403110.0,94065.49,-0.033390228,-0.054109365,-0.026412964,1300.2869020408446,955.5083421452044,75.30368496973854,0.3447785598956402,959.3912718586806,1842.371984379829,801.5299275269484,1283.0689054129425,50.09604637580168,94.91126483840424,0.0584583447569696,0.8878640711022469,8,0.018139536
2024-08-27,279.02603,272.65503,283.72974,283.43723,276.70264,291.3606,-1.6244997,-3.8021288,0.54781437,1.0096588,-2.3042908,3.3719177,-2897623.2,-1854708.0,8452009.0,94151.125,-0.027808284,-0.046663523,-0.020961704,1293.6009752510768,936.5323991523017,77.1835356362372,0.3570685760987753,787.544956974664,2087.156042308654,589.3562023570677,1274.3924919447218,37.53542939139733,99.78723720101851,0.0018819287479042,1.282684215045751,8,0.00032172765
2024-08-28,282.85495,279.16528,286.75146,285.93094,279.588,293.96997,-2.1220233,-3.511403,-0.79908466,1.2881373,-1.2285767,3.2333221,-2626121.2,-1617807.9,8288739.5,94191.79,-0.025202699,-0.040147617,-0.01978703,1519.7486333926029,1213.0095887241455,83.11007564881349,0.3067390446684575,962.783252050794,2454.56795820976,935.1293216464117,1554.776625057244,50.314110164383976,98.72522019417468,0.0131290976943247,1.1915300525855363,8,6.582772e-05
2024-08-29,286.52664,284.24048,290.73682,289.66037,284.4751,298.6078,-1.4913086,-2.8435307,0.20670795,0.3285018,-1.6954012,2.2937236,-2618317.5,-1405246.6,7899590.0,94136.57,-0.025127806,-0.03429839,-0.017115979,1941.55485320577,1541.3853434756377,83.83670329779072,0.4001695097301325,1339.0513015856538,3249.070743109326,1318.3936201366555,2006.8362194025076,44.80226160240228,99.41614055590723,0.0080655765388812,1.7934135691343702,8,8.299293e-05
2024-08-30,287.01886,281.23438,292.81665,291.96124,285.62573,300.5852,-0.18916166,-1.7755737,1.3675385,-0.38107026,-2.4934998,2.165666,-2885134.2,-1162986.1,7899399.5,93925.24,-0.027688425,-0.03760278,-0.016437765,2266.812876229195,1593.3500863330146,77.87379247905062,0.6734627898961801,1444.5477475322289,3651.018610582222,1077.4962331949805,2285.7172288398942,30.65123969862609,100.00193484993292,-3.715595325411414e-05,2.457713654583799,8,0.00041190296
2024-08-31,286.6318,282.33984,291.60718,292.0743,285.12048,300.80786,-1.0089954,-2.379568,1.6991119,0.38061944,-2.242731,2.957952,-2635865.8,-1031610.3,8025354.5,93786.945,-0.025296213,-0.03515193,-0.017539192,2239.9139206920563,1556.5840093005577,72.87791923655367,0.6833299113914987,1397.3549237259049,3698.889917752945,1161.1371501226013,2119.6767974166946,32.66126775911399,99.18203297040591,0.0150230548591196,2.490750029948779,8,0.00013519597
2024-09-01,285.45758,278.2981,291.25854,293.50412,284.97937,303.2417,0.75382257,-1.9515991,4.1673126,-1.7261037,-3.513956,0.71784973,-3080535.2,-856935.44,8306016.0,93546.875,-0.029563678,-0.04186244,-0.019317262,2548.064244080936,1451.7120811170362,68.52958861228258,1.0963521629638997,1384.419286042603,4259.024115306942,880.5873791010304,2073.8256589032867,21.07810913957579,100.00802839612751,-0.0001136859686364,3.299664232954378,9,3.772172e-05
2024-09-02,285.61844,278.72632,291.33936,292.64297,287.03198,302.6543,0.38033405,-1.860815,3.3794975,0.33406052,-4.0451508,3.4646573,-2933631.0,-915226.0,8011438.0,93317.414,-0.028153848,-0.04280088,-0.02285581,2309.05040966797,1475.7092440775643,65.62321450827783,0.8333411655904057,1583.3703103335984,4117.469423842108,907.1584923944894,2084.375353589008,30.062073442717796,97.85224159207336,0.0393786629999601,2.879672741665244,9,0.00011668524
2024-09-03,289.4377,284.2566,293.49292,293.5092,287.67444,303.54932,-0.7405879,-2.4423828,2.7270355,0.3844627,-1.5695505,2.1428256,-2681889.8,-1469759.4,8056127.5,93376.49,-0.025737904,-0.03392469,-0.016508423,2486.1116841246844,1859.417448722377,80.63674220322211,0.6266942354023072,1650.607190704777,4334.834967693449,1319.8033211145157,2383.443982303871,30.472438730402384,98.8951860428564,0.0188614415510662,3.011334507370956,9,0.0007129982
2024-09-04,287.77924,277.79517,294.44336,294.91507,286.7677,304.1565,-1.6258296,-4.229601,0.4988413,-0.44337535,-3.4056587,3.1093311,-2767217.2,-978285.75,8671444.0,93482.555,-0.026556786,-0.03969799,-0.017993223,2706.616361516219,1699.2556499323548,69.74148165237835,1.0073607115838643,1556.4190470267426,4487.932700922991,850.2611897990331,2526.97867938874,19.601521694270808,95.3007589501456,0.0951344370174269,3.6011816532559457,9,3.72953e-05
2024-09-05,287.17456,282.234,292.93335,293.0109,288.2704,301.03174,-0.33083358,-3.0299902,3.227911,1.0562446,-3.7762108,6.072153,-2348210.0,-1212226.6,7587104.0,93462.836,-0.022535605,-0.042166904,-0.014296274,2335.935020231964,1610.4696503096202,70.08345357459551,0.7254653699223436,1715.209241306576,3747.5756372723904,1152.8889009853071,2302.32592035677,41.198470476362345,95.68298573184576,0.0768629897874436,2.20343148591819,9,0.0023031004
2024-09-06,287.8226,285.95966,291.2312,290.17868,286.95667,297.17798,-1.9948746,-4.668296,2.1655807,2.3884413,0.5671692,4.6684027,-2267920.5,-1901362.0,5265147.5,93672.48,-0.021765072,-0.039445892,-0.0116052665,1957.9735878542049,1670.8804961663266,86.78635937838169,0.2870930916878781,1575.6479833432866,2983.079960738498,1476.5030522850886,2070.2666053310318,55.49214390275935,99.26275101605157,0.014194478190358,1.3277049361911135,9,0.0429796
2024-09-07,290.00217,283.8579,294.89038,294.91104,289.23846,304.73608,-0.99989444,-2.5474749,1.468976,-0.14400066,-1.9631271,1.7575045,-2478921.8,-1429857.5,7620542.5,93587.56,-0.023790035,-0.0337209,-0.013624551,2718.0503015015647,1929.1374904159968,77.95445868661115,0.7889128110855679,1824.8974914981889,4638.4515843803765,1285.311364822271,2597.0682689935484,28.00352332130689,99.28727662261184,0.0137103929680836,3.3210765083218647,9,0.003119452
2024-09-08,289.5386,281.79907,296.19604,297.43497,289.84265,305.84387,-1.0975949,-2.9418144,0.7684641,-0.42887,-1.9905462,1.7117481,-2588833.5,-951447.94,8198862.0,93712.664,-0.024844851,-0.035904277,-0.014526706,3136.6810186405696,1890.1947154098525,66.23120433532146,1.2464863032307176,1896.437982035222,4938.425502238646,1119.5322963140732,2811.636658488628,23.83466018413576,97.35123406062203,0.0687425591982041,3.680083134971068,9,6.29863e-05
2024-09-09,287.9079,279.61304,295.57788,296.76797,289.3474,305.33545,-1.1496361,-2.674883,1.0656462,-0.16075777,-2.8401575,2.3934731,-2771969.8,-1080238.1,8824447.0,93648.52,-0.026602393,-0.04348256,-0.014613505,3011.358669217545,1711.0207658952063,61.94308228688678,1.3003379033223388,1837.61963489574,4798.716326395466,964.4427060606076,2708.18890621181,20.67809220389116,95.98202736213572,0.1012297748000723,3.749239932623989,9,1.992435e-05
2024-09-10,286.48236,279.68555,293.98242,296.50693,288.31555,305.36487,0.09582337,-2.1825943,3.1762695,-0.77172923,-3.7503672,1.1820011,-2597677.2,-1318267.2,8549994.0,93411.78,-0.024929725,-0.04331822,-0.012880393,2982.6655872794986,1554.8066015275415,58.164573561136855,1.4278589857519577,1720.1947675067672,4806.705405566573,969.2653536442056,2456.448967806764,21.02468493386709,91.77038300214734,0.1756937677790752,3.738199416342135,9,0.000194685
2024-09-11,284.97592,277.68848,293.6023,297.69995,289.6964,306.30774,0.25672743,-2.0160666,2.2480748,-1.9645061,-4.264986,0.43442345,-2850716.0,-1011296.25,8441503.0,93323.586,-0.02735812,-0.054322846,-0.012257446,3198.1680846246304,1421.2962775036794,49.99283885827945,1.776871807120951,1878.8996643529565,5068.969438640217,843.9479758301475,2399.589097926488,18.591646247079613,86.90917388364859,0.2954472447239059,3.905720061278358,9,2.1973383e-05
2024-09-12,282.60156,276.82812,291.65845,297.83755,289.0642,307.53796,0.6804219,-2.011551,2.7069857,-2.2386372,-4.7269506,0.59423256,-3116440.2,-1180920.1,9287001.0,93383.51,-0.029908255,-0.065628484,-0.012768924,3244.8318585201646,1206.196823457645,41.99355184299581,2.03863503506252,1804.7101020798727,5429.8472380415205,794.534105264057,2126.4941252665803,17.10906454725912,79.91540519937313,0.4129529638629621,4.13995810352582,9,1.4340878e-05
2024-09-13,284.33267,276.78125,294.15332,297.26706,289.42212,306.49756,-0.16702823,-2.7898865,2.7970686,-1.6303052,-4.7249146,1.192996,-2683655.8,-1493445.9,9224880.0,93319.805,-0.025754854,-0.052643865,-0.012578591,3121.343763523471,1364.3032335212713,48.46949527923886,1.7570405300021994,1846.3883835148167,5123.2498814070095,791.9169778395924,2482.3947686533998,16.249718363264588,90.17457113312632,0.2524759430648582,4.274798781464674,9,4.3764547e-05
2024-09-14,284.68362,279.50903,293.43726,297.6451,292.20905,307.10547,0.26707688,-2.5839825,3.5960236,-1.3415872,-4.588029,3.2766933,-2770548.8,-1001580.8,8780891.0,93285.5,-0.02658876,-0.058793522,-0.012394505,3156.83045581954,1391.3164325672822,46.96616736899208,1.7655140232522577,2200.929716279759,5300.508599122589,957.562386425868,2375.2639129913014,19.17054286152284,89.87152759233165,0.2613862225315838,4.231239691671364,9,1.1958886e-05
2024-09-15,289.10306,286.74646,292.52673,291.7686,289.44824,295.8872,-2.0395243,-4.5942183,0.528059,2.8717558,0.95059776,4.705344,-1828138.5,-1234696.0,3799317.0,93693.586,-0.017544515,-0.051648863,-0.0064628357,2149.585084784376,1812.3573431510492,85.1303958431068,0.3372277416333269,1849.4632464892916,2759.529061542529,1554.270622238343,2244.9102376815745,59.49449411825051,99.16138181872046,0.0159110249405982,1.11104368557389,9,0.050470177
2024-09-16,289.02835,286.14862,292.12158,289.63602,287.13342,292.64197,-0.7209441,-3.1939087,3.8011427,2.3978765,0.85576063,4.465658,-1822994.9,-631778.0,1818793.0,93739.086,-0.017495152,-0.03534981,-0.01296974,1874.4181406928355,1804.8309015576872,96.2493437549824,0.0695872391351481,1593.823676520548,2261.0527445548123,1494.8607360386964,2188.954889603116,85.24278869628445,99.6455117951135,0.0067769811098251,0.2808074647773708,9,0.3571917
2024-09-17,286.07303,284.29346,289.52063,288.67624,286.23218,293.33936,-2.4479287,-4.549038,0.26806068,2.5984595,1.2741385,3.7219028,-3036985.2,-1569111.6,5605697.5,93927.98,-0.029145734,-0.04939712,-0.019483576,1771.2298053927598,1489.4545351143945,85.23813221220328,0.2817752702783651,1503.0420715171133,2360.9367583755848,1323.0335437318986,1858.00730564398,58.00646371438048,99.18520202800264,0.0125630733959449,0.963171088359882,9,0.05510103
2024-09-18,287.19736,284.75037,291.10095,289.87772,285.88196,296.08496,-2.5840304,-4.7630987,-0.61431885,1.3886052,-0.7982893,3.4456186,-2682892.8,-1284579.2,6468467.5,93772.25,-0.025747532,-0.042175107,-0.018447686,1931.9866166488284,1606.8265181473344,85.07538982208176,0.3251600985014942,1469.0126009873268,2792.796024869788,1363.651294617689,2053.386952055252,58.06916752657546,98.89322308774756,0.0201133158861791,1.1710426225126107,9,0.012594226
2024-09-19,289.48904,286.59485,293.2118,291.99838,286.886,299.98035,-1.146309,-2.9826202,0.61666393,0.7480932,-0.9813423,3.7016602,-2580216.2,-1277774.9,7553952.5,93513.53,-0.024762152,-0.033694226,-0.017614402,2224.742357354579,1861.7755926467064,86.897575733175,0.3629667647078723,1568.431428549656,3523.6955748073083,1539.010978200807,2342.3823419814585,52.31820581519536,99.66238258788162,0.0056303861796786,1.6775092290871765,9,0.0041836617
2024-09-20,290.25885,285.68457,294.41528,295.6256,288.82214,304.5005,0.23001496,-2.8294535,3.2535553,-0.65098125,-3.4748878,4.686625,-3477191.2,-917615.0,8822752.0,93267.625,-0.033370357,-0.044104025,-0.019315826,2837.6397484814624,1955.5595832596923,75.77136904371848,0.8820801652217695,1776.9928124996682,4576.744997097516,1450.1337218975264,2522.632428580263,32.57030241765807,99.74768916551643,0.0054390217251502,3.038378195394214,9,0.005501924
2024-09-21,291.26178,289.18756,294.0113,293.93396,290.15686,299.5365,-0.66363496,-2.5470095,1.8809855,0.372184,-3.4421082,4.181588,-2766847.0,-1002589.2,6569094.0,93370.62,-0.026553234,-0.03589664,-0.019903477,2474.8304526224624,2077.05938457954,85.64608833638114,0.3977710680429224,1934.6078181130729,3432.750740472328,1818.9799480405309,2460.8151916271418,57.88367719401075,98.69389664887616,0.0280302157055552,1.408785592603227,9,0.019899087
2024-09-22,291.36023,286.406,294.93774,294.84857,289.20636,302.3606,-0.64466065,-2.360386,2.3515167,0.14731313,-1.7150679,2.4233475,-3044966.0,-1249748.5,8295025.5,93280.85,-0.02922232,-0.0393514,-0.018312253,2656.16472130287,2095.00862266835,83.41319150956964,0.5611560986345199,1821.1633564639264,4048.244832140972,1520.1885337398055,2604.5933499877333,37.551793351782834,99.8835480955934,0.0023557566544311,2.5280562984011667,9,0.0046134936
2024-09-23,291.3357,284.38672,296.30273,295.92105,289.12292,304.2411,-0.6433297,-2.199256,2.1875,0.09845627,-2.0628052,3.4212718,-3357866.8,-1307130.6,9525470.0,93282.68,-0.03222521,-0.043950193,-0.021108175,2852.670694024515,2103.6051236342128,79.56070289944728,0.7490655703903016,1811.4902564959905,4509.632804707234,1331.2364952178868,2829.836646865916,29.60987872071935,99.67038566385008,0.0075097689042922,3.173960526566501,9,0.0003583907
2024-09-24,291.5991,284.281,295.43164,295.6749,289.6211,305.2981,-0.82665443,-2.2162952,1.7306328,0.5507059,-2.0323048,3.1998634,-3179183.8,-1504869.9,9344545.0,93343.46,-0.0305104,-0.04125189,-0.02167286,2803.916487937536,2133.2191481642194,81.11122343022568,0.6706973397733164,1869.922725651783,4788.589192711719,1321.9417630082546,2684.209511650953,27.96591910362919,99.53108267602468,0.0108344346047747,3.441008118639106,9,0.00042354048
2024-09-25,290.85745,282.8352,296.5249,297.19986,290.39435,306.4563,-0.6076533,-2.4242277,2.0207825,-0.63795906,-2.9565773,2.0569496,-3417916.2,-1214251.0,9676929.0,93183.09,-0.0328015,-0.048066504,-0.023240807,3101.7019311487697,2051.6420314455613,72.85332483530173,1.0500598997032082,1963.903875401148,5111.408437670234,1200.4392594235849,2868.067345044531,23.53217567220498,98.97598559574794,0.027197498451871,3.900828367273097,9,3.7452646e-05
2024-09-26,289.96378,280.26465,296.62012,298.82745,291.87415,307.98364,-0.098458864,-2.2710266,3.1028717,-0.90371567,-3.6317167,1.9461813,-3486442.2,-1171579.6,9734835.0,93054.37,-0.03345914,-0.052222423,-0.02241187,3416.885847885881,1960.131410304519,64.57171720502355,1.4567544375813626,2155.386895940682,5565.994043300878,1008.552471613166,2884.5898782746067,18.327381541059104,97.34431033361211,0.069309798190643,4.494429333800178,9,5.1598097e-05
2024-09-27,290.8234,282.38965,296.12183,294.65433,288.93048,300.78735,0.15732636,-2.1099157,3.8133934,1.1242987,-3.812273,5.8760443,-2383120.5,-1420767.6,6119801.5,93135.375,-0.022870637,-0.042380985,-0.012612702,2590.606711062877,2033.4568691420209,80.50551614730391,0.5571498419208561,1789.3511867728157,3694.4579094548944,1165.0366613333113,2799.0363346609515,35.070253374922615,99.80373529566398,0.0047365356930495,2.156971448726093,9,0.05524633
2024-09-28,286.32492,284.1383,289.7965,290.0695,286.88733,295.66772,-1.9090534,-3.9170332,2.2771845,2.6050308,0.34519958,4.2568665,-3321022.2,-2247031.2,6910318.0,93648.99,-0.031871613,-0.06888805,-0.019047532,1938.659444908132,1515.062772865138,79.06268514376625,0.4235966720429939,1568.5682590830493,2723.0137034170043,1309.4856800850994,1890.888719585395,57.138678554624384,96.19144884270044,0.0623541913765625,1.1671196564231894,9,0.014757213
2024-09-29,288.01828,285.35638,291.70288,292.01813,286.68225,301.32422,-2.46279,-4.401745,-0.9159851,1.3042072,-0.12902832,3.4859467,-3227189.0,-2351807.8,9054283.0,93685.85,-0.030971104,-0.05754487,-0.018799566,2241.500799775527,1698.6447633527066,79.09917436509379,0.5428560364228204,1547.7918225721285,3812.023077084789,1419.2174835167002,2132.418038145749,44.91006876585156,98.08980734650996,0.0383370940030461,2.1000408917958797,9,0.00065887417
2024-09-30,290.20792,284.54004,294.35498,294.65518,289.28033,304.18408,-1.4532666,-3.3854818,0.58547974,0.36965156,-2.4499311,3.1196485,-3236472.8,-2208468.2,9755899.0,93514.945,-0.031060198,-0.048112117,-0.020028722,2649.4882672764597,1953.1230091847297,79.38772794070381,0.6963652580917298,1829.777596507097,4494.999474789856,1344.8194123744138,2513.319583272513,29.918121679809204,99.5590881497855,0.0083686220469946,3.1501800624154424,9,0.0007038557
2024-10-01,287.98022,281.57935,294.46515,298.19287,290.47955,306.75232,0.49307838,-2.3620148,2.9207764,-2.1318831,-5.0594244,0.5414982,-3551870.8,-1429306.5,10101349.0,93129.62,-0.034087054,-0.058777686,-0.016217109,3323.130266446869,1715.267150409536,59.52352791176586,1.6078631160373338,1974.5092089077384,5196.896151389795,1103.006915936766,2530.3562704592314,21.872474509979966,99.2880566256881,0.0166843737507256,4.017574361064062,10,5.5208046e-05
2024-10-02,287.6531,281.36914,295.22632,298.39813,291.5652,309.2356,0.91583675,-2.577733,4.0198517,-1.2353463,-4.5984783,4.8820825,-3604102.0,-1447600.1,9884600.0,92904.03,-0.03458831,-0.064502485,-0.014544434,3362.4930485895443,1678.2973447283214,56.487128704317485,1.6841957038612227,2114.1073823557,5964.460143821307,1087.3995172473178,2650.8562798674075,18.755592314864668,95.20470171377094,0.110666091708093,4.822563226306136,10,0.0008106909
2024-10-03,289.98636,286.5398,293.21863,292.4149,288.34973,298.74048,-1.3907405,-3.3959055,1.2037258,2.8300102,-1.0279131,5.841898,-2608586.8,-1596659.0,5775146.0,93408.22,-0.02503442,-0.05163979,-0.014590014,2245.400219965751,1918.8596297153745,86.36099946779633,0.3265405902503771,1723.9760650012863,3274.7760025653524,1533.502563546012,2343.373392316863,57.7481732486841,98.7642744985906,0.0251762257158745,1.3836526830975808,10,0.075185455
2024-10-04,287.112,285.838,289.90515,289.1415,287.07812,292.93665,-2.250272,-3.5833292,-0.98778725,3.025592,1.5318756,4.5897894,-3353893.8,-940211.94,3686256.0,93765.13,-0.03218708,-0.061282776,-0.022833746,1818.5464212964357,1593.187458003509,87.96173428319771,0.2253589632929264,1588.117766694422,2302.7965275377824,1464.7908857841076,1903.977260687072,72.54786551831177,96.62356554873374,0.0577178246598041,0.6110448477506675,10,0.36218712
2024-10-05,287.52963,285.87427,290.71362,290.6142,287.33643,297.15405,-2.533112,-5.1602325,-0.8121939,1.9010434,0.11033046,3.6835737,-3703415.0,-1949954.4,7745663.5,93699.85,-0.03554141,-0.05309428,-0.023754954,2018.8658941996985,1637.677549373786,83.22988961952878,0.3811883448259121,1614.9255210094082,2978.7962398745826,1468.273028297279,2003.9028596579155,52.00696935404897,98.48340186796722,0.0249204374068372,1.4296145922834456,10,0.047585998
2024-10-06,288.06686,286.01276,290.47253,291.09485,286.4131,300.6665,-1.5724678,-3.5517273,0.072631836,1.1394771,-1.5400276,4.138442,-3587471.2,-1972131.5,9829941.0,93452.1,-0.03442871,-0.048727352,-0.024427991,2108.638368119712,1697.6442079044743,84.12581048970604,0.4109941602152374,1520.890549673618,3668.4348171498978,1481.641540450291,1973.633662939045,46.07032670106379,99.6430760916508,0.0055192631335519,1.978374912073368,10,0.0015540523
2024-10-07,287.35986,284.1449,289.89307,291.2153,286.90173,299.43408,-2.1179557,-4.130025,-0.67614746,1.7330489,-0.3529358,3.8043976,-3754396.8,-2403120.2,10416927.0,93315.87,-0.036030676,-0.052581172,-0.022765966,2112.64546370541,1621.3691456231718,80.21010717692523,0.4912763180822379,1570.0367385026973,3412.05916895941,1310.0587808358086,1902.517420001574,41.1835900918091,99.21265017092868,0.0127416660237006,1.9712639351265293,10,0.00010827111
2024-10-08,289.0932,282.89038,294.46533,293.45444,287.4109,307.06177,-0.9673818,-3.1357574,4.000046,0.84042794,-1.977767,4.7435913,-3710917.0,-1789467.6,10071538.0,93084.56,-0.035613406,-0.049069047,-0.023971783,2503.7590073667184,1825.6723358952752,79.2229376840521,0.6780866714714427,1622.7272225913896,5287.590133600555,1204.8887189821903,2530.384670336293,22.89551556095625,98.6686450649955,0.0222947910499897,4.057664621536982,10,0.0002284555
2024-10-09,289.58536,287.42017,292.76715,292.23804,288.12885,298.72607,-1.6080748,-3.6159449,0.5979061,2.1569889,-0.9224483,4.805705,-2778337.8,-2335271.0,8758883.0,93350.195,-0.026663508,-0.041920103,-0.015894717,2229.7315138983085,1868.9125544372253,85.6019580540849,0.3608189594610835,1699.6678909436246,3271.976972298951,1623.701557293393,2278.7042439462098,55.29262340097006,99.78585077445383,0.0039365650354448,1.4628150672392295,10,0.006200359
2024-10-10,290.2215,288.05737,293.49622,292.40775,288.90222,298.76526,-1.4311484,-4.165514,1.06604,0.36329487,-1.3133831,2.2786865,-2869832.2,-804307.25,5374219.0,93364.78,-0.027541576,-0.038577892,-0.022102006,2255.3288208570907,1948.3136325791768,87.82535800713241,0.3070151882779146,1786.1203034049445,3279.5961838222315,1691.8673114116907,2383.9291023211563,58.61486292754715,98.4669215588056,0.0273886120308711,1.3572653760977635,10,0.09726789
2024-10-11,292.01367,290.22046,295.67432,295.62918,291.1078,302.36432,0.65422827,-2.770172,4.1549835,-2.3765085,-6.1005344,0.37182617,-3860820.8,-974140.06,7581029.5,92993.26,-0.03705202,-0.04865474,-0.027813287,2776.041486300384,2177.6019877281105,82.05860630202353,0.5984394985722735,2054.26984253668,4049.115969532109,1942.41533700444,2724.104186201635,52.03418960270563,99.53866248568532,0.0097750512454613,1.869960110035391,10,0.22101657
2024-10-12,291.32425,287.61182,294.8988,295.0878,290.49463,299.60632,2.1510565,-2.2968025,5.251253,-1.3514948,-6.4092274,4.454941,-4938854.5,-457011.25,8309753.5,93176.49,-0.047397837,-0.06362774,-0.039966457,2647.849289068657,2088.3269091220936,80.30184800423412,0.5595223799465636,1976.3908828645576,3446.9203172510456,1643.9447420291265,2598.4050975892765,47.82107394114279,95.88695382892514,0.0829700673044078,1.7937545954062069,10,0.04279193
2024-10-13,289.20572,287.20093,292.83325,291.9147,289.07214,298.52673,-2.1684287,-4.456497,0.41676712,2.3442976,0.79667026,5.0592346,-3727050.8,-1989731.4,7993186.0,93985.68,-0.03576824,-0.05122798,-0.028219208,2182.2943913909608,1824.0192124021507,85.32204529018642,0.35827517898881,1805.6250335218128,3233.4555209186,1600.8136171018268,2288.073539392685,50.05449200334303,99.03344552333328,0.0186564276564733,1.6149657857687456,10,0.016537428
2024-10-14,288.78036,287.2603,290.98834,291.5005,288.64783,297.83423,-2.909976,-4.9302826,-1.462677,2.0594375,0.27742773,4.3643036,-3437068.2,-1797807.4,7293614.0,94092.54,-0.0329853,-0.050346874,-0.024974564,2125.9009158940617,1774.1687401107856,85.0351742135211,0.3517321757832761,1757.265495707952,3102.6980547875974,1606.9852853658908,2038.8907870275664,55.15815937296807,97.84982500730646,0.0384209068165421,1.3913069168658745,10,0.01694646
2024-10-15,288.7277,286.1676,292.2865,292.46912,287.44336,301.0254,-1.7818332,-4.749052,0.9148102,1.322127,-0.5928345,3.6409998,-3833801.2,-1881659.4,9375285.0,93667.625,-0.036792718,-0.05217777,-0.030365026,2296.2876755415523,1775.7140253639948,80.39430658488814,0.5205736501775576,1626.1396463685578,3746.187562965096,1496.715865637423,2211.5820411330856,44.98027040043828,98.31324757866568,0.0347671185150609,2.061142267435806,10,0.0016036265
2024-10-16,291.1072,289.04828,293.98413,293.9461,289.53192,300.5216,0.02336277,-1.8444614,3.4952142,0.5096333,-2.4321184,3.0693064,-3400665.8,-1777365.4,8851019.0,93248.836,-0.03263595,-0.045586552,-0.026998367,2498.0338908783165,2060.1489720472528,85.1584171700211,0.4378849188310635,1859.3431865050104,3637.444626216375,1802.8744316915936,2456.707244211186,49.769745100981694,99.31955395289276,0.0130249572013233,1.8270977075591288,10,0.035728227
2024-10-17,291.0132,288.4209,293.2743,293.91055,289.6375,301.7942,-0.5996482,-2.5170898,2.004074,1.4758906,-0.37662107,3.9098768,-3833687.2,-1942702.9,9341745.0,93267.22,-0.036791626,-0.047403883,-0.030421164,2486.128242387504,2045.01534938158,85.09880301895181,0.4411128930059236,1871.8763916776147,3917.608172003454,1731.872729426722,2351.457074304329,44.54772074156998,99.6414800483476,0.0069492668369873,2.155807045423385,10,0.015695725
2024-10-18,289.96378,287.05115,292.66064,293.00662,287.50256,302.667,-1.329305,-2.7519903,0.66667175,1.1844498,-1.2352667,4.090622,-3750660.0,-2117407.2,10336547.0,93242.23,-0.035994817,-0.050141037,-0.028359383,2364.5906546273573,1915.6126055149864,84.13761652966895,0.448978049112371,1632.3778007267174,4120.484825796446,1585.3406188631495,2263.678630407948,40.31154999559811,99.1342731498469,0.0158021342286065,2.459453525184478,10,0.0010281642
2024-10-19,289.5026,287.26898,292.4181,290.58768,287.5205,294.1753,-1.6981636,-3.2964334,-0.48738956,2.0126424,0.47128296,4.250551,-2238943.2,-1081348.4,4000743.0,93197.82,-0.021486977,-0.044320915,-0.015457436,1993.4818841727736,1858.393919712,93.45135195468328,0.1350879644607737,1634.2726934726943,2485.748026446101,1607.887729539068,2229.783842817233,79.67749330422896,99.54574624187984,0.0085275243123373,0.4602047731159134,10,0.106694
2024-10-20,288.22177,286.6059,292.0855,289.74982,287.33777,294.11212,-2.717204,-4.403985,-1.0817719,1.7175728,0.54419327,2.999178,-2951098.0,-565072.2,3303427.2,93226.66,-0.028321479,-0.04955192,-0.020914812,1894.8511044379825,1713.5935981229668,90.9475374074463,0.1812575063150157,1615.065914691753,2476.118098156467,1540.118421011092,2184.0328928331464,78.06254727578337,99.32395386781354,0.0110778546657415,0.4948599722173537,10,0.113618515
2024-10-21,290.65393,289.23022,294.49915,293.14938,290.07556,297.80328,-2.9008734,-4.8571005,-0.76909447,0.6203189,-2.0538664,1.9861603,-2811256.0,-874785.5,5351304.5,93483.37,-0.026979424,-0.039577343,-0.019362045,2356.967034988821,1999.6054473417628,86.42798572871652,0.3573615876470582,1924.6675398045568,3096.9647147684364,1823.938469404717,2535.6339733687128,64.60022355681598,99.37460837588004,0.0123435108851811,1.0539318419710082,10,0.021607028
2024-10-22,292.19897,289.7273,296.2948,295.4494,290.44995,301.56775,-0.22447933,-2.5808306,1.7853699,-0.5063608,-3.16998,2.2013283,-3232129.2,-1027707.94,7901569.5,93491.88,-0.031018512,-0.040101357,-0.019575771,2736.6976748152574,2206.3117862805034,83.25190509702524,0.530385888534754,1970.819002316858,3866.420847056552,1882.591580301707,2828.479558724638,55.169108190190165,99.38977835299534,0.0130478167991841,1.733350946855856,10,0.00673462
2024-10-23,293.7957,292.23462,296.94336,295.84714,292.56555,300.96545,0.06998411,-1.9010801,2.4072113,-0.3045173,-3.0063524,2.4992008,-2882932.8,-931527.8,6796429.5,93212.5,-0.0276673,-0.036265343,-0.019334545,2772.796445719181,2430.451103148649,88.88220234980797,0.3423453425705318,2250.3367415989524,3733.1030627712826,2204.441923878607,2941.305152304702,63.3521777879933,99.3371276074418,0.016470481032732,1.3245897080901925,10,0.10343034
2024-10-24,293.39926,291.47876,297.01013,297.24524,292.19092,305.04285,1.2843827,-1.6801519,4.593338,-2.6942742,-5.5378075,-0.06271553,-4576040.5,-1251942.6,9667147.0,92770.74,-0.043915935,-0.056266926,-0.03053193,3053.363482449214,2373.2225743587155,80.4947106357122,0.6801409080904995,2198.443131449123,4719.884256027981,2102.685164554505,2953.1417758389807,57.68826291543538,97.90682358820312,0.0509482268654401,1.93349261599746,10,0.03319042
2024-10-25,293.07324,291.82,296.11035,297.2113,293.12622,304.73755,3.3725195,0.9504505,6.8449163,-5.1405044,-7.72735,-1.4093266,-4810041.5,44661.043,7325108.0,92655.01,-0.046161626,-0.069368474,-0.03557273,3019.977331742928,2324.398479450492,78.32541499076062,0.6955788522924361,2330.0075848203687,4638.837509807919,2148.102887521136,2797.0926789355567,59.05561132413049,94.88436499548216,0.1193037443341177,1.894032834151969,10,0.05801853
2024-10-26,292.42978,288.8545,296.81775,296.32562,290.88245,301.83142,1.4022617,-3.0479336,5.4090576,-0.51805437,-4.333722,4.878041,-4569269.0,-931941.06,9489591.0,93090.836,-0.04385095,-0.056584965,-0.035873808,2863.74537042818,2238.6770958568145,79.11123641446308,0.6250682745713647,2025.3409661329115,3926.080811648837,1780.6750358908566,2919.1509606257664,61.38197490090351,90.48290182439872,0.1936909286403272,1.4871649161012963,10,0.024765417
2024-10-27,288.50595,287.27966,292.66284,290.8879,288.54456,294.72827,-2.7217655,-4.3166914,-1.1914787,2.5738232,0.6639366,3.5164032,-3282522.8,-1397309.5,4774139.5,93669.29,-0.031502135,-0.06663988,-0.019300561,2030.6635790490243,1743.5874334525988,86.14778947576127,0.2870761455964258,1745.6693649714043,2571.456332275882,1609.0005100680382,2263.9877340001626,71.78758489585263,94.29554975873828,0.1096227692533386,0.7254699346835548,10,0.036104836
2024-10-28,288.9666,287.11005,292.47125,290.9918,288.0995,295.2069,-2.4838967,-4.6140757,-0.7680054,1.4456644,0.1403122,2.712037,-3022526.0,-590366.8,4030606.0,93668.914,-0.029006967,-0.049205653,-0.02221465,2052.074356004085,1799.274610992418,88.15483336092002,0.2527997450116672,1696.4599048121838,2647.7222562270367,1591.4093781162162,2237.174366507773,74.89662557710427,98.51522285231258,0.0298634006490558,0.6317860873652473,10,0.0773555
2024-10-29,290.6202,289.1574,293.48743,292.56717,289.7273,297.40454,-1.53242,-3.2717896,-0.40571594,1.6599811,-0.013870239,4.136093,-2955376.0,-1195637.9,6038268.0,93470.66,-0.028362535,-0.039596874,-0.023882465,2269.910146490676,1994.1862061365016,89.1392561313534,0.2757239403541747,1882.591580301707,3023.912217513111,1815.4827926557336,2382.6356413401936,64.85962829410971,99.34189952234456,0.0124797902721179,1.062613993293937,10,0.021740928
2024-10-30,289.501,287.16663,292.95483,292.2692,288.56287,298.32434,-2.1236827,-4.8875732,-0.5139942,1.4715128,-0.70944214,3.9689636,-3855930.0,-1862406.5,9311188.0,93406.305,-0.03700508,-0.048366737,-0.031185448,2239.798625461656,1858.7036150421104,85.61569049120726,0.3810950104195449,1747.7204953706864,3194.750755142669,1597.258402922911,2305.39510015664,50.00425183857412,99.90851697766642,0.0016088072920094,1.5972395419263803,10,0.0055631273
2024-10-31,288.7408,286.5791,292.25195,291.71646,287.25977,297.89954,-2.4584894,-4.670271,-0.5623331,1.5608915,-0.13691711,4.1628265,-4002744.0,-1915128.9,10140097.0,93414.98,-0.03841405,-0.051376708,-0.03235049,2165.0642516068283,1771.2453073321597,84.06285151005332,0.3938189442746684,1606.928103222259,3114.828494494554,1537.4336250091,2206.825309251322,54.27942212947072,99.73407157085651,0.0044137461477484,1.4241175873588174,10,0.006518525
2024-11-01,289.67734,286.66406,293.75256,292.7005,287.4353,300.04443,-1.9907123,-3.8658361,-0.30481052,0.9622554,-0.5375746,3.2278252,-4086112.2,-1883601.0,10450349.0,93404.38,-0.039214127,-0.052566692,-0.033090454,2320.4737259593044,1885.361441761417,84.03137537502081,0.4351122841978873,1625.2923663510285,3536.9994981462087,1545.9608991580883,2421.9269835213267,53.88274072469181,99.46650735655663,0.0087596098034539,1.62223379211718,11,0.010200808
2024-11-02,291.24136,288.92676,295.412,294.8162,290.27563,301.3567,-0.99525523,-3.5509796,1.5088043,-0.4009939,-2.948162,2.1486607,-3799327.0,-1221192.2,9066809.0,93332.6,-0.036461867,-0.048890542,-0.030095462,2634.993106472319,2078.21710475027,81.88787324449699,0.5567760017220491,1949.2112584999256,3819.2372711316793,1788.925225973387,2681.0011274654885,47.83849950704794,99.61657255827342,0.007704035862547,1.9921714680083595,11,0.031098094
2024-11-03,292.77057,291.2467,295.5664,293.79495,292.05774,297.85608,-1.2736768,-3.219223,0.2629242,0.03246264,-1.8249903,1.250679,-1844296.0,-260401.98,3071361.2,93250.125,-0.017699577,-0.029620593,-0.013302792,2433.230339895721,2280.97737960224,94.01985692856528,0.1522529602934818,2180.2501589009653,3106.752040910902,2072.2838026301483,2706.300623123961,78.77215219225451,99.58597184921769,0.0094704341720762,0.6134303831006737,11,0.19604382
2024-11-04,292.48788,291.0509,295.56653,293.66028,291.64502,298.0464,-1.5932125,-3.1882935,-0.6223297,-0.54857576,-2.4902925,0.83427733,-1871994.9,-44382.7,2615284.2,93219.53,-0.0179654,-0.02966314,-0.012563065,2416.113132962509,2241.8983464400103,93.1590257632842,0.1742147865224985,2124.706776781872,3142.2566468839927,2046.9330765703244,2706.3207051703744,81.27255116928167,99.61115714858153,0.0084605449135028,0.5367973344172364,11,0.28729644
2024-11-05,292.0768,290.09912,296.05493,295.0184,291.06873,300.66968,-0.5677392,-2.500824,1.2662964,-0.8500939,-3.0837765,1.0877218,-3287687.8,-729906.94,6978274.0,93256.24,-0.031551704,-0.04338529,-0.022660082,2647.225963060799,2186.614164213908,84.3175022185747,0.460611798846891,2049.2292406930324,3669.116198703329,1927.543502495437,2787.721867136199,62.97928919817714,98.43624603463496,0.0350164714780798,1.2546252407269654,11,0.061482523
2024-11-06,292.74527,290.8728,296.70654,295.2366,291.92505,299.95044,-0.124222,-1.8936634,2.0470324,-0.9279859,-3.9835615,2.0268974,-3810121.2,-1064642.1,7947918.5,93167.04,-0.036565464,-0.04759991,-0.028317096,2672.965653330234,2278.589620226872,86.50400690047606,0.3943760331033625,2162.255437481133,3517.502059045096,2024.110972316016,2899.659349081099,62.94241256243071,98.36347697696344,0.0385944324889796,1.272019033021008,11,0.11932111
2024-11-07,292.65558,290.96838,295.72937,294.59628,292.1742,298.97644,0.91008973,-1.7638855,2.876419,-2.9634683,-5.653406,-0.32426167,-2962004.2,-60286.582,4300414.0,92884.336,-0.028426144,-0.042899307,-0.022124536,2560.2860015007377,2265.348301010811,88.95130337804983,0.2949377004899266,2196.151297319387,3320.926981365865,2036.3309456126583,2733.2266868793413,74.84756822644857,98.22340446684692,0.0402832716424991,0.7459005065420856,11,0.20012738
2024-11-08,292.10095,290.0293,295.30713,293.76218,290.2362,297.66016,1.5022184,-1.491744,3.3173559,-1.7375585,-6.5364656,3.8391943,-3444019.0,1072007.6,2910785.8,92651.16,-0.033052005,-0.051399663,-0.023449067,2432.4605819805497,2188.724558989777,90.41688984296906,0.2437360229907726,1944.352754975165,3070.5670291887286,1919.0308932234805,2663.939823433261,74.7251407671958,99.59669260685318,0.0083844573902488,0.7313172390394439,11,0.51179093
2024-11-09,289.35187,287.79456,292.77405,291.54874,289.45264,295.72913,-1.1547986,-2.7109165,1.3490114,2.794058,1.1462803,4.5541363,-3469619.0,-921827.75,5457524.0,93087.66,-0.033297684,-0.047301415,-0.027169988,2121.112411894286,1840.149886331749,87.45832852795603,0.2809625255625373,1849.9809551583064,2733.186173330995,1663.4531335473075,2279.6802589135277,70.41797186749923,99.04237729549436,0.0189351276010131,0.7749144555779853,11,0.08888067
2024-11-10,287.9325,286.15955,291.0653,291.07794,286.9015,297.1626,-1.8915929,-3.8871498,-0.6075325,1.6754292,-0.013270378,3.3572388,-4179394.8,-1731898.5,9563995.0,93288.19,-0.04010935,-0.053722005,-0.034149103,2075.119652887298,1680.2995912740762,82.86202282314615,0.3948200616132218,1570.011838944548,2980.325521659068,1495.9282320010211,2048.788705233628,53.26731438330634,98.99093969013109,0.0171020376960834,1.392786156391017,11,0.006307275
2024-11-11,288.26453,284.67603,293.36475,293.0637,285.11597,301.33942,0.3509777,-2.260377,4.0530653,-0.5141899,-3.283331,1.9928026,-4880797.0,-1385216.6,11348696.0,93015.99,-0.04684066,-0.06122281,-0.03321672,2436.161392406663,1726.0542084133328,76.63418734182524,0.7101071839933302,1396.9392501553032,3815.398162388532,1356.9687239608452,2364.645230007708,42.24281069318672,98.33194123218892,0.024466609177592,2.0596785250595917,11,0.00037849162
2024-11-12,289.3353,284.87915,295.7556,294.50256,288.812,302.95728,0.52026623,-2.8589563,3.7064047,0.3000624,-4.429449,5.172377,-4735151.5,-1092927.2,10272836.0,92795.29,-0.045442913,-0.06068713,-0.038369358,2599.924696408763,1848.836082042793,74.50921059730821,0.7510886143659699,1775.8408899505273,4189.961024700905,1375.2964811147724,2737.584962377102,41.9449602928828,97.17751253871576,0.0576419487650207,2.2599245128096834,11,0.010802997
2024-11-13,288.6306,286.8233,292.13733,290.48126,288.56677,293.80566,-1.7916158,-3.13021,-0.642704,2.1504855,0.7580261,3.1480255,-3131314.8,-1058899.4,4666252.5,93047.26,-0.030051004,-0.05015097,-0.022730682,1979.0861189535528,1757.1399125584294,89.14259940777185,0.2219462063951232,1748.1583440275913,2429.86403842331,1562.0556104350494,2191.1066293842628,74.57437353044293,99.29883895331662,0.0129510899090291,0.5882228309389266,11,0.16814315
2024-11-14,287.5603,285.05408,291.31403,290.38138,286.7328,295.3369,-2.4680831,-4.449092,-0.84463215,1.5408651,-0.33146667,3.2150269,-3388055.0,-1438589.6,6879400.5,93311.9,-0.032514922,-0.0494163,-0.024615103,1982.511319002497,1643.7461248945556,83.9593567703592,0.3387651941079415,1552.8891093472575,2668.7764072026066,1391.2543615540524,2081.06355530633,64.18319027829978,95.19242551557026,0.0844225625409551,0.9467079474945348,11,0.01569446
2024-11-15,289.97763,287.7575,293.96283,292.65356,288.77502,298.73035,-2.3984816,-4.2496643,-0.98709106,1.1192586,-1.2046804,3.8122864,-3923987.2,-1628138.1,8485869.0,93329.22,-0.037658226,-0.04910432,-0.02996534,2297.550214030279,1920.467605036076,85.31368927010932,0.3770826089942031,1771.641249878428,3272.8069747911363,1659.4816486609218,2453.4897138541223,61.99916149028732,99.0891540794348,0.0197842344560704,1.2436940932249925,11,0.01338181
2024-11-16,292.2149,290.56348,296.4131,293.59018,290.9599,298.58008,-1.22941,-2.877266,-0.003930092,0.70789474,-0.9392736,3.023489,-3006511.0,-976572.0,6256169.5,93316.96,-0.028853271,-0.039025687,-0.02088922,2413.4136247272104,2206.03835516197,92.19001907224624,0.2073752695652405,2035.2436724662464,3243.7250029975453,1985.0041519134288,2848.769808363166,71.34979653872277,99.64480921875288,0.0076330968829665,0.8889163356034555,11,0.14156093
2024-11-17,291.45877,288.8811,296.65088,293.80154,290.33728,298.55078,-0.61665785,-1.8786287,1.1590204,0.9064612,-1.1446791,2.7490997,-4108312.2,-1596171.9,9259637.0,93292.15,-0.03942718,-0.049260274,-0.027266111,2453.742648629816,2105.1872049083945,87.61853273412538,0.3485554437214214,1956.828745194582,3238.08148709813,1783.7092131967747,2889.945709656713,55.80537605772892,99.70582160859328,0.0061430203451254,1.4204546677605523,11,0.030985463
2024-11-18,291.23132,288.0879,295.2871,294.88205,289.74817,301.3853,0.16658552,-1.8574066,2.570053,0.05023229,-1.9454803,2.6381721,-4857542.0,-1544164.6,10736720.0,93137.98,-0.04661749,-0.058352944,-0.031807173,2658.9323865017627,2077.20473774966,82.3715818675186,0.5817276487521035,1885.0905160098116,3825.607039091864,1695.1941849831578,2660.693322154516,45.88033450780053,99.99147776067105,0.0001621923712855,2.0637288561245883,11,0.0039317743
2024-11-19,291.17435,288.65088,294.91138,294.32455,289.23145,300.688,-0.6677597,-2.7041225,1.7027102,1.3969647,-1.3743553,4.517131,-5086801.5,-1981008.4,11425955.0,93144.91,-0.048817668,-0.06210738,-0.038717005,2544.425152466876,2069.387731248951,83.86426046704612,0.4750374212179251,1824.0805187917524,3673.049405670717,1757.6091988337423,2600.4017753193025,51.10534773972093,99.77466066942122,0.0048466215460471,1.7812012009499654,11,0.0007719498
2024-11-20,291.3494,287.787,295.3994,294.93387,288.8667,302.10242,-0.200714,-2.442172,3.2802582,0.3163505,-2.1288662,3.422226,-4661619.5,-1455843.0,10477185.0,93165.414,-0.044737227,-0.05828345,-0.0343947,2688.998834881911,2096.235549679056,82.0733632382418,0.5927632852028556,1782.0662965240888,3988.234032450114,1662.641146399821,2678.950321469524,50.23462992026757,99.73302580168269,0.005082616098502,1.9419578545652876,11,0.0021927927
2024-11-21,291.48914,288.5581,294.72046,293.67935,290.6831,297.6283,-0.85886717,-4.7504272,2.27911,2.573001,0.33241272,4.392026,-3895466.8,-1776979.6,7999193.5,93314.66,-0.037384517,-0.055213764,-0.032394577,2425.4557675014016,2108.194900005581,87.74138287877298,0.3172608674958201,2000.0489137284649,3064.717736605028,1747.1869977023823,2570.22763342132,64.41543742444676,98.3917140169491,0.0340642748241903,1.090566400746295,11,0.024695573
2024-11-22,290.55582,289.34436,293.44843,292.4086,290.38354,296.77002,-2.5258996,-4.642212,-0.91511536,1.7519168,0.26574707,3.228012,-3508714.0,-1336820.4,5824370.5,93388.055,-0.033672877,-0.053517006,-0.026178723,2237.66980894276,1985.6881745701533,89.52897280012353,0.2519816343726063,1962.5627974202348,2910.7711806563048,1837.2622138767376,2376.903330951457,66.20255503981197,99.49622777486142,0.0100000537499777,0.9405013313549376,11,0.08279008
2024-11-23,290.04803,288.28003,293.83057,291.82083,289.1798,296.49976,-2.292484,-6.4373016,-0.47743225,1.8390263,0.17879581,3.9851446,-3383026.0,-1625966.6,6995094.5,93348.12,-0.03246666,-0.046912514,-0.028055757,2160.097859804467,1924.7709647874424,89.82209789132803,0.2353268950170249,1818.080316753564,2863.717558653131,1716.2726502447074,2433.59409327293,67.22817299913491,99.4958335301483,0.0095745523958089,0.9037992883237556,11,0.034221943
2024-11-24,287.4386,284.1891,291.02454,290.9047,287.35632,296.48352,-2.3188345,-4.0659494,-0.7722511,1.9562058,0.4390869,3.759842,-4449667.5,-2094460.6,9682584.0,93560.5,-0.042703144,-0.061756507,-0.035513602,2052.209006504974,1630.1563441349465,81.84058792061718,0.4220526623700271,1617.0069999079935,2860.9122710796096,1313.9063901498196,2043.5401558441915,48.44578491679688,99.54746026444772,0.0075479653285922,1.474920865574133,11,0.008788882
2024-11-25,288.44217,285.99573,293.2113,292.35886,286.56775,299.29663,-1.4925642,-3.5330963,1.6291656,0.32648626,-1.7480488,2.269964,-4300743.5,-1530857.4,10216176.0,93514.336,-0.041273925,-0.056265276,-0.03501536,2283.3789212621027,1742.0549249562073,80.11829236422189,0.541323996305895,1536.2973463546489,3384.4609612567465,1479.991968003297,2342.3115667419106,44.27688241324806,99.55008116330002,0.0073254993899427,1.8764555973030537,11,0.0040948866
2024-11-26,289.34827,285.82666,295.1084,295.6331,288.60193,302.66766,0.6528244,-2.063568,3.8303528,-0.8599477,-4.2716846,1.3913269,-5137315.5,-1388821.5,11638924.0,93279.125,-0.04930245,-0.06702665,-0.03809514,2817.555007461478,1848.946433121592,72.10664226800183,0.968608574339886,1752.1033244757966,4120.644347811945,1463.702014061496,2631.865612055793,37.015567829159245,99.89428291924618,0.0019505822199378,2.563718682408492,11,0.00047457236
2024-11-27,290.25415,286.55957,295.76123,297.94998,290.37292,304.398,0.80424833,-1.7893066,3.644575,-1.1859449,-3.1150265,1.1407719,-4852517.5,-925583.8,10086911.0,93025.81,-0.046569068,-0.06325448,-0.036544856,3219.130604163281,1959.689694014464,65.85469818472892,1.2594409101488169,1961.245233791324,4550.128398088562,1535.4791951899308,2738.5182207810235,35.78065796531267,96.8116805627992,0.0784010347716598,2.89366632583663,11,3.325749e-05
2024-11-28,290.7047,286.40674,296.95813,297.97348,292.33887,306.2052,1.6358433,-1.3452606,4.8327055,-1.4748551,-3.8521566,2.5216732,-5181376.5,-966684.5,10317545.0,92901.12,-0.049725298,-0.07145368,-0.03774376,3192.03967210218,2017.0131236125476,65.78298576773675,1.1750265484896325,2218.809934602278,5039.85645149397,1520.261142846796,2943.919907729829,40.15161493569762,98.21567076471668,0.0431964613059526,2.8259177729731197,11,0.01741775
2024-11-29,293.5026,291.75525,296.77295,295.82007,293.12756,299.72058,0.8738857,-1.6623125,3.5511932,-1.3095474,-3.9163046,1.705553,-3055197.2,-476393.62,5290545.5,93029.875,-0.029320512,-0.044739697,-0.022266483,2762.606593837936,2387.5641025664536,87.22132123864647,0.3750424912714824,2330.2013241221484,3470.217198307548,2139.41838706314,2911.2849332007763,70.95205332039484,99.65055341181528,0.0084304169881133,0.9422355093037476,11,0.09726129
2024-11-30,293.03552,291.33215,297.2688,295.80478,292.1687,300.97778,0.3683239,-2.3275003,2.7340088,0.50824285,-1.6839161,3.5331402,-3719133.0,-1303225.4,8409433.0,93109.21,-0.035692252,-0.04769263,-0.029280934,2770.0567881407783,2321.2155820593966,85.17316297001702,0.4488412060813813,2195.398962715042,3735.791312910508,2083.43321514337,2999.3897371968515,56.50706658969006,98.4439563435306,0.0364303242298692,1.6208953488908229,11,0.024845075
2024-12-01,292.507,289.2738,296.02527,295.7937,291.81873,302.9131,-1.7893721,-3.5120249,-0.56799316,0.9326711,-1.061326,2.744895,-4524954.5,-1698563.5,9387837.0,93112.71,-0.043425668,-0.05831492,-0.037567932,2788.7542143785327,2247.522619478016,83.60544675777884,0.541231594900517,2147.9306985315866,4179.319239449676,1829.0156596994864,2782.7175184787275,44.66447214491549,99.27127610887824,0.0160470042000711,2.294431103164128,12,0.008320928
2024-12-02,293.54736,291.52686,297.00977,297.43796,293.11182,304.67725,1.6385678,-2.712967,5.182068,-2.499207,-5.382187,1.3243408,-4647259.0,-1361609.9,9763988.0,92781.336,-0.044599414,-0.06361357,-0.034078628,3076.9018422862805,2394.5638248090995,80.1686112789016,0.682338017477181,2327.930179106051,4622.973369313398,2109.034891781397,2953.076744794708,55.64689003293233,98.55710585062596,0.0346898210795438,1.9610927051499836,12,0.019690312
2024-12-03,293.42484,291.31177,296.8142,294.61798,291.48254,298.81628,1.1088818,-1.9262238,3.8532867,-1.724802,-5.5286055,4.6526933,-2560275.2,309942.84,2327324.2,92813.22,-0.024570778,-0.050302777,-0.017326878,2560.3167995738345,2376.515406547817,92.99428206947232,0.1838013930260175,2103.184153319271,3289.541029697318,2080.768510995537,2918.5287180886967,83.79081109237553,99.47169471992932,0.0114003248952512,0.4697208740346678,12,0.3384849
2024-12-04,289.69046,287.2251,293.95447,291.90305,289.6925,295.91235,-2.6676912,-5.0972633,0.21948242,2.777073,0.80825806,4.22746,-3402478.2,-719056.06,4083645.0,93231.34,-0.032653343,-0.06024747,-0.02273482,2163.677960550374,1883.74183319266,87.33986531118443,0.2799361273577144,1878.4331562280952,2763.739949829477,1603.3228947892082,2452.2276820994693,72.46282303859923,98.76411990278962,0.0258641931234064,0.7262322715389892,12,0.11080975
2024-12-05,290.73648,287.4923,295.06482,293.03665,289.65735,298.96704,-1.7451168,-4.586878,0.9189911,0.3359151,-2.7958946,2.678729,-2695515.2,-529904.0,4043664.0,93189.78,-0.025868667,-0.043036446,-0.020165969,2341.5399510008674,2019.442574203548,86.88807479939975,0.3220973767973196,1874.239161523784,3319.0777636965945,1631.2958729954855,2624.877552635201,68.46010642924637,99.1700321933042,0.0197657940709436,1.0468335942004556,12,0.060504228
2024-12-06,293.17386,291.89563,297.26624,297.30264,292.0188,303.81885,0.7764351,-2.209549,3.4226532,-2.048383,-5.447132,1.10672,-5006713.5,-1141476.1,9973181.0,93052.0,-0.04804907,-0.061684556,-0.030776268,3083.9455515725035,2340.1997843367367,80.12393814871095,0.743745767235767,2174.955702739911,4402.224570828295,2158.2835093788285,2998.9283124003746,52.02894851791187,99.71974867078976,0.0063571389872417,2.0064557102191376,12,0.016409926
2024-12-07,293.05945,289.2246,297.50977,298.48096,293.62256,305.24695,1.8001279,-1.2811279,4.7548065,-1.6342674,-4.931156,3.13105,-5358977.5,-767895.7,10289635.0,93000.18,-0.051429726,-0.06890433,-0.037821658,3274.631970800554,2326.7199499153417,73.71682988184084,0.9479120208852124,2402.5907763246764,4774.752516511075,1823.2851674581425,3043.0421035607246,42.32085528502491,98.74433876120976,0.0317025198472997,2.523920709631946,12,0.0075576445
2024-12-08,293.56784,290.3601,296.90417,295.76767,292.99506,300.97205,-0.18156774,-2.1444864,3.8397303,0.21587193,-2.0836916,2.5311852,-3003856.2,-600842.25,5060202.0,93161.88,-0.028827794,-0.04178231,-0.02239259,2757.906650567365,2396.9396613258987,88.19217360277743,0.3609669892414668,2311.150744430987,3734.540134735758,1959.656105684329,2934.378335524691,54.41848538338497,99.33771849808348,0.0162000721589693,1.6775347193228674,12,0.05068392
2024-12-09,293.27844,291.94458,296.02808,295.10153,292.81775,298.6593,0.24447381,-1.7862816,3.5303802,-0.07145656,-1.7720833,2.825152,-2779305.8,-463745.66,4580967.0,93144.59,-0.026672795,-0.037051123,-0.02198847,2643.187263301285,2353.7814318877604,90.00480491062275,0.2894058314135248,2285.873095348271,3259.02911918684,2164.895944658411,2783.1908437524867,68.39221493431101,99.62246791157514,0.008898607160353,1.000516883011724,12,0.059676535
2024-12-10,293.00327,290.72314,295.83362,294.9545,291.6355,300.41467,1.365507,-2.0944366,5.0288057,-0.7559468,-4.985121,4.6619787,-3468168.2,-465860.34,5794507.5,92918.9,-0.033283766,-0.04294436,-0.027796667,2624.471627439836,2315.7736035674475,89.1947632657493,0.3086980238723875,2123.440183506112,3614.720957066461,2005.106625042527,2750.574116570768,66.83934926763003,99.603167692263,0.0095493081246559,1.148761320711249,12,0.244629
2024-12-11,289.9479,288.37415,293.89722,292.4086,289.20068,296.66626,-1.9650993,-3.617877,-0.3653288,2.4834902,0.5084381,3.90689,-4280153.0,-1511021.5,8085828.0,93147.164,-0.041076325,-0.055822212,-0.035905637,2241.574479338469,1913.1057738586485,86.39949338032483,0.3284687054798201,1820.503837881624,2892.626888843671,1726.6814652716157,2443.6021893201923,61.5303875256792,99.59770618728668,0.0081344235462966,1.1054739864779828,12,0.0688077
2024-12-12,289.0451,287.41443,292.80005,292.41345,288.11316,298.32007,-2.0166328,-3.5005999,-0.21702003,1.5016232,-0.8450775,3.3777447,-4760972.5,-1731134.5,10644303.0,93292.49,-0.045690715,-0.060747284,-0.040346835,2262.5010791130467,1805.670399840069,82.20578110273937,0.4568306792729781,1697.953189453611,3193.938093708676,1623.0989474876103,2283.3630475000723,51.21642721760688,99.15440301210738,0.0150920628644973,1.5581171145689514,12,0.006997809
2024-12-13,290.52368,288.37195,294.54834,293.33246,289.3064,298.93054,-1.4375148,-3.5557556,0.7710724,0.7191408,-1.7275352,2.220746,-3585668.0,-1093719.2,7788814.0,93107.914,-0.0344114,-0.04765126,-0.030380912,2393.372177314481,1985.5889211636493,84.8931167642692,0.407783256150832,1832.8210018489144,3311.905569647035,1726.4378264510906,2543.288091589033,55.74919921442783,99.467031349159,0.0098419722356027,1.456576191097721,12,0.011786502
2024-12-14,292.4423,290.22473,295.86328,294.5853,291.65552,299.34473,0.8244166,-2.4769669,3.4354448,-2.113154,-4.946203,1.8064632,-2883226.8,-397420.66,5033671.0,92741.54,-0.027670123,-0.040994216,-0.022363469,2565.82083917673,2236.253471238995,88.03568516294797,0.3295673679377344,2126.104045787514,3394.0956021971915,1942.940825310681,2755.5278034630683,72.57894979979164,99.0161108636046,0.0212215107731085,0.8803799261157237,12,0.07937229
2024-12-15,291.1187,289.01978,295.0205,295.52176,291.56567,303.03455,3.295839,-0.8772545,5.806061,-3.668622,-6.115739,0.5787077,-6231780.0,187427.61,8427163.0,92566.29,-0.05980595,-0.082326755,-0.046906844,2737.154305990884,2058.091356437317,77.37514581996852,0.6790629495535668,2114.172069098892,4208.626281154633,1799.5940136756117,2617.7887235068483,48.94682282548004,94.21359136551588,0.1234271977763896,2.027061962711989,12,0.34253946
2024-12-16,289.79602,285.71094,294.77686,296.18564,291.99817,303.66113,3.5144184,-1.8398561,7.5350847,-2.633363,-4.4832134,2.3148823,-6258193.5,-618277.1,11518017.0,92869.93,-0.060059436,-0.082905054,-0.04941243,2847.6605660699806,1901.6368363394115,69.5094075216143,0.9460237297305696,2172.1553782581386,4362.681859855827,1452.6431465361295,2579.108865055802,40.4847268476587,95.67485992745534,0.0949193822450693,2.4276443596861563,12,0.020229297
2024-12-17,289.94327,286.09814,294.41016,293.19412,287.83936,299.10864,-0.4593873,-2.3373852,2.0173175,1.6188167,-0.6389923,4.6623907,-4609184.0,-1747613.5,10471741.0,93310.85,-0.04423401,-0.056156922,-0.036225982,2367.446563913674,1914.5578134425152,83.00869438124631,0.4528887504711587,1668.2667214205826,3347.031722819122,1489.9374880825185,2521.839473341258,45.01401975691866,99.6930462339416,0.0055193558125024,1.8308802840618177,12,0.013765064
2024-12-18,289.67627,287.58044,293.22302,293.16214,288.68164,299.15186,-1.6613139,-3.77697,0.25668335,1.2597636,-0.43512368,3.518589,-4922999.5,-1890275.4,10919099.0,93457.15,-0.047245678,-0.061544303,-0.041017987,2369.503087470676,1879.937915188217,82.01451217208593,0.4895651722824588,1761.0770286179709,3355.6033960779578,1640.615928051424,2344.010690306616,49.081896880559526,99.69227477935964,0.0054192781719611,1.708609597494421,12,0.0069616972
2024-12-19,290.39676,287.45764,295.3827,294.87698,289.21997,301.6667,-0.65391797,-3.7081757,3.2260418,0.12360758,-1.9727917,2.1406279,-5017662.0,-1392299.9,11016348.0,93301.555,-0.048154145,-0.064246945,-0.03909398,2671.023143648002,1972.7257645574985,78.48337433588738,0.6982973790905032,1822.745638394017,3888.7136848887135,1627.6425979040655,2676.2246803174044,44.284008152283086,99.336820930094,0.0125651838759886,2.133275696480218,12,0.0022795526
2024-12-20,292.76712,289.1277,297.115,296.5951,292.9414,304.16492,0.9451666,-2.5828705,4.0192566,-2.0329213,-5.459321,1.6848751,-4593237.5,-1130126.5,9450693.0,92930.07,-0.044080973,-0.06224096,-0.03856806,2921.044747875439,2286.682392812942,80.35295003796712,0.6343623550624969,2303.4764424506056,4490.089227616007,1812.0409788455383,2971.8139811533456,53.997238431050256,98.71611876776608,0.0311958645816453,1.9925173516755803,12,0.100387685
2024-12-21,293.62482,292.26086,297.0254,295.6919,293.1593,300.4939,0.39466906,-1.9573298,2.74165,-0.8892978,-3.5330048,3.2758486,-4366317.5,-791422.44,7677038.5,93011.375,-0.041903235,-0.056384865,-0.03569504,2742.6117365674727,2405.622041557916,88.50397076154343,0.3369896950095568,2334.784732957119,3631.544238398028,2208.051450638908,2955.8525172555046,66.62057759567129,97.4693466574767,0.0604372932346459,1.1543033214912808,12,0.39849478
2024-12-22,293.06625,291.45142,297.54407,295.33685,291.67017,300.11273,0.041223224,-1.3779297,2.083847,0.22917807,-2.0827322,2.5578804,-3785962.2,-980585.56,7303218.0,93151.086,-0.03633361,-0.04792847,-0.031103404,2688.077532265534,2324.79938391992,87.568896409371,0.3632781483456146,2128.0550715424574,3551.2259804626237,2099.082656267259,3049.301028075252,66.58518583793486,99.228401913718,0.017297650861039,1.1590412239123788,12,0.19021444
2024-12-23,292.5455,290.6234,295.7754,293.57593,291.30383,296.9646,0.102437936,-3.7493134,2.5649567,2.0184634,-0.65682656,5.760995,-2917414.2,-752599.5,4089689.0,93223.29,-0.027998216,-0.047655143,-0.0229872,2399.0186359228687,2249.994192054675,93.90834777694116,0.1490244438681941,2079.7321600291325,2945.065854526468,1992.529412134965,2740.8728926419885,79.66037676829396,99.4999967732823,0.0115159745552887,0.5415979534313414,12,0.4053664
2024-12-24,290.95822,289.42065,293.84406,293.44397,290.3567,298.667,-2.6336768,-5.423538,-0.7362671,1.8240094,0.27774048,3.4647827,-4262965.5,-1334892.4,7222890.5,93291.914,-0.040911376,-0.058557875,-0.033733815,2397.632405120676,2037.535194224277,86.53122690043426,0.3600972108963997,1959.232529275944,3260.518083973921,1846.216094413636,2435.616635295732,60.36107600158665,99.50427995439428,0.0104176887386011,1.2924342852609456,12,0.10982381
2024-12-25,292.02936,289.70264,296.21936,295.20566,290.4397,300.9021,-0.6829582,-3.7888641,2.247635,-0.31652787,-3.5541887,2.0618691,-4272760.5,-1136170.1,9087201.0,93013.75,-0.04100538,-0.05320916,-0.031709865,2700.0699384231725,2184.073593153875,83.33290157793326,0.5159963452692974,1969.542158696066,3719.3158179365114,1879.643372119538,2815.6052241676302,59.6005434583541,98.0951278850996,0.0377951803673611,1.467491450565101,12,0.028042346
2024-12-26,293.63205,292.29077,296.6388,294.86575,292.9431,298.48492,0.5341119,-1.1387634,2.6528168,-1.1830345,-3.43571,1.4012756,-2224199.2,-206795.7,3279744.2,92836.02,-0.021345483,-0.03991801,-0.014578424,2597.747943886443,2406.3991669669385,92.78278279026432,0.1913487769195043,2303.7205574244754,3225.426674753873,2212.17095429068,2887.8405955870653,82.28707891973785,98.82375748182348,0.0289815765986509,0.5228304696549904,12,0.41301522
2024-12-27,293.43948,292.2218,296.13086,294.6155,293.05322,298.4442,0.8971689,-1.3609467,2.4641998,-0.9877071,-3.5823383,2.1585093,-1936837.4,-89840.38,2332730.0,92977.1,-0.01858769,-0.0283533,-0.013268664,2558.2951275603364,2377.5151735647128,93.14426617573918,0.1807799539956238,2319.496452537589,3217.6255677321515,2202.6810145422432,2800.5672786437613,82.64734491320563,99.51407777035637,0.0114323793541339,0.5142835044447479,12,0.27253553
2024-12-28,293.2966,291.6101,297.76868,295.61765,292.6106,300.39435,-0.03039045,-2.4546947,1.6311646,-0.053944487,-2.786892,3.329669,-3966138.2,-1159392.4,8330326.0,93151.81,-0.038062748,-0.04691272,-0.025912505,2735.4932706410104,2358.955931830039,87.33610839456993,0.3765373388109712,2256.6479577095542,3610.415960986542,2120.065841487244,3090.563855675782,63.61535022629365,98.20563531968372,0.043874160617182,1.285404565753146,12,0.07988136
2024-12-29,292.67133,290.6836,297.12195,294.5418,290.83215,299.8806,-1.4069725,-3.4324036,-0.040985107,1.4001178,-0.23292094,4.0164948,-4117781.8,-1647829.6,9255068.0,93111.54,-0.03951806,-0.051915664,-0.032535188,2562.902142925362,2269.3915806369937,89.69585830022167,0.2935105622883687,2018.9335226523067,3503.079120654835,2000.1105255777732,2973.0566463245004,63.41410194529294,99.82245297809447,0.0038485481858388,1.268487201788481,12,0.050614756
2024-12-30,291.982,290.71985,295.71997,293.92358,291.1914,299.0904,-1.2739735,-3.3368835,0.20174217,1.1497608,-0.8327067,2.8765717,-3915729.0,-1456355.0,8599083.0,93084.1,-0.03757897,-0.051641937,-0.032076184,2462.439677934168,2172.54888606749,89.08993275603946,0.2898907918666774,2065.096494099901,3343.417518828175,2004.689865170072,2731.667294954408,68.70607230462102,99.41903427818252,0.0122895692872339,0.9891205188130148,12,0.083174944
2024-12-31,291.79822,289.20532,296.13892,294.29263,289.63892,299.54926,-1.1703104,-3.6877136,0.7311859,0.48768708,-1.4815865,2.795131,-4234048.0,-1557281.0,9879627.0,93177.26,-0.040633854,-0.05425889,-0.03500118,2531.49808358123,2150.2293337120623,86.41611070686359,0.3812687498691681,1872.043516968452,3435.335604971016,1821.0427836193771,2801.9333338335364,60.94904813507734,99.62512152483288,0.0075505759335339,1.3233914806426332,12,0.034892928
